dance_id,video_id,person_id,y_true,pred::Baseline global-mean,pred::Baseline dance-mean,pred::Baseline khop_dong_tac (oracle),pred::(a) DTW-only,pred::(a+) DTW-only extended,pred::(b) LSTM-only,"pred::(c-) DTW+LSTM, no-dtw encoder",pred::(c) DTW+LSTM,pred::Geometry-only (no DL),pred::(a) DTW-only +dance,pred::(a+) DTW-only extended +dance,pred::(b) LSTM-only +dance,pred::(c) DTW+LSTM +dance
dance_001,D01_P001_T01,P001,75.9,76.954094,77.50667,75.59732,75.22246,77.64419,74.56103,73.61501,74.64611,79.09614,73.94845,77.334694,73.644714,73.34363
dance_001,D01_P002_T01,P002,77.9,76.954094,77.50667,78.26849,77.909195,77.93206,78.00276,78.03014,77.83774,78.146355,77.431946,77.96151,78.07687,77.86242
dance_001,D01_P016_T01,P016,74.7,76.954094,77.50667,74.45895,77.82714,76.36489,74.09182,74.27736,76.34655,81.75963,76.75182,75.933426,73.5024,75.49951
dance_001,D01_P018_T01,P018,77.0,76.954094,77.50667,76.3739,77.38909,77.410385,77.798935,74.770676,74.64855,77.32414,76.23775,77.5885,74.25436,75.582306
dance_002,D02_P002_T01,P002,75.9,76.954094,75.65625,71.20446,72.78727,75.15946,73.348274,73.67049,74.346054,73.48468,72.95553,74.79886,72.7186,74.685265
dance_002,D02_P016_T01,P016,75.2,76.954094,75.65625,74.186676,73.43717,73.21476,78.56514,76.02307,78.112686,76.009186,74.10774,74.151634,78.429115,77.23405
dance_002,D02_P018_T01,P018,75.1,76.954094,75.65625,72.10352,75.77744,76.62857,76.12749,75.85038,75.25887,76.47627,75.41811,76.66717,76.8178,76.80476
dance_003,D03_P002_T01,P002,73.2,76.954094,77.27333,72.46556,69.746254,71.202484,74.921036,75.16135,73.41381,74.31229,70.31328,70.82769,73.62552,74.86783
dance_003,D03_P016_T01,P016,75.2,76.954094,77.27333,77.601166,77.26989,76.28542,78.18264,77.545616,73.82082,78.63966,77.04098,76.05314,78.50344,74.902954
dance_003,D03_P018_T01,P018,77.9,76.954094,77.27333,79.965614,77.90722,78.36382,78.24922,79.3826,74.96696,74.97694,78.68439,77.79873,78.390564,74.84429
dance_004,D04_P002_T01,P002,74.4,76.954094,72.69334,76.5001,75.8092,76.294304,74.261925,74.05918,73.85414,69.413055,70.58093,74.164856,71.727356,75.376564
dance_004,D04_P016_T01,P016,74.0,76.954094,72.69334,76.394066,76.14256,74.97857,72.58666,73.1636,73.971466,74.938034,75.46954,75.69482,71.40116,73.43466
dance_004,D04_P018_T01,P018,70.9,76.954094,72.69334,75.59732,77.65097,75.69001,76.1346,74.517334,73.61143,76.12561,76.34577,76.32137,74.226524,73.88152
dance_005,D05_P002_T01,P002,77.6,76.954094,78.9375,76.82872,78.36185,78.662094,80.11009,80.2819,78.661064,77.44531,77.85791,78.564545,78.23974,78.54388
dance_005,D05_P016_T01,P016,78.9,76.954094,78.9375,78.26849,76.10608,75.20381,80.343,78.76536,78.6063,75.953064,76.462616,75.18862,77.985634,78.170654
dance_005,D05_P018_T01,P018,78.9,76.954094,78.9375,77.569534,78.39291,79.355194,77.84026,81.225075,80.04237,79.64331,79.414185,79.784706,79.73052,79.31877
dance_006,D06_P016_T01,P016,77.9,76.954094,78.9,78.01491,76.954155,77.54811,75.07224,75.94675,77.46633,77.874596,76.68849,77.481606,75.8795,77.9609
dance_006,D06_P018_T01,P018,80.5,76.954094,78.9,80.07979,78.993805,79.547134,81.08213,79.18466,78.01351,76.34577,79.23089,79.53886,79.14321,78.390335
dance_007,D07_P002_T01,P002,76.4,76.954094,74.14667,73.51687,77.17672,75.8802,75.61837,72.42325,74.46515,74.76753,74.38884,75.58336,72.62988,75.695526
dance_007,D07_P016_T01,P016,66.9,76.954094,74.14667,76.394066,78.37007,76.14959,71.84386,72.88162,72.60279,74.24919,75.61995,76.08578,73.81299,74.46564
dance_007,D07_P018_T01,P018,75.0,76.954094,74.14667,80.07979,77.97173,75.53727,73.81735,73.843925,74.64508,76.64349,75.03863,74.303604,75.29779,76.123566
dance_008,D08_P002_T01,P002,80.1,76.954094,80.1,76.3739,75.799446,75.50015,75.95584,76.99882,76.070595,76.69998,77.851,75.14659,77.89322,77.81652
dance_008,D08_P016_T01,P016,78.0,76.954094,80.1,75.688805,75.07671,77.12497,81.5763,78.07031,79.11718,78.383995,76.96317,76.746895,83.01481,79.57228
dance_008,D08_P018_T01,P018,80.8,76.954094,80.1,78.26849,77.91778,79.04359,79.89651,77.00744,80.210464,77.17934,78.75314,79.38069,79.56257,80.49732
dance_009,D09_P002_T01,P002,65.4,76.954094,73.02143,69.069954,69.013596,69.26095,74.67225,75.67773,72.37556,72.586205,68.44591,69.331505,72.5583,71.920334
dance_009,D09_P016_T01,P016,74.2,76.954094,73.02143,71.20446,78.182884,76.347084,72.257355,73.519264,73.710686,77.351776,77.31165,77.029526,73.555786,74.855644
dance_009,D09_P018_T01,P018,69.6,76.954094,73.02143,72.46556,76.06239,73.000984,75.954094,75.83898,73.19986,73.94134,74.024445,72.451416,75.364265,70.6293
dance_010,D10_P002_T01,P002,74.4,76.954094,78.89333,71.14351,72.63066,76.48296,73.88391,74.71798,76.26641,77.656906,77.65383,77.85224,76.870224,77.67464
dance_010,D10_P016_T01,P016,78.9,76.954094,78.89333,77.297386,76.08159,79.83787,78.26059,80.01175,80.3097,79.90967,77.87025,79.14239,79.919075,79.05026
dance_010,D10_P018_T01,P018,81.5,76.954094,78.89333,78.46864,80.12117,80.64765,80.62968,79.584816,76.771935,77.08097,79.96195,81.125,78.1081,78.40761
dance_011,D11_P016_T01,P016,75.2,76.954094,78.9375,76.394066,77.38249,75.77216,78.04973,78.050705,76.985374,81.16363,75.65267,74.56123,80.291664,75.95136
dance_011,D11_P018_T01,P018,79.5,76.954094,78.9375,79.36611,78.041794,79.53361,80.72965,77.0079,77.49516,76.90657,80.41445,79.77828,78.12041,78.42736
dance_012,D12_P016_T01,P016,79.0,76.954094,76.73333,77.41923,74.73766,73.919685,78.160774,78.62765,75.38667,79.26137,74.24947,73.74319,77.47959,76.244446
dance_012,D12_P018_T01,P018,80.2,76.954094,76.73333,76.97215,76.21063,77.34674,79.14892,78.23501,77.14035,75.90024,75.57964,76.12626,78.44991,77.44014
