setup,target,folds,MAE_mean,MAE_std,RMSE_mean,RMSE_std,R2_mean,Pearson_mean
(c) DTW+LSTM,khop_nhip,5,2.3058993816375732,0.2183127152301492,3.2749877548890196,0.7024282717355713,0.3177568316459656,0.5803616593885186
(c) DTW+LSTM +dance,khop_nhip,5,2.400895881652832,0.2532082929316971,3.3237227866231946,0.6098895885953148,0.2964163064956665,0.5814334200599561
(b) LSTM-only +dance,khop_nhip,5,2.4744887351989746,0.27668871713753673,3.5147707372421237,0.6285136397401023,0.21478487253189088,0.5097964595780582
"(c-) DTW+LSTM, no-dtw encoder",khop_nhip,5,2.5171751976013184,0.21948436302967253,3.5254625811972473,0.7068011688724758,0.20311307907104492,0.49718672717238066
Baseline dance-mean,khop_nhip,5,2.5297127246856688,0.3332263808277074,3.400216430263639,0.6870061137565175,0.2699109673500061,0.5556128240578291
(a) DTW-only +dance,khop_nhip,5,2.5450302362442017,0.46409379805242384,3.594755336321488,0.971631585585593,0.16118788719177246,0.4981033422190694
(b) LSTM-only,khop_nhip,5,2.6181138515472413,0.11421436814875437,3.6882727531535044,0.42903813021795195,0.12408150434494018,0.4470830654962074
(a+) DTW-only extended +dance,khop_nhip,5,2.681174564361572,0.3600811786022935,3.7896379854635525,0.8102688641722443,0.06524672508239746,0.4477554215390769
Baseline khop_dong_tac (oracle),khop_nhip,5,2.6911040782928466,0.25822600063352275,3.557733879751349,0.6216683361261619,0.16182659864425658,0.5188079279482984
(a+) DTW-only extended,khop_nhip,5,2.8905009746551515,0.198949502834446,4.10750205471805,0.8138822881915552,-0.09771791696548462,0.30663807710133223
Baseline global-mean,khop_nhip,5,3.0712931632995604,0.41946622929526967,4.0338528612864835,0.6301953348122843,-0.02202315330505371,nan
Geometry-only (no DL),khop_nhip,5,3.1466320991516112,0.17600548879755576,4.102742338423878,0.5064563115849267,-0.07245374917984009,0.2345307818439893
(a) DTW-only,khop_nhip,5,3.1979111194610597,0.5026490967782654,4.411337063316414,1.1193148202803769,-0.26587002277374266,0.15171570010577434
