dance_id,video_id,person_id,y_true,pred::Baseline global-mean,pred::Baseline dance-mean,pred::Baseline khop_dong_tac (oracle),pred::(a) DTW-only,pred::(a+) DTW-only extended,pred::(b) LSTM-only,"pred::(c-) DTW+LSTM, no-dtw encoder",pred::(c) DTW+LSTM,pred::Geometry-only (no DL)
dance_001,D01_P001_T01,P001,75.9,76.95411,77.42667,77.072685,74.58172,75.49187,77.666664,77.88913,77.468895,74.52074
dance_001,D01_P002_T01,P002,77.9,76.95411,77.42667,78.69649,76.09057,76.32272,76.415,76.385185,76.37138,76.37775
dance_001,D01_P016_T01,P016,74.7,76.95411,77.42667,75.13232,77.40433,76.47709,76.12638,83.07255,77.3077,76.37514
dance_001,D01_P018_T01,P018,77.0,76.95411,77.42667,77.77416,76.86715,75.99269,78.062584,75.86065,76.5345,75.27894
dance_002,D02_P002_T01,P002,75.9,76.95411,75.95625,76.28134,76.68651,78.52124,76.31487,75.88065,75.55174,79.641624
dance_002,D02_P016_T01,P016,75.2,76.95411,75.95625,79.95257,75.10454,75.73779,76.41941,74.60985,74.321144,74.89305
dance_002,D02_P018_T01,P018,75.1,76.95411,75.95625,75.095726,72.65302,76.19105,77.9768,74.54871,74.88726,77.1559
dance_003,D03_P002_T01,P002,73.2,76.95411,78.89333,78.428474,74.52349,77.02882,76.68709,71.58032,74.94563,77.69682
dance_003,D03_P016_T01,P016,75.2,76.95411,78.89333,79.25142,77.16485,76.1882,74.92142,75.774254,80.70207,75.46316
dance_003,D03_P018_T01,P018,77.9,76.95411,78.89333,77.38543,77.85028,79.83314,77.379555,76.97457,76.649734,76.85042
dance_004,D04_P002_T01,P002,74.4,76.95411,77.90667,77.306206,72.674675,79.37193,77.91333,79.81891,79.90724,77.8264
dance_004,D04_P016_T01,P016,74.0,76.95411,77.90667,74.393265,79.90772,80.26014,74.97991,77.66903,77.20301,76.86517
dance_004,D04_P018_T01,P018,70.9,76.95411,77.90667,77.072685,76.169716,76.60994,77.10168,77.32336,77.689354,78.130875
dance_005,D05_P002_T01,P002,77.6,76.95411,76.575,77.7685,80.18704,79.60857,75.45237,75.98326,77.544075,74.97904
dance_005,D05_P016_T01,P016,78.9,76.95411,76.575,78.69649,77.974,79.60246,78.82307,80.05324,75.02153,74.99462
dance_005,D05_P018_T01,P018,78.9,76.95411,76.575,77.41045,76.8508,77.65665,76.341934,71.44366,77.09001,77.480675
dance_006,D06_P016_T01,P016,77.9,76.95411,74.59333,77.55745,75.898155,76.722595,77.64711,77.16732,73.765045,75.3193
dance_006,D06_P018_T01,P018,80.5,76.95411,74.59333,79.04005,77.92897,78.36465,76.93336,73.36703,77.7032,76.85484
dance_007,D07_P002_T01,P002,76.4,76.95411,77.71333,74.03118,77.33847,76.34366,77.60282,76.940994,78.074356,77.89595
dance_007,D07_P016_T01,P016,66.9,76.95411,77.71333,74.393265,77.42436,77.59348,73.74288,76.2199,76.33949,76.17303
dance_007,D07_P018_T01,P018,75.0,76.95411,77.71333,79.04005,74.77124,75.93898,77.74658,80.09364,77.114975,76.96415
dance_008,D08_P002_T01,P002,80.1,76.95411,77.30625,77.77416,79.852776,79.49502,77.071625,78.00988,76.52018,72.22188
dance_008,D08_P016_T01,P016,78.0,76.95411,77.30625,78.33021,77.3189,74.92416,77.63268,78.604744,76.36391,75.69168
dance_008,D08_P018_T01,P018,80.8,76.95411,77.30625,78.69649,77.32919,78.29632,79.21595,76.77617,77.75046,77.49862
dance_009,D09_P002_T01,P002,65.4,76.95411,77.3,75.93591,77.52026,78.57108,76.52896,74.65389,77.80894,74.56693
dance_009,D09_P016_T01,P016,74.2,76.95411,77.3,76.28134,76.086296,77.009575,77.74707,79.41788,79.05234,79.626976
dance_009,D09_P018_T01,P018,69.6,76.95411,77.3,78.428474,73.56995,74.4471,78.45682,78.36664,76.95781,75.101814
dance_010,D10_P002_T01,P002,74.4,76.95411,75.66,75.095726,75.84711,75.95336,74.287636,73.21824,75.63255,75.905334
dance_010,D10_P016_T01,P016,78.9,76.95411,75.66,79.543076,77.175476,75.619194,73.85869,74.542274,76.04982,75.377205
dance_010,D10_P018_T01,P018,81.5,76.95411,75.66,80.14027,74.85152,73.95063,74.55977,76.96721,77.21908,78.139305
dance_011,D11_P016_T01,P016,75.2,76.95411,76.65625,74.393265,74.479065,72.97052,74.77941,74.41159,76.02486,76.97377
dance_011,D11_P018_T01,P018,79.5,76.95411,76.65625,75.36317,76.94003,75.812904,76.59557,73.79611,75.98567,77.34803
dance_012,D12_P016_T01,P016,79.0,76.95411,77.57333,73.288506,75.29379,78.22909,78.44106,77.31925,74.90129,75.82261
dance_012,D12_P018_T01,P018,80.2,76.95411,77.57333,75.81644,75.65292,77.80715,77.53289,78.25825,75.911446,77.91253
