setup,target,split,n_train,n_val,n_features,MAE,RMSE,R2,Pearson
Baseline global-mean,khop_nhip,official,183,34,0,2.850241184234619,3.7867884153171762,-0.058382630348205566,nan
Baseline dance-mean,khop_nhip,official,183,34,0,1.9022607803344727,2.6498916819765475,0.48172903060913086,0.725844392229749
Baseline khop_dong_tac (oracle),khop_nhip,official,183,34,1,2.2790768146514893,2.9492190733650485,0.3580300807952881,0.6167230564258924
(a) DTW-only,khop_nhip,official,183,34,4,2.627850294113159,3.45045927556627,0.1212720274925232,0.4228353994009185
(a+) DTW-only extended,khop_nhip,official,183,34,8,1.9174481630325317,2.679675755600175,0.4700130820274353,0.6943268353267853
(b) LSTM-only,khop_nhip,official,183,34,32,2.092689037322998,2.875713425727463,0.38963186740875244,0.6613345060515484
"(c-) DTW+LSTM, no-dtw encoder",khop_nhip,official,183,34,32,2.18133544921875,2.997578438312407,0.33680427074432373,0.5907017815660832
(c) DTW+LSTM,khop_nhip,official,183,34,32,1.9538114070892334,2.5515805638007345,0.5194714069366455,0.7308425795556703
Geometry-only (no DL),khop_nhip,official,183,34,32,2.8408870697021484,3.5413861930341475,0.07434916496276855,0.40892972646139075
(a) DTW-only +dance,khop_nhip,official,183,34,16,2.1990933418273926,2.8428630074346755,0.40349721908569336,0.6404621403722175
(a+) DTW-only extended +dance,khop_nhip,official,183,34,20,1.9678629636764526,2.797297099564582,0.42246562242507935,0.653811686614083
(b) LSTM-only +dance,khop_nhip,official,183,34,32,2.432729721069336,3.0298414595518905,0.32245147228240967,0.6018788037014493
(c) DTW+LSTM +dance,khop_nhip,official,183,34,32,1.7407466173171997,2.389564228951519,0.5785577893257141,0.7847222880386019
