quantity,target,granularity,split,n,pearson_r,pearson_p,spearman_rho,spearman_p,fdr_q,in_sample,note
dtw_distance_total,khop_nhip,video,all,217,-0.4418970297601222,8.694113685160979e-12,-0.3764180553604946,1.0348608383423444e-08,,False,DTW tổng — 'dtw score' của spec
dtw_distance_total,khop_nhip,video,train,183,-0.44125784603055207,4.048054819151726e-10,-0.36623128924734105,3.4217942200058533e-07,,False,DTW tổng — 'dtw score' của spec
dtw_distance_total,khop_nhip,video,val,34,-0.3997932157153122,0.019148709500940157,-0.3944633646653712,0.020967711987884708,,False,DTW tổng — 'dtw score' của spec
dtw_seg_mean,khop_nhip,video,all,217,-0.46459065489211165,5.121424031342309e-13,-0.407418805986841,4.3807099653218665e-10,,False,
dtw_seg_mean,khop_nhip,video,train,183,-0.46527842637476696,3.2204321528955147e-11,-0.4047324269221123,1.3262813455950878e-08,,False,
dtw_seg_mean,khop_nhip,video,val,34,-0.4253665318665926,0.012144453702309519,-0.33251778006301547,0.054675201972810936,,False,
dtw_seg_std,khop_nhip,video,all,217,-0.236392896641212,0.0004446120656195585,-0.22470229621923277,0.0008570287863842843,,False,
dtw_seg_std,khop_nhip,video,train,183,-0.23977164634487308,0.0010786472200120672,-0.22040655351061803,0.002716395542441126,,False,
dtw_seg_std,khop_nhip,video,val,34,-0.23195821301501895,0.18682341793272983,-0.24961776313838144,0.1545279213330412,,False,
dtw_seg_max,khop_nhip,video,all,217,-0.38066551655887404,6.839824535610506e-09,-0.31420808154723445,2.3356023204893446e-06,,False,
dtw_seg_max,khop_nhip,video,train,183,-0.3808816359293107,1.0432106878535651e-07,-0.311970740294234,1.7146806529195502e-05,,False,
dtw_seg_max,khop_nhip,video,val,34,-0.3613952535984188,0.03572687457603874,-0.30666888179684726,0.07772016654164793,,False,
dtw_seg_min,khop_nhip,video,all,217,-0.4848480906039935,3.405550936949932e-14,-0.41868454571057334,1.2775423820059727e-10,,False,
dtw_seg_min,khop_nhip,video,train,183,-0.5031977213502518,3.877872742212274e-13,-0.438197798694151,5.511158805618697e-10,,False,
dtw_seg_min,khop_nhip,video,val,34,-0.35564679215827194,0.038996293657318715,-0.22575724166191852,0.19921526940888454,,False,
flag_ratio,khop_nhip,video,all,217,-0.07757683338118006,0.2551649747072774,-0.05695202416388148,0.4038371041685076,,False,validate flag_suspicious_segments (Tuần 3)
flag_ratio,khop_nhip,video,train,183,-0.06386282084717007,0.3904080162638979,-0.03094291447909651,0.6775421964048649,,False,validate flag_suspicious_segments (Tuần 3)
flag_ratio,khop_nhip,video,val,34,-0.23660408842680367,0.17790167883475946,-0.3332861180465698,0.054084329171333344,,False,validate flag_suspicious_segments (Tuần 3)
temporal_pred_score,khop_nhip,video,all,217,0.6849581032949786,2.1391368142168514e-31,0.7514889669070691,1.056136861489774e-40,,True,prediction của Temporal DL (đã de-normalize)
temporal_pred_score,khop_nhip,video,train,183,0.6786301174899371,4.7921151417215025e-26,0.7417429575003402,3.163060974466431e-33,,True,prediction của Temporal DL (đã de-normalize)
temporal_pred_score,khop_nhip,video,val,34,0.7108374647182684,2.4663732473809025e-06,0.8155403879006434,4.2346734300857795e-09,,False,prediction của Temporal DL (đã de-normalize)
temporal_emb_pc1,khop_nhip,video,all,217,-0.6754876519384455,2.8561722470979806e-30,-0.7255984366245467,9.339358546919969e-37,,True,PC1 của embedding mean⊕std (PCA fit trên train)
temporal_emb_pc1,khop_nhip,video,train,183,-0.6604581512241083,2.6675497311399843e-24,-0.7083686466322398,3.4359469486021733e-29,,True,PC1 của embedding mean⊕std (PCA fit trên train)
temporal_emb_pc1,khop_nhip,video,val,34,-0.7594894935134787,1.9091677354522257e-07,-0.8340475872509767,8.987913285345822e-10,,False,PC1 của embedding mean⊕std (PCA fit trên train)
temporal_emb_pc1_nodtw,khop_nhip,video,all,217,-0.6709913580594601,9.45367018218299e-30,-0.7536893801026918,4.63301858103849e-41,,True,PC1 embedding encoder 16-ch
temporal_emb_pc1_nodtw,khop_nhip,video,train,183,-0.6527469267737313,1.35133436563336e-23,-0.7464869368506687,7.5094359763646535e-34,,True,PC1 embedding encoder 16-ch
temporal_emb_pc1_nodtw,khop_nhip,video,val,34,-0.7986865264254669,1.5061302893957655e-08,-0.8036101271624118,1.0528246488411968e-08,,False,PC1 embedding encoder 16-ch
temporal_emb_l2norm,khop_nhip,video,all,217,-0.6822323978988691,4.555565569727055e-31,-0.7665430347666332,3.143216832464396e-43,,True,phát hiện encoder suy biến
temporal_emb_l2norm,khop_nhip,video,train,183,-0.6761537001572113,8.428651355231614e-26,-0.7567768189956846,2.965383229096558e-35,,True,phát hiện encoder suy biến
temporal_emb_l2norm,khop_nhip,video,val,34,-0.7107231456433586,2.4797260784737893e-06,-0.8222702785734919,2.4603387674602233e-09,,False,phát hiện encoder suy biến
khop_dong_tac,khop_nhip,video,all,217,0.6829651706095922,3.720774035763461e-31,0.641881370295808,1.355451620000104e-26,,False,sub-score khác — bối cảnh cho caveat nguồn gốc nhãn
khop_dong_tac,khop_nhip,video,train,183,0.678184398118765,5.306917855373324e-26,0.6301304756423677,1.2135442977839952e-21,,False,sub-score khác — bối cảnh cho caveat nguồn gốc nhãn
khop_dong_tac,khop_nhip,video,val,34,0.6983009398748131,4.393223767602917e-06,0.7056305614302095,3.14594409036479e-06,,False,sub-score khác — bối cảnh cho caveat nguồn gốc nhãn
nang_luong,khop_nhip,video,all,217,0.2771479190324227,3.4660731379319375e-05,0.28800355939232547,1.6346037960952313e-05,,False,sub-score khác
nang_luong,khop_nhip,video,train,183,0.2615555672354971,0.0003482555535918505,0.27246289437323723,0.00019041885034609617,,False,sub-score khác
nang_luong,khop_nhip,video,val,34,0.3291396798719075,0.05733411421891334,0.34123604752556924,0.04826374546758721,,False,sub-score khác
tong_diem,khop_nhip,video,all,217,0.7633195307547519,1.1327451253392227e-42,0.7422379556135831,3.0771472839779034e-39,,False,tổng 0-300
tong_diem,khop_nhip,video,train,183,0.7621045260103132,5.219212382113336e-36,0.7313379135427939,6.653907662835768e-32,,False,tổng 0-300
tong_diem,khop_nhip,video,val,34,0.7604894083461415,1.80021465267006e-07,0.7851734704942729,3.8341523282524257e-08,,False,tổng 0-300
dtw_distance_total (bỏ self-compare),khop_nhip,video,all,216,-0.33493893651611273,4.64661569852614e-07,-0.36771611405488575,2.557684957694863e-08,,False,"bỏ video reference tự so chính nó (dtw=0, điểm tuyệt đối)"
dtw_distance_total (bỏ self-compare),khop_nhip,video,train,182,-0.31668939999504553,1.3271804596981093e-05,-0.3557258996548962,8.303490271463648e-07,,False,"bỏ video reference tự so chính nó (dtw=0, điểm tuyệt đối)"
dtw_distance_total (bỏ self-compare),khop_nhip,video,val,34,-0.3997932157153122,0.019148709500940157,-0.3944633646653712,0.020967711987884708,,False,"bỏ video reference tự so chính nó (dtw=0, điểm tuyệt đối)"
temporal_emb_dim_000,khop_nhip,video,val,34,0.05096038594953239,0.7747104543641083,-0.16014080760164545,0.3656220294808647,0.790668,False,
temporal_emb_dim_001,khop_nhip,video,val,34,-0.5985124235790408,0.0001847316508136481,-0.7098505139247724,2.583846152941331e-06,0.000765317,False,
temporal_emb_dim_002,khop_nhip,video,val,34,-0.6861990645601472,7.4670841943890466e-06,-0.8000922297652411,1.3611373624988275e-08,5.41364e-05,False,
temporal_emb_dim_003,khop_nhip,video,val,34,-0.6408278493664012,4.449272370220026e-05,-0.7951977638213513,1.9297404341054832e-08,0.000215048,False,
temporal_emb_dim_004,khop_nhip,video,val,34,0.46671344307364154,0.005394621378238408,0.540085837347927,0.0009773732735297602,0.0136038,False,
temporal_emb_dim_005,khop_nhip,video,val,34,-0.5757610216280937,0.00036682717392911136,-0.6810955265044195,9.269933691753396e-06,0.001182,False,
temporal_emb_dim_006,khop_nhip,video,val,34,0.05277185774026173,0.766919250134835,0.21113476094393338,0.2306689866274585,0.790668,False,
temporal_emb_dim_007,khop_nhip,video,val,34,-0.5814419770546492,0.0003105449559529352,-0.711685938653731,2.3693009253459445e-06,0.00105951,False,
temporal_emb_dim_008,khop_nhip,video,val,34,-0.22562331036409508,0.19948907137850458,-0.198139578214753,0.2613062326493027,0.271066,False,
temporal_emb_dim_009,khop_nhip,video,val,34,-0.660949004437844,2.0918903565929958e-05,-0.8302237857323128,1.2568528925989468e-09,0.0001103,False,
temporal_emb_dim_010,khop_nhip,video,val,34,-0.7331815491470502,8.153003108503943e-07,-0.8182935249940814,3.40026110940412e-09,1.57625e-05,False,
temporal_emb_dim_011,khop_nhip,video,val,34,-0.43821983222734573,0.009535087493688997,-0.6622824230325929,1.985907271960092e-05,0.0212706,False,
temporal_emb_dim_012,khop_nhip,video,val,34,,,,,,False,
temporal_emb_dim_013,khop_nhip,video,val,34,,,,,,False,
temporal_emb_dim_014,khop_nhip,video,val,34,-0.7051572053517554,3.2154967933998733e-06,-0.7938211952746321,2.1252259854861663e-08,3.10831e-05,False,
temporal_emb_dim_015,khop_nhip,video,val,34,0.13408847852498984,0.4496237313227497,0.15098248540345593,0.39402347033078333,0.560725,False,
temporal_emb_dim_016,khop_nhip,video,val,34,0.1255018582564396,0.4794254840262697,0.2013835362631344,0.25341919030115495,0.579306,False,
temporal_emb_dim_017,khop_nhip,video,val,34,-0.3115733323495432,0.07285085508183245,-0.2627716403625854,0.13324569821040821,0.124275,False,
temporal_emb_dim_018,khop_nhip,video,val,34,-0.663684517475281,1.8797311457529e-05,-0.7000615820369925,4.058221624640981e-06,0.000109024,False,
temporal_emb_dim_019,khop_nhip,video,val,34,-0.1326981325786185,0.45438020684323793,-0.15310501280730382,0.38733061549132597,0.560725,False,
temporal_emb_dim_020,khop_nhip,video,val,34,-0.6878829277217754,6.9462543762532675e-06,-0.7710313382233951,9.519198188786972e-08,5.41364e-05,False,
temporal_emb_dim_021,khop_nhip,video,val,34,-0.08508248230997542,0.6323482640758451,-0.11012548373752125,0.5352524297885315,0.692004,False,
temporal_emb_dim_022,khop_nhip,video,val,34,0.5230396280668835,0.0015042928021980347,0.5443563841969973,0.0008741466521250499,0.00436245,False,
temporal_emb_dim_023,khop_nhip,video,val,34,-0.33650180190503004,0.05166621412348531,-0.27852570261948073,0.11069679248709155,0.093645,False,
temporal_emb_dim_024,khop_nhip,video,val,34,0.25704928248359005,0.14222156728443816,0.2930836481361203,0.09252953092428748,0.206221,False,
temporal_emb_dim_025,khop_nhip,video,val,34,0.4877595949505792,0.0034318066835000776,0.6414809427710612,4.345289613824929e-05,0.00904749,False,
temporal_emb_dim_026,khop_nhip,video,val,34,-0.5890991040593136,0.0002468844435745549,-0.6796294853834769,9.8563817740893e-06,0.00095462,False,
temporal_emb_dim_027,khop_nhip,video,val,34,0.2889101716386915,0.09748673774438829,0.29707271933715385,0.08797373400100068,0.151547,False,
temporal_emb_dim_028,khop_nhip,video,val,34,-0.5695692870941783,0.00043834192082761037,-0.6576938612101962,2.3724541920593657e-05,0.0013381,False,
temporal_emb_dim_029,khop_nhip,video,val,34,-0.7387953915128218,6.067908397503616e-07,-0.8149285796576572,4.444121230365214e-09,1.57625e-05,False,
temporal_emb_dim_030,khop_nhip,video,val,34,-0.7160868171535271,1.919445738488834e-06,-0.7870913046017837,3.371723147301163e-08,2.22656e-05,False,
temporal_emb_dim_031,khop_nhip,video,val,34,,,,,,False,
temporal_emb_dim_032,khop_nhip,video,val,34,-0.05042069361626654,0.7770359109693968,-0.2673602021849821,0.12635543006853645,0.790668,False,
temporal_emb_dim_033,khop_nhip,video,val,34,-0.39141150887480436,0.02207226662882092,-0.3130928683482027,0.07139147123389301,0.0441445,False,
temporal_emb_dim_034,khop_nhip,video,val,34,-0.66470229309669,1.805908226151821e-05,-0.6333744835514936,5.8054329463719595e-05,0.000109024,False,
temporal_emb_dim_035,khop_nhip,video,val,34,-0.01841420302252782,0.9176734873714341,0.0026001850326914733,0.9883557304680387,0.917673,False,
temporal_emb_dim_036,khop_nhip,video,val,34,0.3117824148643284,0.07264868155434642,0.4123318219979217,0.01538154196750983,0.124275,False,
temporal_emb_dim_037,khop_nhip,video,val,34,-0.5860893957403269,0.00027036529837432986,-0.5053536087066252,0.0022995051690798906,0.000980074,False,
temporal_emb_dim_038,khop_nhip,video,val,34,0.10960700559375236,0.5371877005530182,0.24738708172502138,0.1583677979237406,0.623138,False,
temporal_emb_dim_039,khop_nhip,video,val,34,-0.3456598795699672,0.04524862691622386,-0.3007037514277316,0.08397840949423616,0.0871082,False,
temporal_emb_dim_040,khop_nhip,video,val,34,-0.22490473157483362,0.20096256516776262,-0.198139578214753,0.2613062326493027,0.271066,False,
temporal_emb_dim_041,khop_nhip,video,val,34,-0.34371082496330124,0.046557843272335475,-0.2773020861335083,0.11233786543818808,0.0871082,False,
temporal_emb_dim_042,khop_nhip,video,val,34,-0.0687229561308836,0.6993569003298552,-0.0253900420839285,0.8866588062860309,0.751161,False,
temporal_emb_dim_043,khop_nhip,video,val,34,-0.43486064189094475,0.010166204896452136,-0.5922303792106698,0.00022440293197797966,0.0218385,False,
temporal_emb_dim_044,khop_nhip,video,val,34,,,,,,False,
temporal_emb_dim_045,khop_nhip,video,val,34,,,,,,False,
temporal_emb_dim_046,khop_nhip,video,val,34,-0.6222898630581153,8.515394730732476e-05,-0.6390337097991162,4.746580057144034e-05,0.000379918,False,
temporal_emb_dim_047,khop_nhip,video,val,34,0.13408847852498984,0.4496237313227497,0.15098248540345593,0.39402347033078333,0.560725,False,
temporal_emb_dim_048,khop_nhip,video,val,34,0.1104183983560905,0.5341605785718517,0.22534679458277515,0.20005519327524415,0.623138,False,
temporal_emb_dim_049,khop_nhip,video,val,34,-0.3980887841883781,0.019715546051547253,-0.38085063125892754,0.026272755130904765,0.0408393,False,
temporal_emb_dim_050,khop_nhip,video,val,34,-0.7274440241484551,1.0944313613904381e-06,-0.697155492882808,4.62449402419558e-06,1.58693e-05,False,
temporal_emb_dim_051,khop_nhip,video,val,34,-0.10326882362996177,0.5611125457192662,-0.17497715749406148,0.3222798504122472,0.629918,False,
temporal_emb_dim_052,khop_nhip,video,val,34,-0.24790536737779567,0.1574695516721755,-0.21229746031622151,0.2280517478315389,0.222762,False,
temporal_emb_dim_053,khop_nhip,video,val,34,-0.3044882065077486,0.07996462241628455,-0.14408084122325696,0.41624169196802396,0.128832,False,
temporal_emb_dim_054,khop_nhip,video,val,34,-0.1023153203836037,0.5647537544011167,-0.15570519783999529,0.3792222259167464,0.629918,False,
temporal_emb_dim_055,khop_nhip,video,val,34,-0.4448643735011206,0.008384217483836671,-0.2529827084748057,0.14886363950201367,0.0202619,False,
temporal_emb_dim_056,khop_nhip,video,val,34,0.25704928248359,0.14222156728443855,0.2930836481361203,0.09252953092428748,0.206221,False,
temporal_emb_dim_057,khop_nhip,video,val,34,-0.44111110490469413,0.009018815608355652,-0.5449681924399835,0.0008601749734413897,0.0209237,False,
temporal_emb_dim_058,khop_nhip,video,val,34,-0.5082014423472889,0.0021508881445438193,-0.6744765946196704,1.2194935963416055e-05,0.00594055,False,
temporal_emb_dim_059,khop_nhip,video,val,34,0.287432454637786,0.09928955861102948,0.29707271933715385,0.08797373400100068,0.151547,False,
temporal_emb_dim_060,khop_nhip,video,val,34,-0.30586063992844276,0.07854627917301761,-0.35699010978246465,0.03821142716433875,0.128832,False,
temporal_emb_dim_061,khop_nhip,video,val,34,-0.7781274793484741,6.081432866142462e-08,-0.7448765358357339,4.3691309180525607e-07,3.52723e-06,False,
temporal_emb_dim_062,khop_nhip,video,val,34,-0.17728893337786417,0.3158267097029136,-0.23325189263849982,0.18430809831896697,0.416317,False,
temporal_emb_dim_063,khop_nhip,video,val,34,,,,,,False,
temporal_emb_dim_000,khop_nhip,video,train,183,0.017273773458468887,0.8164670147266966,0.007125270945787507,0.9237353156341065,0.830791,True,
temporal_emb_dim_001,khop_nhip,video,train,183,-0.640413558369489,1.645009984616144e-22,-0.7165954607708279,3.9379709532370465e-30,1.90821e-21,True,
temporal_emb_dim_002,khop_nhip,video,train,183,-0.6504311099876433,2.1797250306424203e-23,-0.7175863600695962,3.0178913064538386e-30,3.1606e-22,True,
temporal_emb_dim_003,khop_nhip,video,train,183,-0.6824561875190898,1.9810075312571334e-26,-0.7477931222899541,5.025940139421333e-34,1.14898e-24,True,
temporal_emb_dim_004,khop_nhip,video,train,183,0.48446992976086395,3.681371223527603e-12,0.5218809417881001,3.566706875039687e-14,1.256e-11,True,
temporal_emb_dim_005,khop_nhip,video,train,183,-0.6281989711356438,1.7517429655571726e-21,-0.7077096790155688,4.073695517040144e-29,1.01601e-20,True,
temporal_emb_dim_006,khop_nhip,video,train,183,0.2751531660779752,0.00016342752096369005,0.23699889197367366,0.001236863296774303,0.000278788,True,
temporal_emb_dim_007,khop_nhip,video,train,183,-0.6018126470657847,2.061726238992682e-19,-0.6975519820536888,5.300734499117969e-28,1.08709e-18,True,
temporal_emb_dim_008,khop_nhip,video,train,183,-0.12466592908120293,0.09267367772620391,-0.11003433390801774,0.1381212682265593,0.119446,True,
temporal_emb_dim_009,khop_nhip,video,train,183,-0.6753299797776923,1.0157791315534094e-25,-0.7425468392437085,2.4845640836865204e-33,1.96384e-24,True,
temporal_emb_dim_010,khop_nhip,video,train,183,-0.6783782044352411,5.076717500467287e-26,-0.7391335240702834,6.883546736209975e-33,1.47225e-24,True,
temporal_emb_dim_011,khop_nhip,video,train,183,-0.4636611875303875,3.842776823266516e-11,-0.4702472190986443,1.860531945409434e-11,1.06134e-10,True,
temporal_emb_dim_012,khop_nhip,video,train,183,,,,,,True,
temporal_emb_dim_013,khop_nhip,video,train,183,,,,,,True,
temporal_emb_dim_014,khop_nhip,video,train,183,-0.6342861442352781,5.460709526180311e-22,-0.7182267238456778,2.5395340258161226e-30,4.31499e-21,True,
temporal_emb_dim_015,khop_nhip,video,train,183,0.06725951293703888,0.36564543711903674,0.11693082191507359,0.1149372122218428,0.415832,True,
temporal_emb_dim_016,khop_nhip,video,train,183,0.05465860292907381,0.46240592176897805,0.0481712966071695,0.5172695171539211,0.487628,True,
temporal_emb_dim_017,khop_nhip,video,train,183,-0.07397242523549534,0.3196449447298354,-0.063674092291406,0.39181288538772907,0.374057,True,
temporal_emb_dim_018,khop_nhip,video,train,183,-0.5077528438079504,2.1964628038983554e-13,-0.5715171167325959,2.934729407657916e-17,7.96218e-13,True,
temporal_emb_dim_019,khop_nhip,video,train,183,-0.07354412698549714,0.3224626020461599,-0.10094541818825929,0.17393027726927107,0.374057,True,
temporal_emb_dim_020,khop_nhip,video,train,183,-0.6312239864850783,9.847059713351139e-22,-0.6554867401817668,7.634059078356762e-24,6.34588e-21,True,
temporal_emb_dim_021,khop_nhip,video,train,183,-0.34527669056429916,1.6941839630386353e-06,-0.31924190451622353,1.0585834581628434e-05,3.38837e-06,True,
temporal_emb_dim_022,khop_nhip,video,train,183,0.5263252285461386,1.978250608066952e-14,0.5676159053299237,5.3577955714220216e-17,8.82604e-14,True,
temporal_emb_dim_023,khop_nhip,video,train,183,-0.511306366544152,1.4014431434869976e-13,-0.5513590861031942,6.054884865367619e-16,5.41891e-13,True,
temporal_emb_dim_024,khop_nhip,video,train,183,-0.10877100940007237,0.14273092609283705,-0.07863193912210896,0.29002644376322195,0.172467,True,
temporal_emb_dim_025,khop_nhip,video,train,183,0.3875669405880096,5.948577765122349e-08,0.4104898260098175,7.863669837103453e-09,1.43757e-07,True,
temporal_emb_dim_026,khop_nhip,video,train,183,-0.28077128857647077,0.00011816115939016403,-0.2921687498307382,5.989502943198883e-05,0.000207677,True,
temporal_emb_dim_027,khop_nhip,video,train,183,0.05497099652622565,0.4598478284849606,0.13471924559191592,0.06902465271018776,0.487628,True,
temporal_emb_dim_028,khop_nhip,video,train,183,-0.6338410965416597,5.951713187895826e-22,-0.7098187670487179,2.3583188370634015e-29,4.31499e-21,True,
temporal_emb_dim_029,khop_nhip,video,train,183,-0.56939984979744,4.0726149323616535e-17,-0.6326226200972425,7.528488937705718e-22,1.96843e-16,True,
temporal_emb_dim_030,khop_nhip,video,train,183,-0.635149540708627,4.618836783800773e-22,-0.6574851843208835,5.014500681761473e-24,4.31499e-21,True,
temporal_emb_dim_031,khop_nhip,video,train,183,,,,,,True,
temporal_emb_dim_032,khop_nhip,video,train,183,-0.17101999546595387,0.020627009358095933,-0.25756821466294366,0.0004315095886783196,0.0278225,True,
temporal_emb_dim_033,khop_nhip,video,train,183,-0.29335706094938935,5.570518497127347e-05,-0.25533379549319135,0.0004858694487797342,0.000100966,True,
temporal_emb_dim_034,khop_nhip,video,train,183,-0.3474959522334867,1.4378914465865685e-06,-0.3622226511750511,4.688369533455923e-07,3.2076e-06,True,
temporal_emb_dim_035,khop_nhip,video,train,183,-0.2174342891070404,0.003109516857334291,-0.1999002254334396,0.006665498314084954,0.00439883,True,
temporal_emb_dim_036,khop_nhip,video,train,183,0.3460313076734947,1.6025067859913075e-06,0.37072714452361955,2.3913269463163763e-07,3.38837e-06,True,
temporal_emb_dim_037,khop_nhip,video,train,183,-0.39596743762453535,2.8844944553562944e-08,-0.39853538970679164,2.3025993694321713e-08,7.27394e-08,True,
temporal_emb_dim_038,khop_nhip,video,train,183,0.2180989553907271,0.0030173910007000493,0.2316118058671396,0.0016064845767084451,0.00437522,True,
temporal_emb_dim_039,khop_nhip,video,train,183,-0.24961572989085706,0.0006551144912029808,-0.28420303949011305,9.659406300094102e-05,0.00102694,True,
temporal_emb_dim_040,khop_nhip,video,train,183,-0.13250896192505063,0.07375039704021376,-0.1105204156940672,0.13637826617363946,0.0972164,True,
temporal_emb_dim_041,khop_nhip,video,train,183,-0.2985004896572232,4.054763728397361e-05,-0.30969813429379794,1.9885395317569177e-05,7.58633e-05,True,
temporal_emb_dim_042,khop_nhip,video,train,183,-0.3085870185510978,2.137000819433261e-05,-0.2824934444548863,0.00010683022830336552,4.13153e-05,True,
temporal_emb_dim_043,khop_nhip,video,train,183,-0.39973343970574743,2.0714859021956383e-08,-0.40798783152230883,9.881102125645064e-09,5.46119e-08,True,
temporal_emb_dim_044,khop_nhip,video,train,183,,,,,,True,
temporal_emb_dim_045,khop_nhip,video,train,183,,,,,,True,
temporal_emb_dim_046,khop_nhip,video,train,183,-0.5184041411342936,5.622670112980402e-14,-0.5658054578957116,7.065395066650555e-17,2.32939e-13,True,
temporal_emb_dim_047,khop_nhip,video,train,183,0.060439617311914336,0.41635972714660097,0.11693082191507359,0.1149372122218428,0.46051,True,
temporal_emb_dim_048,khop_nhip,video,train,183,-7.377123138920352e-05,0.9992092003654112,-0.017797552498329903,0.8110047514653602,0.999209,True,
temporal_emb_dim_049,khop_nhip,video,train,183,-0.11970048481810325,0.10652938354406684,-0.12486310313985355,0.09215461081122067,0.131462,True,
temporal_emb_dim_050,khop_nhip,video,train,183,-0.46855485397596786,2.2450438837232965e-11,-0.5245100842989482,2.519317967447418e-14,6.85329e-11,True,
temporal_emb_dim_051,khop_nhip,video,train,183,0.05163239361116845,0.4875898791862005,-0.021573601037314295,0.7719109063757887,0.505004,True,
temporal_emb_dim_052,khop_nhip,video,train,183,-0.2375828477770156,0.0012018749760176353,-0.3033444331577233,2.9899181504408907e-05,0.0017874,True,
temporal_emb_dim_053,khop_nhip,video,train,183,-0.34542800020842523,1.6754100286535669e-06,-0.29264232907122373,5.819097269050328e-05,3.38837e-06,True,
temporal_emb_dim_054,khop_nhip,video,train,183,-0.20799384025322576,0.004722529805581521,-0.19545097008402934,0.00801310707521184,0.00652159,True,
temporal_emb_dim_055,khop_nhip,video,train,183,-0.4765462475053504,9.162335275849515e-12,-0.5163270751236168,7.361492968542621e-14,2.95231e-11,True,
temporal_emb_dim_056,khop_nhip,video,train,183,-0.12172195605646793,0.10070394295374145,-0.07930458485219205,0.2859071918596019,0.126975,True,
temporal_emb_dim_057,khop_nhip,video,train,183,-0.36058861292421346,5.324031717176536e-07,-0.3800882130380219,1.1142061791023806e-07,1.23518e-06,True,
temporal_emb_dim_058,khop_nhip,video,train,183,-0.2668704298694225,0.00026033200789559493,-0.2876218945867515,7.881764871376881e-05,0.000431407,True,
temporal_emb_dim_059,khop_nhip,video,train,183,0.059865230304521046,0.4208110298132299,0.13437186671303347,0.06975059876785718,0.46051,True,
temporal_emb_dim_060,khop_nhip,video,train,183,-0.23763323167799852,0.0011988990691310759,-0.23532683366341592,0.0013422691980806234,0.0017874,True,
temporal_emb_dim_061,khop_nhip,video,train,183,-0.46670792396162625,2.752677457163954e-11,-0.49452435310219994,1.11855647197997e-12,7.98276e-11,True,
temporal_emb_dim_062,khop_nhip,video,train,183,-0.2591955542888053,0.0003955247671243623,-0.24755934842577998,0.0007282376755525991,0.000637234,True,
temporal_emb_dim_063,khop_nhip,video,train,183,,,,,,True,
