dance_id,video_id,person_id,khop_nhip,split,pc1,pc2
dance_001,D01_P001_T01,P001,75.9,val,2.261636,-0.48550788
dance_001,D01_P002_T01,P002,77.9,val,-1.4201754,3.1877608
dance_001,D01_P003_T01,P003,100.0,train,-6.608215,4.556378
dance_001,D01_P004_T01,P004,77.9,train,-1.4201754,3.1877608
dance_001,D01_P005_T01,P005,77.7,train,2.4594443,3.8541417
dance_001,D01_P006_T01,P006,80.6,train,-1.9182123,3.969174
dance_001,D01_P007_T01,P007,74.1,train,1.7474613,4.954387
dance_001,D01_P008_T01,P008,79.6,train,1.6873984,1.8274517
dance_001,D01_P009_T01,P009,70.6,train,1.3458178,2.8170977
dance_001,D01_P010_T01,P010,75.2,train,1.7940727,2.536707
dance_001,D01_P011_T01,P011,75.4,train,-1.1781175,2.4863071
dance_001,D01_P013_T01,P013,78.7,train,-2.5585217,3.8455515
dance_001,D01_P014_T01,P014,80.7,train,-1.0275224,4.248631
dance_001,D01_P015_T01,P015,66.9,train,-0.59506565,1.1498276
dance_001,D01_P016_T01,P016,74.7,val,1.3834932,1.9142026
dance_001,D01_P017_T01,P017,76.1,train,-0.7182562,5.432673
dance_001,D01_P018_T01,P018,77.0,val,1.473608,3.96935
dance_001,D01_P019_T01,P019,72.9,train,1.205262,3.2530947
dance_001,D01_P020_T01,P020,76.2,train,-3.3206031,3.350513
dance_002,D02_P002_T01,P002,75.9,val,2.7466283,-0.0050432016
dance_002,D02_P003_T01,P003,67.7,train,5.39041,1.3623432
dance_002,D02_P004_T01,P004,76.3,train,2.0369973,0.7551713
dance_002,D02_P005_T01,P005,76.8,train,-0.96422476,-1.7022371
dance_002,D02_P006_T01,P006,75.8,train,1.5725331,2.0447085
dance_002,D02_P007_T01,P007,76.4,train,3.1075544,0.4084239
dance_002,D02_P008_T01,P008,78.4,train,1.9680587,0.35900626
dance_002,D02_P009_T01,P009,76.8,train,1.1300243,2.2262146
dance_002,D02_P010_T01,P010,78.4,train,2.1848295,3.3658826
dance_002,D02_P011_T01,P011,73.9,train,1.6781857,1.9249116
dance_002,D02_P012_T01,P012,72.4,train,3.4089677,0.18431096
dance_002,D02_P013_T01,P013,74.7,train,3.2510374,2.277882
dance_002,D02_P014_T01,P014,78.7,train,2.9733377,0.7398268
dance_002,D02_P015_T01,P015,74.1,train,3.2897754,0.09745247
dance_002,D02_P016_T01,P016,75.2,val,1.5792627,1.2841617
dance_002,D02_P017_T01,P017,75.9,train,-0.22427852,1.6066105
dance_002,D02_P018_T01,P018,75.1,val,0.12345159,2.1402056
dance_002,D02_P019_T01,P019,76.8,train,0.13453774,2.195641
dance_002,D02_P020_T01,P020,77.4,train,2.6907146,0.6636292
dance_003,D03_P002_T01,P002,73.2,val,1.421238,0.6925663
dance_003,D03_P003_T01,P003,78.5,train,-1.237846,3.1212952
dance_003,D03_P004_T01,P004,78.8,train,-2.8829484,-0.39947757
dance_003,D03_P005_T01,P005,76.9,train,-1.51097,2.5709553
dance_003,D03_P006_T01,P006,80.8,train,-1.7206334,1.2405815
dance_003,D03_P008_T01,P008,76.0,train,0.17417993,2.4742541
dance_003,D03_P009_T01,P009,75.5,train,-2.7368915,1.9773216
dance_003,D03_P010_T01,P010,73.2,train,5.007481,0.95015556
dance_003,D03_P011_T01,P011,78.5,train,-3.1889246,0.15830128
dance_003,D03_P012_T01,P012,73.0,train,1.3672909,-0.90683943
dance_003,D03_P013_T01,P013,78.8,train,-1.6807597,-0.512784
dance_003,D03_P014_T01,P014,77.2,train,-0.52422255,0.17891125
dance_003,D03_P015_T01,P015,78.7,train,-2.1026797,1.0674459
dance_003,D03_P016_T01,P016,75.2,val,1.1620215,2.781274
dance_003,D03_P017_T01,P017,76.7,train,-2.2524934,0.58015025
dance_003,D03_P018_T01,P018,77.9,val,-0.5752724,-0.47084183
dance_003,D03_P019_T01,P019,78.6,train,-2.754459,0.6033459
dance_003,D03_P020_T01,P020,77.9,train,-1.6156554,-0.02853066
dance_004,D04_P002_T01,P002,74.4,val,9.584038,-2.758317
dance_004,D04_P003_T01,P003,69.4,train,11.430924,-3.894114
dance_004,D04_P004_T01,P004,75.4,train,7.233279,-3.043782
dance_004,D04_P005_T01,P005,77.4,train,7.766439,-3.6265142
dance_004,D04_P006_T01,P006,77.1,train,9.461132,-2.1488616
dance_004,D04_P008_T01,P008,69.5,train,9.114676,0.6460773
dance_004,D04_P009_T01,P009,70.2,train,8.165804,0.31659725
dance_004,D04_P010_T01,P010,73.3,train,8.972333,-3.3010483
dance_004,D04_P011_T01,P011,77.4,train,5.6221156,-5.9320393
dance_004,D04_P012_T01,P012,71.9,train,9.218827,-2.3408053
dance_004,D04_P013_T01,P013,70.6,train,8.192255,-1.477036
dance_004,D04_P014_T01,P014,72.1,train,6.822273,-2.4209747
dance_004,D04_P015_T01,P015,72.0,train,10.9401045,-3.2884822
dance_004,D04_P016_T01,P016,74.0,val,6.0848618,-0.709635
dance_004,D04_P017_T01,P017,66.9,train,6.9333425,-4.2516775
dance_004,D04_P018_T01,P018,70.9,val,7.600726,-2.6091948
dance_004,D04_P019_T01,P019,71.5,train,8.961658,-2.9292324
dance_004,D04_P020_T01,P020,75.7,train,7.8415136,-2.710683
dance_005,D05_P002_T01,P002,77.6,val,-3.6932406,-0.09980207
dance_005,D05_P003_T01,P003,81.0,train,-7.1632032,0.20465071
dance_005,D05_P004_T01,P004,77.1,train,-5.1099877,-0.06520416
dance_005,D05_P005_T01,P005,76.1,train,-6.453404,-1.9831032
dance_005,D05_P006_T01,P006,81.6,train,-5.3773346,-1.345715
dance_005,D05_P007_T01,P007,77.5,train,-1.9907277,-2.3249166
dance_005,D05_P008_T01,P008,75.6,train,-6.704215,0.9432705
dance_005,D05_P009_T01,P009,81.6,train,-7.1142116,-0.8005836
dance_005,D05_P010_T01,P010,77.3,train,-2.1975856,-1.0653574
dance_005,D05_P011_T01,P011,81.4,train,-2.6349125,-0.3659692
dance_005,D05_P012_T01,P012,72.8,train,-1.52811,-0.63908744
dance_005,D05_P013_T01,P013,79.6,train,-2.6575134,-2.3692353
dance_005,D05_P014_T01,P014,80.2,train,-5.6339364,1.0597961
dance_005,D05_P015_T01,P015,82.0,train,-8.145895,-0.89887047
dance_005,D05_P016_T01,P016,78.9,val,-4.9835486,-1.6195736
dance_005,D05_P017_T01,P017,79.2,train,-1.5327064,-0.748221
dance_005,D05_P018_T01,P018,78.9,val,-6.512472,-1.2210505
dance_005,D05_P019_T01,P019,80.6,train,-6.5102077,-1.6035165
dance_005,D05_P020_T01,P020,79.4,train,-8.643239,0.13378488
dance_006,D06_P003_T01,P003,77.2,train,-1.6409341,-0.34049857
dance_006,D06_P004_T01,P004,80.6,train,-4.0188293,-1.7644205
dance_006,D06_P005_T01,P005,79.9,train,-0.38330472,-4.482205
dance_006,D06_P006_T01,P006,81.3,train,-4.065143,-1.7035251
dance_006,D06_P007_T01,P007,70.6,train,1.254852,-2.9984436
dance_006,D06_P008_T01,P008,78.0,train,0.17736281,-2.306522
dance_006,D06_P009_T01,P009,80.5,train,-3.5857582,-3.447878
dance_006,D06_P010_T01,P010,76.1,train,0.12705986,-1.0042665
dance_006,D06_P011_T01,P011,78.0,train,-3.532639,-1.490602
dance_006,D06_P013_T01,P013,81.5,train,-3.169221,-2.7637243
dance_006,D06_P014_T01,P014,81.5,train,-0.9712025,-0.8295351
dance_006,D06_P015_T01,P015,79.2,train,-3.768092,-2.3199267
dance_006,D06_P016_T01,P016,77.9,val,-1.1161499,-1.4008504
dance_006,D06_P017_T01,P017,79.3,train,-2.203265,-1.6914483
dance_006,D06_P018_T01,P018,80.5,val,-2.2860553,-1.8995571
dance_006,D06_P019_T01,P019,80.0,train,-2.0713692,-2.7817273
dance_006,D06_P020_T01,P020,79.8,train,-4.789924,-2.3230581
dance_007,D07_P002_T01,P002,76.4,val,5.552562,-3.2640955
dance_007,D07_P003_T01,P003,81.2,train,1.5728135,2.9013555
dance_007,D07_P004_T01,P004,72.6,train,1.2940419,-2.1530516
dance_007,D07_P005_T01,P005,70.5,train,4.7090983,-3.3556147
dance_007,D07_P006_T01,P006,77.9,train,3.6184168,-2.3083124
dance_007,D07_P008_T01,P008,76.4,train,2.586964,0.39794296
dance_007,D07_P009_T01,P009,76.3,train,1.985193,-1.7446753
dance_007,D07_P010_T01,P010,63.0,train,2.7243536,-2.3851807
dance_007,D07_P011_T01,P011,69.6,train,5.021386,-2.5313456
dance_007,D07_P012_T01,P012,77.5,train,3.7814112,-2.4077463
dance_007,D07_P013_T01,P013,71.5,train,5.7789345,-2.2654467
dance_007,D07_P014_T01,P014,72.0,train,2.2341688,-2.060698
dance_007,D07_P015_T01,P015,75.7,train,3.1951818,-2.1234617
dance_007,D07_P016_T01,P016,66.9,val,4.339244,-2.117036
dance_007,D07_P017_T01,P017,75.8,train,3.8065991,-2.2134383
dance_007,D07_P018_T01,P018,75.0,val,0.47121057,-2.1949575
dance_007,D07_P019_T01,P019,75.9,train,3.1900666,-2.7789886
dance_007,D07_P020_T01,P020,76.3,train,0.11000229,-2.0417202
dance_008,D08_P002_T01,P002,80.1,val,-2.6350415,-1.2638549
dance_008,D08_P003_T01,P003,78.4,train,-8.040839,0.7524249
dance_008,D08_P004_T01,P004,81.7,train,-7.0081377,-0.14232367
dance_008,D08_P005_T01,P005,82.5,train,-6.097294,-0.36475903
dance_008,D08_P006_T01,P006,76.9,train,-3.7368927,1.0440946
dance_008,D08_P007_T01,P007,77.8,train,-2.846542,-1.104423
dance_008,D08_P008_T01,P008,78.1,train,-4.0683303,1.6898937
dance_008,D08_P009_T01,P009,78.7,train,-5.3524394,-0.30061424
dance_008,D08_P010_T01,P010,82.3,train,-5.921119,1.4375719
dance_008,D08_P011_T01,P011,83.8,train,-6.3314333,1.345703
dance_008,D08_P012_T01,P012,78.1,train,-2.2225826,-1.848166
dance_008,D08_P013_T01,P013,82.3,train,-6.717025,0.34922218
dance_008,D08_P014_T01,P014,78.4,train,-5.537874,2.332914
dance_008,D08_P015_T01,P015,77.9,train,-5.3122096,-0.06509782
dance_008,D08_P016_T01,P016,78.0,val,-3.2962894,0.75225925
dance_008,D08_P017_T01,P017,80.1,train,-6.8733335,1.7508279
dance_008,D08_P018_T01,P018,80.8,val,-6.7586513,1.9015721
dance_008,D08_P019_T01,P019,83.7,train,-4.8888555,0.8437032
dance_008,D08_P020_T01,P020,80.9,train,-5.867239,-0.4202671
dance_009,D09_P002_T01,P002,65.4,val,7.6990876,5.260028
dance_009,D09_P003_T01,P003,70.6,train,8.022451,3.2051656
dance_009,D09_P004_T01,P004,76.7,train,6.915549,1.500678
dance_009,D09_P005_T01,P005,74.0,train,6.954347,6.3064084
dance_009,D09_P006_T01,P006,71.5,train,7.89899,4.83869
dance_009,D09_P008_T01,P008,70.5,train,6.8201127,2.4957483
dance_009,D09_P009_T01,P009,73.2,train,8.127455,4.0977015
dance_009,D09_P010_T01,P010,72.5,train,8.018869,2.7887528
dance_009,D09_P011_T01,P011,72.0,train,8.229046,1.7780982
dance_009,D09_P013_T01,P013,67.9,train,8.150018,2.3672915
dance_009,D09_P014_T01,P014,75.8,train,7.8733015,1.271568
dance_009,D09_P015_T01,P015,71.4,train,7.5214033,3.2643318
dance_009,D09_P016_T01,P016,74.2,val,9.702083,3.1283352
dance_009,D09_P017_T01,P017,76.4,train,6.3650303,1.7933633
dance_009,D09_P018_T01,P018,69.6,val,8.345644,2.7956514
dance_009,D09_P019_T01,P019,75.8,train,6.626499,1.9004412
dance_009,D09_P020_T01,P020,74.0,train,6.765397,2.5533533
dance_010,D10_P002_T01,P002,74.4,val,2.9309688,0.24339265
dance_010,D10_P003_T01,P003,78.3,train,-0.43315184,3.7175908
dance_010,D10_P004_T01,P004,79.2,train,0.4326635,-1.0533755
dance_010,D10_P005_T01,P005,78.3,train,-0.53213763,0.26360038
dance_010,D10_P006_T01,P006,81.2,train,-2.0495522,1.2251621
dance_010,D10_P008_T01,P008,78.2,train,-1.7321384,6.290045
dance_010,D10_P009_T01,P009,80.9,train,0.69409835,1.3075697
dance_010,D10_P010_T01,P010,78.0,train,0.76190394,2.4299326
dance_010,D10_P011_T01,P011,80.6,train,-2.5971391,3.831511
dance_010,D10_P012_T01,P012,76.5,train,1.3355538,1.9374142
dance_010,D10_P013_T01,P013,80.3,train,-1.8221282,0.36244816
dance_010,D10_P014_T01,P014,74.7,train,-1.1702785,1.5022649
dance_010,D10_P015_T01,P015,77.1,train,-0.3120805,-0.69944966
dance_010,D10_P016_T01,P016,78.9,val,-2.4153001,3.9841733
dance_010,D10_P017_T01,P017,79.0,train,-0.6671995,1.797562
dance_010,D10_P018_T01,P018,81.5,val,-1.8528537,3.74802
dance_010,D10_P019_T01,P019,80.9,train,-0.8930902,1.9186338
dance_010,D10_P020_T01,P020,80.2,train,-0.29728824,-1.3799701
dance_011,D11_P003_T01,P003,83.2,train,-5.982105,-0.60953975
dance_011,D11_P004_T01,P004,78.1,train,-2.9945655,-0.08151678
dance_011,D11_P005_T01,P005,76.2,train,-0.080434784,0.793168
dance_011,D11_P006_T01,P006,79.5,train,-3.220874,-1.2575248
dance_011,D11_P007_T01,P007,72.8,train,0.1395549,-0.2826671
dance_011,D11_P008_T01,P008,72.4,train,-2.456173,-0.43464056
dance_011,D11_P009_T01,P009,81.2,train,-1.1136698,-0.58933777
dance_011,D11_P010_T01,P010,79.3,train,-2.164484,2.105097
dance_011,D11_P011_T01,P011,81.7,train,-4.169978,0.4390988
dance_011,D11_P012_T01,P012,70.1,train,-0.2364276,0.23153667
dance_011,D11_P013_T01,P013,81.6,train,-4.7858524,-0.19508523
dance_011,D11_P014_T01,P014,83.4,train,-1.6820205,-2.365624
dance_011,D11_P015_T01,P015,77.9,train,-2.1794808,-2.0993578
dance_011,D11_P016_T01,P016,75.2,val,-1.0875299,-1.6920788
dance_011,D11_P017_T01,P017,82.0,train,-3.9464798,0.81246877
dance_011,D11_P018_T01,P018,79.5,val,-2.7627187,-0.98750275
dance_011,D11_P019_T01,P019,82.0,train,-6.356781,-1.4721552
dance_011,D11_P020_T01,P020,81.6,train,-2.76872,0.12452521
dance_012,D12_P003_T01,P003,73.5,train,-2.5603821,-2.7151077
dance_012,D12_P004_T01,P004,74.2,train,-2.5492475,-2.4101858
dance_012,D12_P005_T01,P005,80.3,train,-2.2692635,-2.7241917
dance_012,D12_P006_T01,P006,75.7,train,-0.1372523,-1.6070592
dance_012,D12_P008_T01,P008,73.9,train,0.8089606,-0.27708045
dance_012,D12_P009_T01,P009,80.1,train,-4.3746433,-3.1226542
dance_012,D12_P010_T01,P010,73.7,train,-1.1226822,-2.6501362
dance_012,D12_P011_T01,P011,76.8,train,-4.4881945,-1.6246756
dance_012,D12_P012_T01,P012,73.4,train,0.37136972,-1.7845718
dance_012,D12_P013_T01,P013,77.7,train,0.85693455,-3.511569
dance_012,D12_P014_T01,P014,76.0,train,-1.5453355,-1.5250341
dance_012,D12_P015_T01,P015,80.3,train,-3.9513974,-3.9403768
dance_012,D12_P016_T01,P016,79.0,val,-0.054352965,-0.589316
dance_012,D12_P017_T01,P017,75.1,train,-2.4298446,-4.5696163
dance_012,D12_P018_T01,P018,80.2,val,-2.758408,-3.4088168
dance_012,D12_P019_T01,P019,78.2,train,-2.557186,-3.4418645
dance_012,D12_P020_T01,P020,82.1,train,-5.349111,-1.5931147
