epoch,train_loss,train_mae,val_loss,val_mae,lr
1,0.009346,0.069015,0.007879,0.067214,0.0005
2,0.008577,0.066313,0.007868,0.066995,0.000498657864365227
3,0.008207,0.065885,0.007745,0.066003,0.0004946461621797824
4,0.007930,0.064889,0.007464,0.065657,0.0004880088464923126
5,0.007773,0.063906,0.007430,0.064611,0.0004788186371224371
6,0.007643,0.062626,0.007201,0.063688,0.0004671762239271875
7,0.007441,0.062714,0.007003,0.062229,0.0004532091636218621
8,0.007545,0.062336,0.006995,0.063134,0.00043707048224196155
9,0.007478,0.062785,0.007174,0.063661,0.00041893699855792023
10,0.007583,0.062818,0.007063,0.062382,0.0003990073868116559
11,0.007397,0.062265,0.007290,0.063585,0.00037749999999999996
12,0.007069,0.061175,0.007323,0.064299,0.00035465047755357104
13,0.007335,0.061735,0.007034,0.062777,0.0003307091636218621
14,0.007275,0.061367,0.007015,0.062198,0.000305938364250351
15,0.007098,0.060713,0.006754,0.062683,0.0002806094735005751
16,0.006942,0.060384,0.006781,0.062239,0.000255
17,0.006792,0.060001,0.006713,0.062612,0.00022939052649942487
18,0.006933,0.060619,0.006977,0.063976,0.00020406163574964887
19,0.006907,0.060114,0.006828,0.063189,0.00017929083637813784
20,0.006732,0.059546,0.006652,0.061988,0.0001553495224464289
21,0.006819,0.059009,0.006581,0.061652,0.00013250000000000002
22,0.006715,0.058702,0.006601,0.062117,0.00011099261318834409
23,0.006507,0.058573,0.006570,0.061682,9.10630014420798e-05
24,0.006857,0.059833,0.006628,0.061958,7.292951775803843e-05
25,0.006751,0.058552,0.006544,0.061688,5.67908363781379e-05
26,0.006409,0.057619,0.006577,0.062004,4.282377607281252e-05
27,0.006523,0.058292,0.006596,0.062257,3.118136287756276e-05
28,0.006619,0.058358,0.006557,0.061916,2.1991153507687386e-05
29,0.006550,0.058459,0.006541,0.061722,1.535383782021761e-05
30,0.006344,0.057427,0.006540,0.061771,1.1342135634773018e-05
