epoch,train_loss,train_mae,val_loss,val_mae,val_mae_raw,val_mae_video_raw,lr
1,0.019202,0.103891,0.009785,0.074569,2.7591,2.7870,0.0005
2,0.013207,0.086547,0.009998,0.072933,2.6985,2.7471,0.0004996642360148705
3,0.012615,0.084476,0.009290,0.070134,2.5950,2.6485,0.000498657864365227
4,0.012188,0.082871,0.008891,0.068391,2.5305,2.5477,0.0004969836434458088
5,0.011883,0.081999,0.008517,0.067294,2.4899,2.5111,0.0004946461621797824
6,0.011209,0.079990,0.008922,0.068417,2.5314,2.5675,0.0004916518274408217
7,0.011523,0.080117,0.009610,0.071341,2.6396,2.6828,0.0004880088464923126
8,0.011383,0.079409,0.008614,0.066607,2.4645,2.4765,0.00048372720449181436
9,0.011175,0.079673,0.007507,0.062178,2.3006,2.2711,0.00047881863712243716
10,0.010604,0.076404,0.006718,0.061468,2.2743,2.1381,0.00047329659842615005
11,0.010837,0.077357,0.007152,0.061386,2.2713,2.2043,0.0004671762239271875
12,0.010585,0.075796,0.007161,0.061174,2.2634,2.1557,0.00046047428914662884
13,0.010479,0.076225,0.006624,0.059253,2.1923,2.0228,0.0004532091636218621
14,0.010814,0.076948,0.006996,0.061408,2.2721,2.1168,0.00044540076055695784
15,0.010694,0.076393,0.007221,0.061930,2.2914,2.1914,0.00043707048224196155
16,0.010407,0.075526,0.007300,0.061992,2.2937,2.1607,0.0004282411613907041
17,0.010283,0.075783,0.006769,0.059897,2.2162,2.0835,0.0004189369985579202
18,0.010434,0.075502,0.006878,0.059970,2.2189,2.0766,0.0004091834958072101
19,0.009998,0.074452,0.007086,0.061156,2.2628,2.1514,0.00039900738681165584
20,0.010260,0.074959,0.006895,0.060142,2.2253,2.0035,0.0003884365635786816
21,0.010153,0.074743,0.007606,0.061751,2.2848,2.2121,0.00037749999999999996
22,0.010387,0.074862,0.008135,0.063552,2.3514,2.2833,0.00036622767243618893
23,0.010086,0.074789,0.006645,0.058827,2.1766,2.0117,0.0003546504775535711
24,0.009847,0.073067,0.006262,0.057800,2.1386,1.9696,0.00034280014763859865
25,0.009688,0.072992,0.006178,0.059096,2.1865,1.9877,0.00033070916362186215
26,0.009194,0.070411,0.005859,0.056180,2.0786,1.8780,0.0003184106660501176
27,0.009443,0.071172,0.005890,0.054870,2.0302,1.8616,0.00030593836425035103
28,0.009237,0.071190,0.006838,0.059362,2.1964,2.0714,0.0002933264439348566
29,0.009275,0.070554,0.006459,0.057769,2.1375,2.0120,0.00028060947350057514
30,0.009568,0.072532,0.006458,0.058098,2.1496,2.0242,0.00026782230927952124
31,0.009018,0.069418,0.006495,0.058096,2.1496,2.0204,0.00025500000000000007
32,0.009163,0.069979,0.006187,0.057327,2.1211,1.9734,0.0002421776907204788
33,0.009146,0.069732,0.006064,0.056476,2.0896,1.8916,0.00022939052649942495
34,0.009007,0.070105,0.006289,0.057249,2.1182,1.9376,0.00021667355606514344
35,0.008587,0.067083,0.006141,0.056841,2.1031,1.9065,0.00020406163574964895
36,0.008811,0.069295,0.006439,0.057429,2.1249,1.9700,0.00019158933394988246
37,0.008994,0.069474,0.006653,0.058850,2.1774,2.0278,0.00017929083637813792
38,0.008767,0.068189,0.006019,0.056716,2.0985,1.9058,0.00016719985236140144
39,0.008667,0.068182,0.006265,0.056759,2.1001,1.9419,0.00015534952244642897
