epoch,train_loss,train_mae,train_pearson,val_loss,val_mae,val_pearson,lr
1,0.4490373510806287,142.21120427866452,0.046034232966317916,0.23566573332337773,78.19971757776597,0.14139492613377982,0.001
2,0.14816510754693402,51.49231035201276,-0.045126944269769084,0.05660988565753488,23.291518933632794,0.5023978840393577,0.001
3,0.09232844157867093,34.356275835975275,-0.03826170572468387,0.03588378029491972,17.29164193658268,0.2761187727782513,0.001
4,0.07663035097587956,29.83288882208652,0.01344076299262709,0.03352367439690758,16.251912011819726,0.2865322429097311,0.001
5,0.0664636693447014,26.657415804315786,0.1552622135114936,0.03241235453306752,15.762900604921228,0.45267736029968764,0.001
6,0.06344057251114012,25.676740290688688,0.19405647270552084,0.028189976535299244,14.153959645944482,0.50133303462897,0.001
7,0.062275059480484715,25.030834459867634,0.22658472196700435,0.025418796521775863,13.31293407608481,0.7120822689634012,0.001
8,0.062107284171659435,25.22133725588439,0.3103640656270145,0.0245776487623944,13.51272025529076,0.6604043068636226,0.001
9,0.05367610009153032,22.54871618552286,0.3548829210778252,0.02182224885944058,12.18183391234454,0.6991511486041191,0.001
10,0.057280609231503285,23.8427001921857,0.3199051968392825,0.02390572916278068,13.18881985019235,0.6919949522748905,0.001
11,0.05010762218324864,21.3816802521221,0.3331496444305173,0.014677794205079623,9.576270334860858,0.8132700557527849,0.001
12,0.05630073049029366,23.225639003222106,0.25427452144687335,0.015194433659095974,9.370476796346551,0.8101348898694916,0.001
13,0.050250276108908525,21.478519869632407,0.45703863590086774,0.02231671050300493,12.165054328301373,0.7061714121283202,0.001
14,0.0492479866116099,21.338665973944742,0.40896556262629746,0.016482258160762927,10.119621718631072,0.7899836008037124,0.001
15,0.05078804024744555,21.81352841072395,0.35907193336300486,0.02129034067997161,12.260194911676294,0.7626372360534407,0.0005
16,0.0554242028035427,22.964539488808054,0.2852642934551085,0.020268422496669432,11.69172490344328,0.7793687890108185,0.0005
17,0.053008000320587,22.352279258556052,0.37763848929002375,0.025903576957609725,13.73055191601024,0.7746981898127059,0.0005
18,0.05429895264936275,22.821115372610873,0.4249852166210049,0.023797738530180034,13.031508817392236,0.772879872894543,0.0005
19,0.05142239815061861,21.930804799814695,0.45514374135555175,0.021401724504197344,11.730876214363995,0.7831829528172892,0.00025
20,0.040040983365533134,18.239396712819083,0.6408942807926916,0.020469734554781634,11.946905535810133,0.7927321183754646,0.00025
21,0.05031609687893117,21.798719636729505,0.491854162904269,0.016500575358376783,10.361928799573112,0.7989980636879925,0.00025
22,0.04835004080595866,20.804656626748258,0.4433488743142676,0.0164812815560521,9.586623661658344,0.8027078298033645,0.00025
23,0.047653364658844274,20.45489613149987,0.39617613390340023,0.015439607203006744,9.628860827754526,0.8120387088872738,0.000125
24,0.04536280908769434,19.92533480534788,0.5273515166299233,0.015464917900424232,9.209514803746167,0.8126710113284755,0.000125
25,0.047711335163298854,20.483642621118513,0.4660064965461982,0.015030788822674794,9.121697702828575,0.8142584849318533,0.000125
26,0.04782251193305182,20.651456176257525,0.4718978309563154,0.015286011785707054,9.799859278342304,0.8100919546114331,0.000125
27,0.04260593658832253,19.110865964264168,0.5341452475767543,0.014798452105263578,9.635242118554956,0.8179513763133377,6.25e-05
28,0.04026169020458649,18.128846023903517,0.5039110605097917,0.014792289489003666,9.47103623081656,0.8174514431181946,6.25e-05
29,0.043157131803003165,19.13426308358302,0.5641449910815397,0.01489270616815809,9.578389017020955,0.8151035462704955,6.25e-05
30,0.045492021845338126,20.112039515229522,0.4969945539294952,0.015223128063713802,9.81025310123668,0.8188507932116912,6.25e-05
31,0.04728831534014374,20.46418893532675,0.3965398471029539,0.01476886508274166,9.367702550747815,0.8135835512966467,3.125e-05
32,0.047191901346210575,20.427450977387977,0.5136645566243393,0.014739029698402566,9.333555400371552,0.8154201754313706,3.125e-05
33,0.04150067149697106,18.727276071173247,0.47498562863083243,0.014466683202258804,9.210965300307555,0.8172779813556756,3.125e-05
34,0.041790446948483995,18.73366500510544,0.5519024125582909,0.014530987341833465,9.274232036927167,0.8170617995438088,3.125e-05
35,0.03994261091727702,17.828074977046153,0.4771471228667769,0.01475401026854182,9.325770946109996,0.813959453816948,3.125e-05
36,0.04959841819653094,21.268075851143383,0.4371992057675192,0.014789114733610083,9.392896908171037,0.8144738014751995,3.125e-05
37,0.04339496543010076,19.22575870498282,0.469946543318858,0.014245578635703115,9.22519994132659,0.8232013144498219,3.125e-05
38,0.04525810476046442,19.787686281516905,0.5470278917083446,0.014377136399750324,9.34596061706543,0.8224264319331132,3.125e-05
39,0.04154204532422655,18.701689067434092,0.5221940025938345,0.01482970210011391,9.45997474824681,0.8137784402645066,3.125e-05
40,0.03741918810607631,17.251518026727144,0.641331493868557,0.014854480991797411,9.442967176437378,0.8139154792310707,3.125e-05
41,0.036743215178368524,17.133561900404633,0.5821272469786206,0.01479187429718235,9.378034051726846,0.8161661662623919,1.5625e-05
42,0.04529335142159071,19.890320301055908,0.5024177211774361,0.014705246410277836,9.342120850787444,0.817609029835499,1.5625e-05
43,0.03886686725022852,17.941736784137664,0.5993798802551066,0.014401679755845928,9.231990137520958,0.8212388610031128,1.5625e-05
44,0.040532279657861575,18.30566701341848,0.5564694384165132,0.01404682791326195,9.107069408192354,0.8250757140307561,1.5625e-05
45,0.042993329343248586,19.26596399213447,0.52842525611575,0.014063728041946888,9.079481310704175,0.8239420755359255,1.5625e-05
46,0.04640239412015904,20.21753514399294,0.4365120913590569,0.014368244241375257,9.254376064328586,0.8213076391144164,1.5625e-05
47,0.036894250427031774,17.021764936994334,0.5750597061083649,0.014683044508702177,9.360066932790419,0.8174977890650797,1.5625e-05
48,0.0393975541158452,17.749717245336438,0.511663480111662,0.014658540144891423,9.385944727589102,0.8184274121106697,7.8125e-06
49,0.04437396956271813,19.655001847470395,0.5584650543631615,0.01466785861617502,9.439412197645973,0.8192423378134904,7.8125e-06
50,0.03998156970804506,17.997951048319457,0.5256398978773588,0.014668484136243077,9.363581415484934,0.8170018015709126,7.8125e-06
51,0.05083741813572378,21.52959665314096,0.4600288398346222,0.01435110074303606,9.252728346516104,0.821799436561834,7.8125e-06
52,0.042835774867098185,18.997776899181428,0.48556061346872326,0.014505637645283165,9.361133505316342,0.8209609122527518,3.90625e-06
53,0.044312556686459996,19.484663156212353,0.49947017273781913,0.014432816081406438,9.39230129999273,0.8258019340621426,3.90625e-06
54,0.04478170566993658,19.67430061004201,0.5373119675623582,0.014171375290435903,9.156656878836015,0.8252727788913342,3.90625e-06
55,0.04531555561745753,19.87054983123404,0.524064071032584,0.01452460904222201,9.306993905235739,0.8205872941052254,3.90625e-06
56,0.04271867239206541,19.152266177974763,0.5990240337348072,0.014518290730741094,9.33191741214079,0.8205843634449241,1.953125e-06
57,0.04214083044051798,18.94712682630195,0.5807317892577947,0.014585756998070899,9.366454534670886,0.8194010768321136,1.953125e-06
58,0.04253434208654315,18.994999176166097,0.5149605755774675,0.014562509269179666,9.327656381270465,0.8191805133035575,1.953125e-06
59,0.03997741505259373,17.945268310484337,0.5928210303980808,0.014341883183292607,9.223003422512727,0.8213876527004927,1.953125e-06
60,0.04441661731711502,19.762104896248363,0.5645781465502586,0.01425886173349093,9.289315781172585,0.826356544459483,9.765625e-07
61,0.04562289048943038,20.10437704500605,0.49051743115498603,0.01441551503889701,9.298038219704347,0.8221172129928467,9.765625e-07
62,0.03857577042501481,17.71589693475942,0.5850147752418839,0.014280721202821416,9.24060344696045,0.8227272130165275,9.765625e-07
63,0.04228212297614155,19.054074561009642,0.5047930749652134,0.014498672941151787,9.323577319874483,0.8201563844742333,9.765625e-07
64,0.043814385767842905,19.434378235066525,0.4939630660172841,0.014339089544270845,9.265844348598929,0.8219837824865884,4.8828125e-07
65,0.044315251740601545,19.636336213252584,0.4799035948955082,0.014533626299132319,9.351517260074615,0.820503259980237,4.8828125e-07
66,0.04293526841398797,19.031151396329285,0.5526610192752681,0.014739136649843524,9.521358416360968,0.8189350460220323,4.8828125e-07
67,0.04420962357700197,19.681738048303323,0.50473909323072,0.014663781409206636,9.354368290480446,0.8178078407536785,4.8828125e-07
68,0.04391311086673554,19.461813959919038,0.5230840551987741,0.014347623239326127,9.276817739009857,0.8231350743240113,2.44140625e-07
69,0.04228269019739224,19.0620518121563,0.5377977467324472,0.014318982467931859,9.294025424648733,0.8240346576186548,2.44140625e-07
70,0.04174774127905486,18.75368679156069,0.518257176117688,0.014470015488126698,9.33153006960364,0.8225027855238568,2.44140625e-07
71,0.045849651322175895,20.17314004116371,0.5490322039657425,0.014195702216752312,9.199515423353981,0.8237701283610243,2.44140625e-07
72,0.04563575773372676,20.1531568023025,0.5259251936934156,0.014550090342869653,9.410607113557703,0.8202854417514891,1.220703125e-07
73,0.04408410466352447,19.716509346102104,0.5495150829635062,0.01451820948654238,9.328995645046234,0.8193925723397036,1.220703125e-07
74,0.0397198737034055,18.119410755204374,0.5970340570445141,0.014463386950356996,9.379932109047385,0.8226603761624172,1.220703125e-07
75,0.046325440981674716,20.159015108327395,0.46375354001898494,0.014321702915955992,9.321428397122551,0.8259411101516998,1.220703125e-07
76,0.03876202726034356,17.612552593966,0.6174181270745204,0.014132973121698289,9.22810698256773,0.8264536231683351,6.103515625e-08
77,0.04467381339499859,19.849929653230262,0.5376773397046118,0.014048002468531622,9.202477949507097,0.8282215281917356,6.103515625e-08
78,0.03884637170557767,17.920682860202476,0.5692836959313676,0.01437660847680972,9.246352577910704,0.8214701782789888,6.103515625e-08
79,0.03691568826147116,16.960772774258597,0.604539425531466,0.014815319192540996,9.440003072514253,0.8161596425774785,6.103515625e-08
80,0.04494550830272377,19.833685482134584,0.4945952653737196,0.014827560784076066,9.404215830213884,0.8158226126467755,3.0517578125e-08
