dance_id,video_id,window_id,start_frame,end_frame,start_time,end_time,dtw_distance_windowed,threshold,rank,audit_order
dance_001,D01_P009_T01,3,90,150,3.0,5.0,11.010221,14.435844,1117,1
dance_001,D01_P002_T01,6,180,240,6.0,8.0,13.044008,14.435844,502,2
dance_001,D01_P003_T01,0,0,60,0.0,2.0,0.0,14.435844,2631,3
dance_001,D01_P015_T01,4,120,180,4.0,6.0,9.102603,14.435844,1863,4
dance_001,D01_P014_T01,3,90,150,3.0,5.0,10.287275,14.435844,1402,5
dance_001,D01_P013_T01,3,90,150,3.0,5.0,10.132056,14.435844,1465,6
dance_001,D01_P011_T01,2,60,120,2.0,4.0,9.711875,14.435844,1621,7
dance_001,D01_P015_T01,8,240,300,8.0,10.0,10.39356,14.435844,1358,8
dance_001,D01_P016_T01,6,180,240,6.0,8.0,11.570757,14.435844,909,9
dance_001,D01_P015_T01,2,60,120,2.0,4.0,12.162946,14.435844,730,10
dance_001,D01_P019_T01,5,150,210,5.0,7.0,10.503902,14.435844,1312,11
dance_001,D01_P019_T01,7,210,270,7.0,9.0,11.528373,14.435844,923,12
dance_001,D01_P017_T01,1,30,90,1.0,3.0,11.631461,14.435844,890,13
dance_001,D01_P020_T01,1,30,90,1.0,3.0,12.686868,14.435844,577,14
dance_001,D01_P015_T01,1,30,90,1.0,3.0,11.477867,14.435844,944,15
dance_001,D01_P004_T01,7,210,270,7.0,9.0,11.998969,14.435844,777,16
dance_002,D02_P004_T01,8,240,300,8.0,10.0,13.973006,18.773045,1660,17
dance_002,D02_P017_T01,4,120,180,4.0,6.0,11.937449,18.773045,2310,18
dance_002,D02_P006_T01,8,240,300,8.0,10.0,11.154622,18.773045,2437,19
dance_002,D02_P003_T01,2,60,120,2.0,4.0,9.366186,18.773045,2573,20
dance_002,D02_P016_T01,6,180,240,6.0,8.0,17.712477,18.773045,446,21
dance_002,D02_P013_T01,3,90,150,3.0,5.0,13.092462,18.773045,2002,22
dance_002,D02_P015_T01,8,240,300,8.0,10.0,17.495479,18.773045,478,23
dance_002,D02_P003_T01,5,150,210,5.0,7.0,17.192579,18.773045,542,24
dance_002,D02_P010_T01,3,90,150,3.0,5.0,10.730439,18.773045,2483,25
dance_002,D02_P005_T01,6,180,240,6.0,8.0,11.827051,18.773045,2334,26
dance_002,D02_P020_T01,2,60,120,2.0,4.0,6.236431,18.773045,2628,27
dance_002,D02_P017_T01,1,30,90,1.0,3.0,11.360771,18.773045,2408,28
dance_002,D02_P003_T01,1,30,90,1.0,3.0,12.254902,18.773045,2239,29
dance_002,D02_P011_T01,4,120,180,4.0,6.0,17.078802,18.773045,564,30
dance_002,D02_P018_T01,8,240,300,8.0,10.0,14.132069,18.773045,1582,31
dance_002,D02_P008_T01,7,210,270,7.0,9.0,14.527828,18.773045,1434,32
dance_002,D02_P014_T01,8,240,300,8.0,10.0,12.443086,18.773045,2194,33
dance_003,D03_P004_T01,8,240,300,8.0,10.0,10.187383,14.232737,1360,34
dance_003,D03_P020_T01,11,330,390,11.0,13.0,9.255105,14.232737,1724,35
dance_003,D03_P006_T01,0,0,60,0.0,2.0,11.744793,14.232737,790,36
dance_003,D03_P011_T01,5,150,210,5.0,7.0,12.110996,14.232737,692,37
dance_003,D03_P019_T01,12,360,420,12.0,14.0,11.961512,14.232737,729,38
dance_003,D03_P003_T01,8,240,300,8.0,10.0,9.889452,14.232737,1484,39
dance_003,D03_P010_T01,2,60,120,2.0,4.0,8.34149,14.232737,2071,40
dance_003,D03_P019_T01,8,240,300,8.0,10.0,11.986571,14.232737,721,41
dance_003,D03_P020_T01,6,180,240,6.0,8.0,12.706304,14.232737,533,42
dance_003,D03_P018_T01,1,30,90,1.0,3.0,8.391305,14.232737,2054,43
dance_003,D03_P009_T01,8,240,300,8.0,10.0,11.589536,14.232737,832,44
dance_003,D03_P015_T01,2,60,120,2.0,4.0,11.316334,14.232737,926,45
dance_003,D03_P005_T01,4,120,180,4.0,6.0,10.918967,14.232737,1071,46
dance_003,D03_P011_T01,10,300,360,10.0,12.0,11.337239,14.232737,919,47
dance_003,D03_P009_T01,3,90,150,3.0,5.0,11.353368,14.232737,915,48
dance_003,D03_P016_T01,9,270,330,9.0,11.0,12.410196,14.232737,605,49
dance_003,D03_P014_T01,10,300,360,10.0,12.0,9.164756,14.232737,1761,50
dance_003,D03_P006_T01,9,270,330,9.0,11.0,10.496766,14.232737,1229,51
dance_003,D03_P011_T01,6,180,240,6.0,8.0,11.004635,14.232737,1041,52
dance_003,D03_P008_T01,10,300,360,10.0,12.0,8.786959,14.232737,1915,53
dance_003,D03_P013_T01,6,180,240,6.0,8.0,12.673733,14.232737,536,54
dance_004,D04_P013_T01,8,240,300,8.0,10.0,11.464709,16.304395,1671,55
dance_004,D04_P002_T01,7,210,270,7.0,9.0,12.887535,16.304395,1111,56
dance_004,D04_P006_T01,6,180,240,6.0,8.0,10.280724,16.304395,2113,57
dance_004,D04_P020_T01,10,300,360,10.0,12.0,15.45892,16.304395,403,58
dance_004,D04_P010_T01,4,120,180,4.0,6.0,8.709853,16.304395,2432,59
dance_004,D04_P014_T01,6,180,240,6.0,8.0,14.330262,16.304395,652,60
dance_004,D04_P020_T01,8,240,300,8.0,10.0,13.092388,16.304395,1037,61
dance_004,D04_P014_T01,5,150,210,5.0,7.0,13.267436,16.304395,975,62
dance_004,D04_P015_T01,6,180,240,6.0,8.0,9.073416,16.304395,2378,63
dance_004,D04_P006_T01,10,300,360,10.0,12.0,10.970371,16.304395,1864,64
dance_004,D04_P015_T01,10,300,360,10.0,12.0,8.983292,16.304395,2394,65
dance_004,D04_P004_T01,4,120,180,4.0,6.0,10.544744,16.304395,2026,66
dance_004,D04_P012_T01,1,30,90,1.0,3.0,12.998544,16.304395,1065,67
dance_004,D04_P012_T01,6,180,240,6.0,8.0,14.112879,16.304395,710,68
dance_004,D04_P019_T01,3,90,150,3.0,5.0,11.925085,16.304395,1498,69
dance_004,D04_P011_T01,2,60,120,2.0,4.0,9.552801,16.304395,2289,70
dance_004,D04_P004_T01,0,0,60,0.0,2.0,13.397585,16.304395,922,71
dance_004,D04_P010_T01,5,150,210,5.0,7.0,12.16063,16.304395,1398,72
dance_005,D05_P019_T01,3,90,150,3.0,5.0,9.701948,13.799158,1379,73
dance_005,D05_P018_T01,1,30,90,1.0,3.0,7.088925,13.799158,2278,74
dance_005,D05_P019_T01,1,30,90,1.0,3.0,10.739293,13.799158,986,75
dance_005,D05_P007_T01,5,150,210,5.0,7.0,10.354576,13.799158,1121,76
dance_005,D05_P019_T01,6,180,240,6.0,8.0,11.45398,13.799158,755,77
dance_005,D05_P007_T01,3,90,150,3.0,5.0,11.952017,13.799158,614,78
dance_005,D05_P006_T01,7,210,270,7.0,9.0,6.398292,13.799158,2406,79
dance_005,D05_P009_T01,7,210,270,7.0,9.0,9.718471,13.799158,1370,80
dance_005,D05_P017_T01,5,150,210,5.0,7.0,10.79537,13.799158,961,81
dance_005,D05_P010_T01,8,240,300,8.0,10.0,9.098498,13.799158,1606,82
dance_005,D05_P017_T01,1,30,90,1.0,3.0,11.985096,13.799158,601,83
dance_005,D05_P002_T01,4,120,180,4.0,6.0,11.969882,13.799158,609,84
dance_005,D05_P006_T01,3,90,150,3.0,5.0,8.050823,13.799158,2020,85
dance_005,D05_P005_T01,5,150,210,5.0,7.0,8.637543,13.799158,1789,86
dance_005,D05_P003_T01,1,30,90,1.0,3.0,11.286722,13.799158,797,87
dance_006,D06_P004_T01,0,0,60,0.0,2.0,8.73273,13.794565,1756,88
dance_006,D06_P015_T01,6,180,240,6.0,8.0,9.578258,13.794565,1425,89
dance_006,D06_P002_T01,7,210,270,7.0,9.0,11.478991,13.794565,741,90
dance_006,D06_P005_T01,1,30,90,1.0,3.0,9.916813,13.794565,1288,91
dance_006,D06_P005_T01,4,120,180,4.0,6.0,9.518587,13.794565,1449,92
dance_006,D06_P020_T01,5,150,210,5.0,7.0,6.742231,13.794565,2356,93
dance_006,D06_P016_T01,0,0,60,0.0,2.0,13.316651,13.794565,352,94
dance_006,D06_P008_T01,3,90,150,3.0,5.0,9.814633,13.794565,1336,95
dance_006,D06_P011_T01,9,270,330,9.0,11.0,10.279675,13.794565,1148,96
dance_006,D06_P018_T01,6,180,240,6.0,8.0,10.004318,13.794565,1245,97
dance_006,D06_P006_T01,11,330,390,11.0,13.0,9.29265,13.794565,1536,98
dance_006,D06_P009_T01,9,270,330,9.0,11.0,9.953416,13.794565,1271,99
dance_006,D06_P015_T01,5,150,210,5.0,7.0,10.187894,13.794565,1188,100
dance_006,D06_P011_T01,10,300,360,10.0,12.0,12.789858,13.794565,435,101
dance_006,D06_P015_T01,0,0,60,0.0,2.0,9.991971,13.794565,1255,102
dance_006,D06_P004_T01,3,90,150,3.0,5.0,10.896584,13.794565,920,103
dance_006,D06_P011_T01,0,0,60,0.0,2.0,12.695904,13.794565,453,104
dance_006,D06_P010_T01,8,240,300,8.0,10.0,11.360742,13.794565,776,105
dance_006,D06_P019_T01,4,120,180,4.0,6.0,9.187296,13.794565,1576,106
dance_006,D06_P005_T01,0,0,60,0.0,2.0,13.469725,13.794565,325,107
dance_006,D06_P015_T01,7,210,270,7.0,9.0,8.664619,13.794565,1779,108
dance_007,D07_P010_T01,2,60,120,2.0,4.0,7.983322,12.479667,1535,109
dance_007,D07_P015_T01,9,270,330,9.0,11.0,8.959745,12.479667,1150,110
dance_007,D07_P014_T01,9,270,330,9.0,11.0,9.033059,12.479667,1123,111
dance_007,D07_P010_T01,5,150,210,5.0,7.0,9.314122,12.479667,1019,112
dance_007,D07_P004_T01,4,120,180,4.0,6.0,9.159089,12.479667,1075,113
dance_007,D07_P005_T01,7,210,270,7.0,9.0,8.769093,12.479667,1219,114
dance_007,D07_P015_T01,5,150,210,5.0,7.0,9.628115,12.479667,902,115
dance_007,D07_P016_T01,1,30,90,1.0,3.0,8.029014,12.479667,1514,116
dance_007,D07_P017_T01,7,210,270,7.0,9.0,4.903683,12.479667,2429,117
dance_007,D07_P003_T01,5,150,210,5.0,7.0,8.227913,12.479667,1437,118
dance_007,D07_P007_T01,10,300,360,10.0,12.0,11.224699,12.479667,474,119
dance_007,D07_P006_T01,9,270,330,9.0,11.0,7.18642,12.479667,1834,120
dance_007,D07_P013_T01,1,30,90,1.0,3.0,9.366503,12.479667,1006,121
dance_007,D07_P006_T01,6,180,240,6.0,8.0,9.374865,12.479667,1000,122
dance_007,D07_P020_T01,5,150,210,5.0,7.0,8.95128,12.479667,1154,123
dance_007,D07_P003_T01,8,240,300,8.0,10.0,8.970518,12.479667,1146,124
dance_007,D07_P010_T01,0,0,60,0.0,2.0,6.278434,12.479667,2162,125
dance_007,D07_P018_T01,6,180,240,6.0,8.0,7.285899,12.479667,1799,126
dance_008,D08_P013_T01,13,390,450,13.0,15.0,7.936357,15.296403,2401,127
dance_008,D08_P014_T01,0,0,60,0.0,2.0,11.331846,15.296403,1325,128
dance_008,D08_P003_T01,9,270,330,9.0,11.0,14.033953,15.296403,475,129
dance_008,D08_P011_T01,4,120,180,4.0,6.0,10.830252,15.296403,1523,130
dance_008,D08_P002_T01,17,510,570,17.0,19.0,11.458355,15.296403,1270,131
dance_008,D08_P011_T01,9,270,330,9.0,11.0,7.953501,15.296403,2399,132
dance_008,D08_P015_T01,16,480,540,16.0,18.0,6.668574,15.296403,2532,133
dance_008,D08_P020_T01,7,210,270,7.0,9.0,14.785862,15.296403,359,134
dance_008,D08_P004_T01,11,330,390,11.0,13.0,13.605006,15.296403,563,135
dance_008,D08_P013_T01,6,180,240,6.0,8.0,10.760572,15.296403,1550,136
dance_008,D08_P020_T01,1,30,90,1.0,3.0,11.84328,15.296403,1128,137
dance_008,D08_P013_T01,8,240,300,8.0,10.0,9.276534,15.296403,2111,138
dance_008,D08_P020_T01,6,180,240,6.0,8.0,10.858591,15.296403,1511,139
dance_008,D08_P008_T01,4,120,180,4.0,6.0,10.011871,15.296403,1829,140
dance_008,D08_P009_T01,16,480,540,16.0,18.0,13.006801,15.296403,734,141
dance_008,D08_P016_T01,8,240,300,8.0,10.0,12.03479,15.296403,1051,142
dance_008,D08_P005_T01,3,90,150,3.0,5.0,13.849049,15.296403,512,143
dance_008,D08_P008_T01,9,270,330,9.0,11.0,9.429422,15.296403,2058,144
dance_008,D08_P008_T01,5,150,210,5.0,7.0,11.50813,15.296403,1244,145
dance_008,D08_P014_T01,6,180,240,6.0,8.0,8.301147,15.296403,2341,146
dance_008,D08_P005_T01,0,0,60,0.0,2.0,8.0339,15.296403,2381,147
dance_008,D08_P009_T01,2,60,120,2.0,4.0,12.634763,15.296403,838,148
dance_008,D08_P015_T01,6,180,240,6.0,8.0,8.692752,15.296403,2256,149
dance_008,D08_P018_T01,9,270,330,9.0,11.0,11.323666,15.296403,1331,150
dance_008,D08_P004_T01,15,450,510,15.0,17.0,11.743621,15.296403,1161,151
dance_008,D08_P004_T01,0,0,60,0.0,2.0,11.802756,15.296403,1141,152
dance_008,D08_P014_T01,12,360,420,12.0,14.0,13.634007,15.296403,557,153
dance_008,D08_P002_T01,11,330,390,11.0,13.0,14.92106,15.296403,336,154
dance_009,D09_P015_T01,0,0,60,0.0,2.0,15.947836,19.54512,1182,155
dance_009,D09_P020_T01,9,270,330,9.0,11.0,16.537695,19.54512,962,156
dance_009,D09_P004_T01,3,90,150,3.0,5.0,12.778609,19.54512,2292,157
dance_009,D09_P011_T01,8,240,300,8.0,10.0,11.717938,19.54512,2464,158
dance_009,D09_P012_T01,6,180,240,6.0,8.0,16.020629,19.54512,1152,159
dance_009,D09_P008_T01,2,60,120,2.0,4.0,15.402889,19.54512,1397,160
dance_009,D09_P017_T01,8,240,300,8.0,10.0,13.671519,19.54512,2063,161
dance_009,D09_P007_T01,2,60,120,2.0,4.0,19.03365,19.54512,360,162
dance_009,D09_P008_T01,10,300,360,10.0,12.0,12.126508,19.54512,2409,163
dance_009,D09_P014_T01,10,300,360,10.0,12.0,17.812662,19.54512,574,164
dance_009,D09_P002_T01,1,30,90,1.0,3.0,14.755182,19.54512,1654,165
dance_009,D09_P004_T01,5,150,210,5.0,7.0,15.73309,19.54512,1260,166
dance_009,D09_P014_T01,11,330,390,11.0,13.0,16.455356,19.54512,994,167
dance_009,D09_P008_T01,4,120,180,4.0,6.0,14.026071,19.54512,1939,168
dance_009,D09_P016_T01,7,210,270,7.0,9.0,16.235916,19.54512,1067,169
dance_009,D09_P004_T01,8,240,300,8.0,10.0,11.097842,19.54512,2513,170
dance_009,D09_P008_T01,0,0,60,0.0,2.0,13.406186,19.54512,2141,171
dance_009,D09_P016_T01,2,60,120,2.0,4.0,12.676841,19.54512,2320,172
dance_010,D10_P007_T01,0,0,60,0.0,2.0,15.251674,17.643839,769,173
dance_010,D10_P011_T01,8,240,300,8.0,10.0,10.750118,17.643839,2322,174
dance_010,D10_P018_T01,8,240,300,8.0,10.0,7.917385,17.643839,2583,175
dance_010,D10_P020_T01,4,120,180,4.0,6.0,11.284081,17.643839,2202,176
dance_010,D10_P013_T01,8,240,300,8.0,10.0,13.298207,17.643839,1485,177
dance_010,D10_P018_T01,3,90,150,3.0,5.0,10.591401,17.643839,2357,178
dance_010,D10_P008_T01,4,120,180,4.0,6.0,9.95076,17.643839,2451,179
dance_010,D10_P020_T01,1,30,90,1.0,3.0,11.189468,17.643839,2227,180
dance_010,D10_P016_T01,1,30,90,1.0,3.0,12.910943,17.643839,1627,181
dance_010,D10_P012_T01,8,240,300,8.0,10.0,14.261967,17.643839,1098,182
dance_010,D10_P013_T01,9,270,330,9.0,11.0,15.581752,17.643839,675,183
dance_010,D10_P008_T01,1,30,90,1.0,3.0,8.18899,17.643839,2578,184
dance_010,D10_P010_T01,8,240,300,8.0,10.0,9.939553,17.643839,2452,185
dance_010,D10_P018_T01,12,360,420,12.0,14.0,10.431222,17.643839,2377,186
dance_010,D10_P020_T01,11,330,390,11.0,13.0,15.893341,17.643839,579,187
dance_010,D10_P002_T01,11,330,390,11.0,13.0,14.277274,17.643839,1095,188
dance_010,D10_P005_T01,1,30,90,1.0,3.0,10.324469,17.643839,2393,189
dance_010,D10_P005_T01,4,120,180,4.0,6.0,12.350426,17.643839,1835,190
dance_010,D10_P018_T01,7,210,270,7.0,9.0,7.205429,17.643839,2607,191
dance_010,D10_P008_T01,5,150,210,5.0,7.0,11.225711,17.643839,2214,192
dance_010,D10_P005_T01,6,180,240,6.0,8.0,11.469072,17.643839,2152,193
dance_011,D11_P002_T01,14,420,480,14.0,16.0,14.642497,15.951577,485,194
dance_011,D11_P018_T01,5,150,210,5.0,7.0,10.891054,15.951577,1754,195
dance_011,D11_P002_T01,1,30,90,1.0,3.0,11.957199,15.951577,1342,196
dance_011,D11_P016_T01,15,450,510,15.0,17.0,14.103772,15.951577,615,197
dance_011,D11_P018_T01,1,30,90,1.0,3.0,12.119669,15.951577,1266,198
dance_011,D11_P003_T01,7,210,270,7.0,9.0,11.444976,15.951577,1540,199
dance_011,D11_P015_T01,9,270,330,9.0,11.0,10.603441,15.951577,1872,200
dance_011,D11_P008_T01,1,30,90,1.0,3.0,13.130453,15.951577,894,201
dance_011,D11_P018_T01,8,240,300,8.0,10.0,8.922128,15.951577,2352,202
dance_011,D11_P006_T01,2,60,120,2.0,4.0,8.482988,15.951577,2415,203
dance_011,D11_P015_T01,3,90,150,3.0,5.0,8.543856,15.951577,2407,204
dance_011,D11_P007_T01,3,90,150,3.0,5.0,12.844484,15.951577,1003,205
dance_011,D11_P005_T01,3,90,150,3.0,5.0,14.771137,15.951577,463,206
dance_011,D11_P009_T01,8,240,300,8.0,10.0,9.252052,15.951577,2276,207
dance_011,D11_P015_T01,0,0,60,0.0,2.0,9.335821,15.951577,2260,208
dance_011,D11_P015_T01,14,420,480,14.0,16.0,11.85095,15.951577,1380,209
dance_011,D11_P009_T01,6,180,240,6.0,8.0,10.643737,15.951577,1845,210
dance_011,D11_P006_T01,7,210,270,7.0,9.0,13.11891,15.951577,897,211
dance_011,D11_P018_T01,3,90,150,3.0,5.0,7.244811,15.951577,2538,212
dance_011,D11_P004_T01,6,180,240,6.0,8.0,12.659292,15.951577,1061,213
dance_011,D11_P003_T01,2,60,120,2.0,4.0,8.64267,15.951577,2392,214
dance_011,D11_P006_T01,15,450,510,15.0,17.0,12.002221,15.951577,1317,215
dance_011,D11_P013_T01,13,390,450,13.0,15.0,11.791017,15.951577,1408,216
dance_011,D11_P008_T01,10,300,360,10.0,12.0,10.480833,15.951577,1919,217
dance_012,D12_P015_T01,0,0,60,0.0,2.0,13.459394,14.304425,402,218
dance_012,D12_P015_T01,6,180,240,6.0,8.0,9.279755,14.304425,1745,219
dance_012,D12_P005_T01,7,210,270,7.0,9.0,7.8686,14.304425,2218,220
dance_012,D12_P007_T01,12,360,420,12.0,14.0,13.968329,14.304425,329,221
dance_012,D12_P018_T01,12,360,420,12.0,14.0,9.519127,14.304425,1649,222
dance_012,D12_P017_T01,3,90,150,3.0,5.0,8.904121,14.304425,1897,223
dance_012,D12_P009_T01,12,360,420,12.0,14.0,10.706463,14.304425,1184,224
dance_012,D12_P013_T01,0,0,60,0.0,2.0,13.790155,14.304425,361,225
dance_012,D12_P004_T01,6,180,240,6.0,8.0,10.848838,14.304425,1130,226
dance_012,D12_P012_T01,9,270,330,9.0,11.0,8.990066,14.304425,1847,227
dance_012,D12_P010_T01,2,60,120,2.0,4.0,12.063576,14.304425,719,228
dance_012,D12_P020_T01,5,150,210,5.0,7.0,8.303632,14.304425,2109,229
dance_012,D12_P004_T01,5,150,210,5.0,7.0,11.90359,14.304425,772,230
dance_012,D12_P016_T01,2,60,120,2.0,4.0,12.699308,14.304425,546,231
dance_012,D12_P003_T01,7,210,270,7.0,9.0,9.528009,14.304425,1646,232
dance_012,D12_P020_T01,8,240,300,8.0,10.0,9.34767,14.304425,1712,233
dance_012,D12_P002_T01,7,210,270,7.0,9.0,11.333912,14.304425,951,234
dance_012,D12_P010_T01,7,210,270,7.0,9.0,9.624469,14.304425,1598,235
dance_012,D12_P004_T01,8,240,300,8.0,10.0,10.136878,14.304425,1409,236
dance_012,D12_P017_T01,1,30,90,1.0,3.0,9.044293,14.304425,1823,237
