dance_id,video_id,dtw_distance_total,dtw_seg_0,dtw_seg_1,dtw_seg_2,dtw_seg_3,dtw_seg_4,dtw_seg_5,dtw_seg_6,dtw_seg_7,dtw_seg_8,flag_seg_0,flag_seg_1,flag_seg_2,flag_seg_3,flag_seg_4,flag_seg_5,flag_seg_6,flag_seg_7,flag_seg_8,dtw_seg_9,flag_seg_9,dtw_seg_10,dtw_seg_11,dtw_seg_12,flag_seg_10,flag_seg_11,flag_seg_12,dtw_seg_13,dtw_seg_14,dtw_seg_15,dtw_seg_16,dtw_seg_17,dtw_seg_18,flag_seg_13,flag_seg_14,flag_seg_15,flag_seg_16,flag_seg_17,flag_seg_18
dance_001,D01_P001_T01,6.481105,12.502949,11.12702,12.075679,9.371893,8.802536,12.951663,14.532834,16.122516,15.558452,0,0,0,0,0,0,0.0,0.0,0.0,,,,,,,,,,,,,,,,,,,,
dance_001,D01_P002_T01,5.143934,12.820792,13.524952,9.697232,11.273224,10.455365,9.707289,13.044008,11.998969,,0,0,0,0,0,0,0.0,0.0,,,,,,,,,,,,,,,,,,,,,
dance_001,D01_P003_T01,0.0,0.0,0.0,0.0,0.0,0.0,0.0,0.0,0.0,0.0,0,0,0,0,0,0,0.0,0.0,0.0,,,,,,,,,,,,,,,,,,,,
dance_001,D01_P004_T01,5.143934,12.820792,13.524952,9.697232,11.273224,10.455365,9.707289,13.044008,11.998969,,0,0,0,0,0,0,0.0,0.0,,,,,,,,,,,,,,,,,,,,,
dance_001,D01_P005_T01,4.770439,7.103954,8.999077,9.479686,8.068497,9.112071,13.017701,11.632475,,,0,0,0,0,0,1,0.0,,,,,,,,,,,,,,,,,,,,,,
dance_001,D01_P006_T01,5.12316,10.16453,8.441807,8.78342,7.667253,7.589821,10.187918,11.258092,11.709609,12.623868,0,0,0,0,0,0,0.0,0.0,1.0,,,,,,,,,,,,,,,,,,,,
dance_001,D01_P007_T01,6.004749,13.562973,18.036696,16.461204,11.394521,9.527203,12.668183,15.769506,16.169951,18.892492,0,0,0,0,0,0,0.0,0.0,0.0,,,,,,,,,,,,,,,,,,,,
dance_001,D01_P008_T01,5.23904,8.541891,10.289896,9.267261,10.508115,10.206761,10.723116,11.579026,10.818277,10.720963,0,0,0,0,0,0,1.0,0.0,0.0,,,,,,,,,,,,,,,,,,,,
dance_001,D01_P009_T01,5.380174,10.287893,10.583737,10.638384,11.010221,11.47557,11.884241,9.650882,9.005421,9.122263,0,0,0,0,0,1,0.0,0.0,0.0,,,,,,,,,,,,,,,,,,,,
dance_001,D01_P010_T01,6.292482,8.730689,10.653447,10.072805,11.328988,9.345001,11.473964,12.885673,11.419175,13.908482,0,0,0,0,0,0,0.0,0.0,1.0,,,,,,,,,,,,,,,,,,,,
dance_001,D01_P011_T01,5.21796,14.077688,14.290359,9.711875,9.261782,9.818881,10.623097,9.875265,10.178251,13.826099,0,1,0,0,0,0,0.0,0.0,0.0,,,,,,,,,,,,,,,,,,,,
dance_001,D01_P012_T01,6.883697,17.687879,19.626511,16.001226,12.172279,11.470991,10.714704,17.477107,12.620104,18.180259,0,0,0,0,0,0,0.0,0.0,0.0,,,,,,,,,,,,,,,,,,,,
dance_001,D01_P013_T01,5.533558,12.082464,11.114285,9.445327,10.132056,8.821808,12.354676,11.57394,9.132223,13.654463,0,0,0,0,0,0,0.0,0.0,1.0,,,,,,,,,,,,,,,,,,,,
dance_001,D01_P014_T01,4.93742,8.105605,8.989447,11.20561,10.287275,9.022612,12.294315,11.50053,8.637753,9.40175,0,0,0,0,0,1,0.0,0.0,0.0,,,,,,,,,,,,,,,,,,,,
dance_001,D01_P015_T01,4.912259,9.767642,11.477867,12.162946,10.15063,9.102603,9.223442,9.469031,9.877655,10.39356,0,0,1,0,0,0,0.0,0.0,0.0,,,,,,,,,,,,,,,,,,,,
dance_001,D01_P016_T01,5.959807,15.288801,13.222899,13.138424,11.197295,10.215469,11.671947,11.570757,10.663529,10.640337,1,0,0,0,0,0,0.0,0.0,0.0,,,,,,,,,,,,,,,,,,,,
dance_001,D01_P017_T01,5.14287,17.546304,11.631461,10.067064,10.640459,8.641007,13.107666,15.805453,8.220128,,1,0,0,0,0,0,0.0,0.0,,,,,,,,,,,,,,,,,,,,,
dance_001,D01_P018_T01,5.541471,13.204614,12.122341,9.132492,9.901453,8.836555,11.111799,13.95482,12.474513,13.320106,0,0,0,0,0,0,0.0,0.0,0.0,,,,,,,,,,,,,,,,,,,,
dance_001,D01_P019_T01,5.201081,9.256238,14.78019,11.714503,9.613678,7.755871,10.503902,11.842739,11.528373,11.70155,0,1,0,0,0,0,0.0,0.0,0.0,,,,,,,,,,,,,,,,,,,,
dance_001,D01_P020_T01,5.570371,15.687256,12.686868,11.215298,10.248771,9.333107,11.040669,8.850216,10.814601,11.845583,1,0,0,0,0,0,0.0,0.0,0.0,,,,,,,,,,,,,,,,,,,,
dance_001,D01_REF01,0.0,0.0,0.0,0.0,0.0,0.0,0.0,0.0,0.0,0.0,0,0,0,0,0,0,0.0,0.0,0.0,,,,,,,,,,,,,,,,,,,,
dance_002,D02_P002_T01,7.574102,14.576469,10.385765,7.530493,11.407153,12.879502,11.389144,12.327226,10.157903,15.204066,0,0,0,0,0,0,0.0,0.0,0.0,19.817477,1.0,,,,,,,,,,,,,,,,,,
dance_002,D02_P003_T01,7.42282,17.124512,12.254902,9.366186,10.277828,16.316176,17.192579,11.991621,12.644569,18.348125,0,0,0,0,0,0,0.0,0.0,0.0,17.564323,0.0,,,,,,,,,,,,,,,,,,
dance_002,D02_P004_T01,6.684173,14.180009,11.675224,7.549859,12.90369,21.761835,15.23002,12.062404,14.268234,13.973006,0,0,0,0,1,0,0.0,0.0,0.0,13.465791,0.0,,,,,,,,,,,,,,,,,,
dance_002,D02_P005_T01,5.554613,13.394005,12.25748,8.174329,9.360368,10.379886,14.244153,11.827051,13.911365,,0,0,0,0,0,0,0.0,0.0,,,,,,,,,,,,,,,,,,,,,
dance_002,D02_P006_T01,5.493865,15.800315,9.510653,5.743858,10.50209,15.535681,16.833921,12.564066,12.228939,11.154622,0,0,0,0,0,1,0.0,0.0,0.0,11.000628,0.0,,,,,,,,,,,,,,,,,,
dance_002,D02_P007_T01,8.423492,16.853842,11.142848,7.848014,12.644945,18.76305,19.140386,16.443325,15.499981,22.097468,0,0,0,0,0,0,0.0,0.0,0.0,20.881974,0.0,,,,,,,,,,,,,,,,,,
dance_002,D02_P008_T01,5.890866,12.374526,13.389807,10.095812,15.787424,20.579311,21.150923,11.272105,14.527828,12.547486,0,0,0,0,1,1,0.0,0.0,0.0,11.970955,0.0,,,,,,,,,,,,,,,,,,
dance_002,D02_P009_T01,6.542311,18.208819,15.223445,12.411424,17.661139,13.128652,13.140001,9.862414,12.34396,15.187324,1,0,0,0,0,0,0.0,0.0,0.0,9.776549,0.0,,,,,,,,,,,,,,,,,,
dance_002,D02_P010_T01,6.484907,17.325867,16.375375,9.609513,10.730439,11.568325,10.125036,9.326746,14.653519,14.666763,1,0,0,0,0,0,0.0,0.0,0.0,13.826074,0.0,,,,,,,,,,,,,,,,,,
dance_002,D02_P011_T01,5.811955,16.578092,15.419436,7.364367,12.481139,17.078802,13.120477,13.16856,17.834384,13.512797,0,0,0,0,0,0,0.0,0.0,0.0,8.104552,0.0,,,,,,,,,,,,,,,,,,
dance_002,D02_P012_T01,7.103329,20.701403,14.214095,10.017194,15.838993,22.814478,24.379268,17.466494,12.858305,14.0685,0,0,0,0,0,1,0.0,0.0,0.0,13.757308,0.0,,,,,,,,,,,,,,,,,,
dance_002,D02_P013_T01,6.555481,18.074844,14.15826,9.056604,13.092462,18.567743,15.509446,17.105642,18.796367,17.15636,0,0,0,0,0,0,0.0,0.0,0.0,10.781408,0.0,,,,,,,,,,,,,,,,,,
dance_002,D02_P014_T01,5.582118,15.731949,9.625279,6.274153,10.315853,19.735518,16.160377,13.682655,15.535373,12.443086,0,0,0,0,1,0,0.0,0.0,0.0,8.026642,0.0,,,,,,,,,,,,,,,,,,
dance_002,D02_P015_T01,6.19608,19.196173,11.068461,7.498097,9.110171,9.830489,11.918337,14.9167,11.676021,17.495479,1,0,0,0,0,0,0.0,0.0,0.0,11.661953,0.0,,,,,,,,,,,,,,,,,,
dance_002,D02_P016_T01,5.814602,14.732516,13.470144,11.830669,13.215518,18.695409,15.898721,17.712477,13.09169,16.358841,0,0,0,0,1,0,0.0,0.0,0.0,12.420554,0.0,,,,,,,,,,,,,,,,,,
dance_002,D02_P017_T01,6.665492,23.371988,11.360771,12.778859,13.416536,11.937449,11.729001,13.485418,13.397781,15.990438,1,0,0,0,0,0,0.0,0.0,0.0,13.855185,0.0,,,,,,,,,,,,,,,,,,
dance_002,D02_P018_T01,6.531462,21.573007,11.439629,6.10633,14.704696,22.25136,15.1097,17.124467,14.761445,14.132069,0,0,0,0,1,0,0.0,0.0,0.0,15.802757,0.0,,,,,,,,,,,,,,,,,,
dance_002,D02_P019_T01,5.253023,13.102003,10.926025,7.54647,14.278609,20.8926,18.619827,13.40576,15.226246,13.850735,0,0,0,0,1,0,0.0,0.0,0.0,7.456447,0.0,,,,,,,,,,,,,,,,,,
dance_002,D02_P020_T01,6.659226,19.189763,12.011243,6.236431,14.43721,10.292366,14.346778,18.664089,12.118273,15.034727,0,0,0,0,0,0,0.0,0.0,0.0,20.55052,1.0,,,,,,,,,,,,,,,,,,
dance_002,D02_REF01,0.0,0.0,0.0,0.0,0.0,0.0,0.0,0.0,0.0,0.0,0,0,0,0,0,0,0.0,0.0,0.0,0.0,0.0,,,,,,,,,,,,,,,,,,
dance_003,D03_P002_T01,7.388533,16.649802,16.778642,15.192396,9.514489,16.242349,16.535494,22.144158,16.467666,13.907558,0,0,0,0,0,0,1.0,0.0,0.0,12.253524,0.0,9.729515,11.994284,13.20095,0.0,0.0,0.0,,,,,,,,,,,,
dance_003,D03_P003_T01,5.491165,9.383471,8.131758,8.314843,8.354814,8.416397,10.428684,12.396772,11.462452,9.889452,0,0,0,0,0,0,0.0,0.0,0.0,9.209953,0.0,9.303032,12.207378,13.822398,0.0,0.0,1.0,,,,,,,,,,,,
dance_003,D03_P004_T01,5.373071,8.054728,13.550711,11.508451,9.647533,9.50815,17.474275,13.3593,13.62346,10.187383,0,0,0,0,0,1,0.0,0.0,0.0,11.69824,0.0,13.172636,,,0.0,,,,,,,,,,,,,,
dance_003,D03_P005_T01,6.305287,12.531657,11.295083,10.586971,13.98322,10.918967,11.983401,11.655451,9.890648,,0,0,0,1,0,0,0.0,0.0,,,,,,,,,,,,,,,,,,,,,
dance_003,D03_P006_T01,5.617807,11.744793,10.581053,10.267828,8.15102,8.885285,9.497098,12.349719,10.865257,11.710796,0,0,0,0,0,0,1.0,0.0,0.0,10.496766,0.0,7.511935,8.870368,10.369921,0.0,0.0,0.0,,,,,,,,,,,,
dance_003,D03_P007_T01,6.53242,11.266326,15.68557,12.118393,11.544633,18.27955,19.136897,18.394238,14.575648,16.366547,0,0,0,0,0,0,0.0,0.0,0.0,16.678427,0.0,8.683798,12.368518,15.366118,0.0,0.0,0.0,,,,,,,,,,,,
dance_003,D03_P008_T01,5.643716,12.74427,12.024949,13.408658,14.369002,13.764772,10.974853,11.578364,14.458147,10.260032,0,0,0,0,0,0,0.0,0.0,0.0,16.773831,1.0,8.786959,11.474216,12.367073,0.0,0.0,0.0,,,,,,,,,,,,
dance_003,D03_P009_T01,6.448119,18.887846,12.41112,11.089177,11.353368,9.517897,9.599967,11.898909,12.72349,11.589536,1,0,0,0,0,0,0.0,0.0,0.0,14.492123,0.0,11.29124,11.902773,11.896131,0.0,0.0,0.0,,,,,,,,,,,,
dance_003,D03_P010_T01,5.652191,10.506293,10.266796,8.34149,9.858868,11.229247,11.189635,13.957014,15.446566,10.798606,0,0,0,0,0,0,0.0,1.0,0.0,9.340176,0.0,13.549562,,,0.0,,,,,,,,,,,,,,
dance_003,D03_P011_T01,5.734666,9.912639,11.472939,10.429811,8.462458,10.213714,12.110996,11.004635,8.413179,8.255721,0,0,0,0,0,1,0.0,0.0,0.0,10.143017,0.0,11.337239,,,0.0,,,,,,,,,,,,,,
dance_003,D03_P012_T01,5.554076,10.312298,14.197145,11.153025,10.170371,9.747776,10.787249,11.751528,13.210117,11.497151,0,1,0,0,0,0,0.0,0.0,0.0,9.176264,0.0,8.276488,10.701119,12.122097,0.0,0.0,0.0,,,,,,,,,,,,
dance_003,D03_P013_T01,5.635727,9.531084,8.749659,9.910559,8.346086,7.681683,10.282636,12.673733,10.820972,11.485411,0,0,0,0,0,0,1.0,0.0,0.0,9.064338,0.0,8.005892,10.441572,11.845943,0.0,0.0,0.0,,,,,,,,,,,,
dance_003,D03_P014_T01,5.224482,8.666179,10.251134,8.909668,10.757187,8.051769,9.166558,10.869638,9.906758,13.785986,0,0,0,0,0,0,0.0,0.0,1.0,11.121384,0.0,9.164756,8.859624,11.878446,0.0,0.0,0.0,,,,,,,,,,,,
dance_003,D03_P015_T01,5.944463,11.212846,10.149173,11.316334,8.5798,8.364797,10.5865,9.355471,9.901905,12.471145,0,0,0,0,0,0,0.0,0.0,0.0,8.971708,0.0,10.349061,11.593303,13.523419,0.0,0.0,1.0,,,,,,,,,,,,
dance_003,D03_P016_T01,6.143894,12.404974,14.253053,11.09877,9.326536,8.851302,10.906267,13.280179,14.212421,12.959066,0,1,0,0,0,0,0.0,1.0,0.0,12.410196,0.0,11.201423,11.430452,10.520774,0.0,0.0,0.0,,,,,,,,,,,,
dance_003,D03_P017_T01,5.412791,10.302297,9.094089,11.625127,11.167009,8.497666,9.100053,12.324515,10.775094,12.858746,0,0,0,0,0,0,0.0,0.0,1.0,8.324433,0.0,9.011794,10.37226,11.369036,0.0,0.0,0.0,,,,,,,,,,,,
dance_003,D03_P018_T01,5.963017,10.299849,8.391305,10.322643,9.671925,9.499229,10.308536,13.339072,11.208141,11.521836,0,0,0,0,0,0,1.0,0.0,0.0,9.935623,0.0,9.245017,11.548748,12.102109,0.0,0.0,0.0,,,,,,,,,,,,
dance_003,D03_P019_T01,4.794204,11.862203,11.684168,10.442059,11.113596,10.223073,10.353727,11.580096,9.777387,11.986571,0,0,0,0,0,0,0.0,0.0,0.0,7.876663,0.0,7.17424,11.292111,11.961512,0.0,0.0,0.0,,,,,,,,,,,,
dance_003,D03_P020_T01,6.147511,11.207225,9.639015,11.459252,12.745037,10.271504,9.018278,12.706304,12.34308,14.540663,0,0,0,0,0,0,0.0,0.0,1.0,12.254958,0.0,8.445062,9.255105,11.312254,0.0,0.0,0.0,,,,,,,,,,,,
dance_003,D03_REF01,0.0,0.0,0.0,0.0,0.0,0.0,0.0,0.0,0.0,0.0,0,0,0,0,0,0,0.0,0.0,0.0,0.0,0.0,0.0,0.0,0.0,0.0,0.0,0.0,,,,,,,,,,,,
dance_004,D04_P002_T01,5.749235,11.046292,8.204863,10.469609,15.409518,16.782659,12.045869,10.811668,12.887535,12.472358,0,0,0,0,1,0,0.0,0.0,0.0,13.990957,0.0,14.038031,,,0.0,,,,,,,,,,,,,,
dance_004,D04_P003_T01,5.386393,12.491994,10.337335,16.591859,21.331086,15.43788,10.143249,10.393362,13.033803,11.058002,0,0,0,1,0,0,0.0,0.0,0.0,10.676816,0.0,11.756559,10.055945,,0.0,0.0,,,,,,,,,,,,,
dance_004,D04_P004_T01,5.780335,13.397585,11.536754,9.011493,10.963834,10.544744,11.07399,12.344143,13.25552,,0,0,0,0,0,0,0.0,0.0,,,,,,,,,,,,,,,,,,,,,
dance_004,D04_P005_T01,5.858641,13.544808,9.332189,8.762363,11.866199,10.879879,10.35094,10.783065,11.155284,,1,0,0,0,0,0,0.0,0.0,,,,,,,,,,,,,,,,,,,,,
dance_004,D04_P006_T01,5.958942,11.649491,11.012367,10.350393,13.369277,15.812638,9.941832,10.280724,10.055333,12.913494,0,0,0,0,1,0,0.0,0.0,0.0,13.562286,0.0,10.970371,,,0.0,,,,,,,,,,,,,,
dance_004,D04_P007_T01,6.53365,18.253878,9.81762,12.939387,19.742784,20.325163,14.055176,12.300415,13.163247,11.006693,0,0,0,0,1,0,0.0,0.0,0.0,16.813093,0.0,15.964592,,,0.0,,,,,,,,,,,,,,
dance_004,D04_P008_T01,5.596926,15.888106,10.294582,14.150102,10.959073,16.503121,13.188383,11.627184,12.381728,11.644676,0,0,0,0,0,0,0.0,0.0,0.0,15.139982,0.0,16.906452,,,1.0,,,,,,,,,,,,,,
dance_004,D04_P009_T01,5.56749,10.590169,12.558082,9.525441,17.014332,10.98496,12.104138,11.887668,11.964871,10.803523,0,0,0,1,0,0,0.0,0.0,0.0,13.794376,0.0,13.336243,,,0.0,,,,,,,,,,,,,,
dance_004,D04_P010_T01,5.227234,15.60983,12.668732,8.337003,9.700598,8.709853,12.16063,10.891989,10.620966,10.397235,1,0,0,0,0,0,0.0,0.0,0.0,13.099386,0.0,12.016715,,,0.0,,,,,,,,,,,,,,
dance_004,D04_P011_T01,5.667557,11.776036,9.879627,9.552801,8.59455,9.26802,10.736241,13.740515,14.233979,,0,0,0,0,0,0,0.0,1.0,,,,,,,,,,,,,,,,,,,,,
dance_004,D04_P012_T01,5.812238,12.433479,12.998544,10.378806,14.990295,18.128331,12.047229,14.112879,11.945474,11.369546,0,0,0,0,1,0,0.0,0.0,0.0,12.827372,0.0,12.843212,,,0.0,,,,,,,,,,,,,,
dance_004,D04_P013_T01,6.166644,23.831986,16.254714,9.376371,11.671483,10.21067,8.775903,10.487282,11.583298,11.464709,1,0,0,0,0,0,0.0,0.0,0.0,12.677313,0.0,10.575317,,,0.0,,,,,,,,,,,,,,
dance_004,D04_P014_T01,6.341729,12.855407,10.614555,11.315927,13.126327,14.221481,13.267436,14.330262,11.58308,14.434032,0,0,0,0,0,0,0.0,0.0,0.0,14.989835,0.0,14.000591,,,0.0,,,,,,,,,,,,,,
dance_004,D04_P015_T01,5.037579,17.411012,16.98871,9.508858,11.144598,9.341865,10.337452,9.073416,12.059651,14.736127,1,1,0,0,0,0,0.0,0.0,0.0,13.97657,0.0,8.983292,,,0.0,,,,,,,,,,,,,,
dance_004,D04_P016_T01,6.213353,9.693936,8.909761,8.694368,14.234181,12.589334,10.922009,11.28829,10.870124,11.194195,0,0,0,1,0,0,0.0,0.0,0.0,12.617899,0.0,14.143204,,,1.0,,,,,,,,,,,,,,
dance_004,D04_P017_T01,7.311688,15.850636,18.633676,20.211531,20.342969,17.099703,15.729115,11.477361,15.227481,14.013897,0,0,0,0,0,0,0.0,0.0,0.0,,,,,,,,,,,,,,,,,,,,
dance_004,D04_P018_T01,5.445519,12.009043,8.188162,9.04462,9.853141,11.058967,9.28644,11.582309,11.122597,13.679783,0,0,0,0,0,0,0.0,0.0,1.0,12.063957,0.0,12.008979,,,0.0,,,,,,,,,,,,,,
dance_004,D04_P019_T01,6.1981,10.33109,15.108115,11.164559,11.925085,13.628277,13.310044,13.936849,10.537032,10.038202,0,0,0,0,0,0,0.0,0.0,0.0,14.527976,0.0,20.999214,,,1.0,,,,,,,,,,,,,,
dance_004,D04_P020_T01,5.834678,11.329377,12.04425,14.470306,14.534039,18.011608,12.947418,11.420626,10.64359,13.092388,0,0,0,0,1,0,0.0,0.0,0.0,14.176457,0.0,15.45892,,,0.0,,,,,,,,,,,,,,
dance_004,D04_REF01,0.0,0.0,0.0,0.0,0.0,0.0,0.0,0.0,0.0,0.0,0,0,0,0,0,0,0.0,0.0,0.0,0.0,0.0,0.0,0.0,,0.0,0.0,,,,,,,,,,,,,
dance_005,D05_P002_T01,5.829832,13.734667,9.289031,9.821635,9.125507,11.969882,13.799709,9.747124,17.235241,8.479223,0,0,0,0,0,0,0.0,1.0,0.0,,,,,,,,,,,,,,,,,,,,
dance_005,D05_P003_T01,4.817799,13.556332,11.286722,10.274119,7.979235,8.581539,9.013452,8.883155,8.682693,,1,0,0,0,0,0,0.0,0.0,,,,,,,,,,,,,,,,,,,,,
dance_005,D05_P004_T01,5.001801,11.373496,7.971682,6.970137,8.426323,8.837611,10.762884,11.861472,11.213302,7.359213,0,0,0,0,0,0,0.0,0.0,0.0,,,,,,,,,,,,,,,,,,,,
dance_005,D05_P005_T01,4.99096,9.368644,7.861922,8.464313,11.33313,9.415802,8.637543,,,,0,0,0,1,0,0,,,,,,,,,,,,,,,,,,,,,,,
dance_005,D05_P006_T01,4.663703,8.311863,10.137918,7.685663,8.050823,8.026196,6.795908,8.909177,6.398292,6.192721,0,1,0,0,0,0,0.0,0.0,0.0,,,,,,,,,,,,,,,,,,,,
dance_005,D05_P007_T01,6.158683,15.84304,13.502002,8.166976,11.952017,8.676235,10.354576,18.443719,17.917432,9.988013,0,0,0,0,0,0,1.0,0.0,0.0,,,,,,,,,,,,,,,,,,,,
dance_005,D05_P008_T01,4.560046,18.776939,16.376935,14.759243,11.296164,10.08105,12.645938,15.830551,14.587928,6.651075,1,0,0,0,0,0,0.0,0.0,0.0,,,,,,,,,,,,,,,,,,,,
dance_005,D05_P009_T01,4.995646,11.281617,10.31027,9.096369,9.712408,7.68831,8.686313,10.122437,9.718471,9.155761,1,0,0,0,0,0,0.0,0.0,0.0,,,,,,,,,,,,,,,,,,,,
dance_005,D05_P010_T01,5.323448,11.994111,13.408524,11.581002,11.943358,15.482773,17.505878,8.962857,12.167399,9.098498,0,0,0,0,0,1,0.0,0.0,0.0,,,,,,,,,,,,,,,,,,,,
dance_005,D05_P011_T01,4.608417,7.669524,9.142043,11.794309,8.146809,9.957772,10.330595,11.071207,8.58346,,0,0,1,0,0,0,0.0,0.0,,,,,,,,,,,,,,,,,,,,,
dance_005,D05_P012_T01,5.740336,12.21934,12.217607,7.73599,9.484744,8.266397,7.36458,13.471307,11.638911,8.438737,0,0,0,0,0,0,1.0,0.0,0.0,,,,,,,,,,,,,,,,,,,,
dance_005,D05_P013_T01,5.476462,11.69324,10.9692,10.22368,13.580289,10.112023,9.566664,8.84435,11.99677,11.007337,0,0,0,1,0,0,0.0,0.0,0.0,,,,,,,,,,,,,,,,,,,,
dance_005,D05_P014_T01,5.160466,8.879387,8.885059,11.441719,11.72532,12.605044,12.883742,10.13806,10.598965,7.722741,0,0,0,0,0,0,0.0,0.0,0.0,,,,,,,,,,,,,,,,,,,,
dance_005,D05_P015_T01,4.96233,11.848605,8.413453,8.789514,7.605072,7.833093,8.211734,9.68892,9.998766,10.605139,1,0,0,0,0,0,0.0,0.0,0.0,,,,,,,,,,,,,,,,,,,,
dance_005,D05_P016_T01,6.060427,9.645196,11.109054,9.710452,10.291753,11.323004,13.798608,14.707283,12.262214,15.744883,0,0,0,0,0,0,0.0,0.0,1.0,,,,,,,,,,,,,,,,,,,,
dance_005,D05_P017_T01,6.857041,12.740227,11.985096,14.827959,14.624617,11.027123,10.79537,9.504569,10.437145,13.649471,0,0,0,0,0,0,0.0,0.0,0.0,,,,,,,,,,,,,,,,,,,,
dance_005,D05_P018_T01,5.412662,12.348262,7.088925,8.867602,10.80623,10.484545,9.4339,11.00968,11.636003,5.345798,0,0,0,0,0,0,0.0,0.0,0.0,,,,,,,,,,,,,,,,,,,,
dance_005,D05_P019_T01,4.915315,14.551199,10.739293,7.941678,9.701948,9.095689,7.315956,11.45398,9.697389,6.178007,1,0,0,0,0,0,0.0,0.0,0.0,,,,,,,,,,,,,,,,,,,,
dance_005,D05_P020_T01,5.151032,11.016632,8.799157,8.197545,9.098602,9.965556,7.825844,10.699004,11.141475,10.212545,0,0,0,0,0,0,0.0,0.0,0.0,,,,,,,,,,,,,,,,,,,,
dance_005,D05_REF01,0.0,0.0,0.0,0.0,0.0,0.0,0.0,0.0,0.0,0.0,0,0,0,0,0,0,0.0,0.0,0.0,,,,,,,,,,,,,,,,,,,,
dance_006,D06_P002_T01,6.177574,19.152659,17.301022,15.239369,13.065127,13.620205,13.55957,11.647349,11.478991,11.790614,1,1,0,0,0,0,0.0,0.0,0.0,11.373794,0.0,11.999473,14.816579,13.502516,0.0,0.0,0.0,,,,,,,,,,,,
dance_006,D06_P003_T01,5.697284,10.351107,10.945301,9.981608,10.5887,10.277918,14.11557,14.51785,12.059774,12.311108,0,0,0,0,0,0,1.0,0.0,0.0,9.004603,0.0,13.968979,,,0.0,,,,,,,,,,,,,,
dance_006,D06_P004_T01,4.695423,8.73273,9.390255,11.049096,10.896584,7.547982,5.562674,6.329995,9.656146,8.96428,0,0,1,0,0,0,0.0,0.0,0.0,7.358474,0.0,8.470106,8.437442,9.415324,0.0,0.0,0.0,,,,,,,,,,,,
dance_006,D06_P005_T01,4.80013,13.469725,9.916813,11.943213,8.322329,9.518587,7.227171,8.46904,7.684594,,1,0,0,0,0,0,0.0,0.0,,,,,,,,,,,,,,,,,,,,,
dance_006,D06_P006_T01,5.242149,9.102569,10.691736,10.674918,12.014915,8.994368,7.913649,7.200838,9.454449,7.865452,0,0,0,1,0,0,0.0,0.0,0.0,8.299375,0.0,9.609712,9.29265,8.996833,0.0,0.0,0.0,,,,,,,,,,,,
dance_006,D06_P007_T01,5.991129,17.543871,16.888644,13.486487,11.980466,10.029617,10.627168,13.035397,14.984131,13.488191,1,1,0,0,0,0,0.0,0.0,0.0,10.754432,0.0,10.936876,9.507078,12.062302,0.0,0.0,0.0,,,,,,,,,,,,
dance_006,D06_P008_T01,5.725062,15.797304,13.395445,12.227344,9.814633,12.183061,11.042953,10.725017,8.741587,14.422486,1,0,0,0,0,0,0.0,0.0,0.0,9.814648,0.0,11.120714,12.422848,15.624422,0.0,0.0,1.0,,,,,,,,,,,,
dance_006,D06_P009_T01,5.932104,12.647801,14.517353,12.327274,12.624634,12.4452,9.751003,8.836144,10.646579,10.200184,0,0,0,0,0,0,0.0,0.0,0.0,9.953416,0.0,10.2341,12.736817,15.392311,0.0,0.0,1.0,,,,,,,,,,,,
dance_006,D06_P010_T01,4.989692,10.356968,12.506289,9.756624,11.185856,11.473715,9.056594,10.408015,10.141075,11.360742,0,1,0,0,0,0,0.0,0.0,0.0,,,,,,,,,,,,,,,,,,,,
dance_006,D06_P011_T01,5.865863,12.695904,12.218053,10.530062,9.884111,6.997342,12.355254,9.868794,9.809503,8.729559,0,0,0,0,0,0,0.0,0.0,0.0,10.279675,0.0,12.789858,,,0.0,,,,,,,,,,,,,,
dance_006,D06_P012_T01,5.792843,17.689812,16.329202,13.621175,14.53639,10.133252,9.921561,8.264395,11.922576,12.480537,1,1,0,0,0,0,0.0,0.0,0.0,10.334163,0.0,10.222077,8.621867,8.568697,0.0,0.0,0.0,,,,,,,,,,,,
dance_006,D06_P013_T01,5.817004,13.508823,14.371697,11.155441,10.98216,9.754463,10.643697,8.570034,9.640543,13.789082,0,0,0,0,0,0,0.0,0.0,0.0,12.730426,0.0,11.33058,13.796915,15.029366,0.0,0.0,1.0,,,,,,,,,,,,
dance_006,D06_P014_T01,5.108229,11.261189,8.933742,11.04763,11.3311,8.628127,7.272073,8.789498,10.401192,9.029317,1,0,0,1,0,0,0.0,0.0,0.0,9.099708,0.0,7.684149,9.329917,7.660205,0.0,0.0,0.0,,,,,,,,,,,,
dance_006,D06_P015_T01,5.101955,9.991971,8.107659,8.635163,11.679112,10.508821,10.187894,9.578258,8.664619,9.288842,0,0,0,0,0,0,0.0,0.0,0.0,12.271641,1.0,9.027263,10.612323,11.41859,0.0,0.0,0.0,,,,,,,,,,,,
dance_006,D06_P016_T01,5.994951,13.316651,10.203074,9.692643,11.47589,11.497835,10.998735,13.49619,8.355946,13.528987,0,0,0,0,0,0,0.0,0.0,0.0,9.841086,0.0,12.789718,8.958003,11.882225,0.0,0.0,0.0,,,,,,,,,,,,
dance_006,D06_P017_T01,5.02768,10.628111,16.154637,13.686991,12.420825,9.095174,8.827226,8.516537,11.631592,10.561983,0,1,0,0,0,0,0.0,0.0,0.0,7.54438,0.0,9.59897,9.310559,10.76352,0.0,0.0,0.0,,,,,,,,,,,,
dance_006,D06_P018_T01,5.41901,12.300239,12.11742,8.060249,10.431997,11.569468,10.310698,10.004318,9.370792,11.149821,1,0,0,0,0,0,0.0,0.0,0.0,10.220144,0.0,9.511694,8.730493,8.413928,0.0,0.0,0.0,,,,,,,,,,,,
dance_006,D06_P019_T01,5.090577,16.665387,11.069294,10.041527,13.846643,9.187296,6.665152,7.924608,7.624532,7.347857,1,0,0,0,0,0,0.0,0.0,0.0,10.655206,0.0,10.055278,10.900267,13.769867,0.0,0.0,0.0,,,,,,,,,,,,
dance_006,D06_P020_T01,4.43349,9.872061,12.589002,9.634819,9.882121,8.609112,6.742231,7.794436,10.13881,11.32781,0,1,0,0,0,0,0.0,0.0,0.0,8.646007,0.0,9.076922,8.310167,8.833696,0.0,0.0,0.0,,,,,,,,,,,,
dance_006,D06_REF01,0.0,0.0,0.0,0.0,0.0,0.0,0.0,0.0,0.0,0.0,0,0,0,0,0,0,0.0,0.0,0.0,0.0,0.0,0.0,0.0,0.0,0.0,0.0,0.0,,,,,,,,,,,,
dance_007,D07_P002_T01,4.895368,13.443783,12.411237,11.606157,8.227174,7.949877,12.928527,11.08637,11.343782,13.146105,0,0,0,0,0,0,0.0,0.0,0.0,9.055915,0.0,10.957508,,,0.0,,,,,,,,,,,,,,
dance_007,D07_P003_T01,3.911555,5.469461,7.963499,6.149858,12.141719,9.894627,8.227913,8.178997,7.825722,8.970518,0,0,0,1,0,0,0.0,0.0,0.0,7.186884,0.0,,,,,,,,,,,,,,,,,,
dance_007,D07_P004_T01,4.769943,5.949921,10.428539,10.417822,9.945355,9.159089,12.13065,10.430528,9.100807,7.961236,0,0,0,0,0,1,0.0,0.0,0.0,9.153638,0.0,10.036549,,,0.0,,,,,,,,,,,,,,
dance_007,D07_P005_T01,4.365158,5.930101,7.554578,10.556137,9.615658,9.578971,9.638933,9.840666,8.769093,,0,0,0,0,0,0,0.0,0.0,,,,,,,,,,,,,,,,,,,,,
dance_007,D07_P006_T01,4.361281,10.310946,7.680523,9.262389,9.942076,10.771944,8.976123,9.374865,8.41887,9.959946,0,0,0,0,0,0,0.0,0.0,0.0,7.18642,0.0,9.682583,,,0.0,,,,,,,,,,,,,,
dance_007,D07_P007_T01,4.642458,13.591098,9.0824,10.335876,11.209421,12.321046,11.644898,15.506506,18.3495,12.389425,0,0,0,0,0,0,0.0,1.0,0.0,9.605939,0.0,11.224699,,,0.0,,,,,,,,,,,,,,
dance_007,D07_P008_T01,4.58713,8.538334,6.092531,9.123022,9.802917,9.466433,12.098724,10.222151,14.42272,13.443404,0,0,0,0,0,0,0.0,1.0,0.0,12.750117,0.0,9.297673,,,0.0,,,,,,,,,,,,,,
dance_007,D07_P009_T01,4.449602,8.627573,7.607672,9.837386,7.724186,7.427271,8.071682,6.684026,7.753033,8.138521,0,0,0,0,0,0,0.0,0.0,0.0,7.631102,0.0,11.017519,,,1.0,,,,,,,,,,,,,,
dance_007,D07_P010_T01,4.039826,6.278434,8.006207,7.983322,8.114406,8.10002,9.314122,8.638048,6.342528,7.073402,0,0,0,0,0,0,0.0,0.0,0.0,10.261929,1.0,8.469488,,,0.0,,,,,,,,,,,,,,
dance_007,D07_P011_T01,5.011841,7.911382,8.105669,10.703044,10.372812,11.841912,12.817076,8.276243,8.348818,10.180809,0,0,0,0,0,1,0.0,0.0,0.0,11.149276,0.0,,,,,,,,,,,,,,,,,,
dance_007,D07_P012_T01,5.133177,9.525823,12.366789,13.306512,12.143628,9.615704,11.20057,8.827374,8.722728,11.309098,0,0,1,0,0,0,0.0,0.0,0.0,9.032041,0.0,12.500807,,,0.0,,,,,,,,,,,,,,
dance_007,D07_P013_T01,5.587305,10.618562,9.366503,9.417971,10.023555,13.064474,12.748681,10.824419,11.846782,17.430342,0,0,0,0,0,0,0.0,0.0,1.0,16.221462,1.0,13.796623,,,0.0,,,,,,,,,,,,,,
dance_007,D07_P014_T01,5.19005,11.034725,9.208877,8.920362,9.030197,9.529702,11.586971,10.601498,11.946605,9.05871,0,0,0,0,0,1,0.0,1.0,0.0,9.033059,0.0,9.585015,,,0.0,,,,,,,,,,,,,,
dance_007,D07_P015_T01,4.332503,8.450789,9.436829,13.365728,11.036207,10.993273,9.628115,8.125106,7.002539,8.021752,0,0,1,0,0,0,0.0,0.0,0.0,8.959745,0.0,7.037423,,,0.0,,,,,,,,,,,,,,
dance_007,D07_P016_T01,5.24899,8.063775,8.029014,8.320669,11.570755,11.008709,12.402521,12.43034,10.421183,11.918572,0,0,0,0,0,0,0.0,0.0,0.0,13.808385,1.0,11.00024,,,0.0,,,,,,,,,,,,,,
dance_007,D07_P017_T01,4.831485,11.843851,12.319778,11.646463,12.044796,11.821158,14.517706,10.883696,4.903683,6.31138,0,0,0,0,0,1,0.0,0.0,0.0,7.469419,0.0,7.70116,,,0.0,,,,,,,,,,,,,,
dance_007,D07_P018_T01,4.602901,9.923807,8.472936,9.566125,10.7151,10.806898,10.605025,7.285899,5.605079,7.573396,0,0,0,0,0,0,0.0,0.0,0.0,7.582234,0.0,8.883654,,,0.0,,,,,,,,,,,,,,
dance_007,D07_P019_T01,4.264969,6.988507,6.354724,8.636844,9.401807,12.717264,10.752873,8.469635,6.762569,7.008793,0,0,0,0,1,0,0.0,0.0,0.0,8.209094,0.0,7.353476,,,0.0,,,,,,,,,,,,,,
dance_007,D07_P020_T01,3.52727,4.746786,6.867543,8.577251,9.700514,10.606431,8.95128,7.770199,6.134594,6.50944,0,0,0,0,1,0,0.0,0.0,0.0,6.729447,0.0,7.725069,,,0.0,,,,,,,,,,,,,,
dance_007,D07_REF01,0.0,0.0,0.0,0.0,0.0,0.0,0.0,0.0,0.0,0.0,0,0,0,0,0,0,0.0,0.0,0.0,0.0,0.0,0.0,,,0.0,,,,,,,,,,,,,,
dance_008,D08_P002_T01,4.735264,9.506472,12.233964,15.380404,9.839798,13.353143,15.841024,9.924128,20.310443,19.725478,0,0,0,0,0,0,0.0,1.0,1.0,15.535875,0.0,14.865767,14.92106,15.700613,0.0,0.0,0.0,9.534781,14.745328,16.2586,13.530163,11.458355,10.727096,0.0,0.0,0.0,0.0,0.0,0.0
dance_008,D08_P003_T01,4.441237,12.947297,11.719058,10.649399,14.337521,11.14853,10.087819,14.091806,11.343638,13.523377,0,0,0,0,0,0,0.0,0.0,0.0,14.033953,0.0,8.460367,11.972417,7.991972,0.0,0.0,0.0,9.997665,9.752012,,,,,0.0,0.0,,,,
dance_008,D08_P004_T01,4.212583,11.802756,8.334564,7.757014,7.461067,11.043066,12.193109,8.352649,12.250899,11.808966,0,0,0,0,0,0,0.0,0.0,0.0,13.302072,0.0,10.460078,13.605006,10.360475,0.0,0.0,0.0,10.525339,12.00004,11.743621,9.701952,12.318011,13.531291,0.0,0.0,0.0,0.0,0.0,0.0
dance_008,D08_P005_T01,4.488117,8.0339,10.97637,11.980298,13.849049,13.374731,13.305848,10.705039,9.053436,,0,0,0,0,0,0,0.0,0.0,,,,,,,,,,,,,,,,,,,,,
dance_008,D08_P006_T01,5.956824,10.503847,10.535999,17.24223,12.281609,18.021182,11.687042,8.922397,12.101444,12.475571,0,0,1,0,1,0,0.0,0.0,0.0,10.649631,0.0,15.02495,17.899321,17.233448,0.0,1.0,1.0,10.659904,10.469503,13.019178,8.478978,12.133792,12.188594,0.0,0.0,0.0,0.0,0.0,0.0
dance_008,D08_P007_T01,4.390118,12.964704,6.059175,6.747476,14.177282,12.630992,18.753704,17.7162,16.413269,15.090456,0,0,0,0,0,1,0.0,0.0,0.0,13.385085,0.0,11.27189,10.205472,8.506526,0.0,0.0,0.0,11.207444,,,,,,0.0,,,,,
dance_008,D08_P008_T01,5.187611,17.477658,11.63999,16.536345,16.293181,10.011871,11.50813,10.50827,14.621268,10.969205,1,0,0,0,0,0,0.0,0.0,0.0,9.429422,0.0,14.006988,15.046445,17.778682,0.0,0.0,1.0,14.576356,13.462148,12.725571,11.423122,9.668291,8.936981,0.0,0.0,0.0,0.0,0.0,0.0
dance_008,D08_P009_T01,4.908808,12.905959,16.46288,12.634763,14.651697,7.497268,12.032527,10.345419,18.282156,14.047512,0,0,0,0,0,0,0.0,1.0,0.0,12.760366,0.0,14.781997,15.323253,16.319857,0.0,0.0,0.0,15.550204,12.279224,12.060949,13.006801,11.093369,11.945806,0.0,0.0,0.0,0.0,0.0,0.0
dance_008,D08_P010_T01,3.696346,12.484568,17.307153,11.648695,7.99372,9.324022,9.028293,6.241887,6.806423,6.356789,0,1,0,0,0,0,0.0,0.0,0.0,9.931871,0.0,9.620566,,,0.0,,,,,,,,,,,,,,
dance_008,D08_P011_T01,4.241161,9.355593,9.922642,7.840442,6.273294,10.830252,9.175943,8.584721,10.192061,5.439421,0,0,0,0,1,0,0.0,0.0,0.0,7.953501,0.0,8.09493,10.235654,8.228441,0.0,0.0,0.0,8.376457,9.137474,,,,,0.0,0.0,,,,
dance_008,D08_P012_T01,4.267905,15.587433,10.305894,15.233753,9.427265,7.95481,10.818846,8.557506,12.628093,13.971038,1,0,1,0,0,0,0.0,0.0,0.0,12.547457,0.0,13.241828,12.063153,13.063588,0.0,0.0,0.0,8.657538,10.30707,10.720808,9.661771,9.906337,11.839304,0.0,0.0,0.0,0.0,0.0,0.0
dance_008,D08_P013_T01,4.667878,13.129142,8.017632,13.958139,14.604574,11.896494,8.857155,10.760572,15.623462,9.276534,0,0,0,1,0,0,0.0,1.0,0.0,10.143077,0.0,9.734651,9.84457,10.388927,0.0,0.0,0.0,7.936357,13.67925,9.807082,8.781877,9.126301,10.333578,0.0,0.0,0.0,0.0,0.0,0.0
dance_008,D08_P014_T01,4.426039,11.331846,12.430808,25.581555,25.638366,12.357528,12.921944,8.301147,11.872069,14.880719,0,0,1,1,0,0,0.0,0.0,0.0,9.407527,0.0,9.823668,13.278192,13.634007,0.0,0.0,0.0,7.387759,11.691339,12.966032,8.497049,10.062286,8.751316,0.0,0.0,0.0,0.0,0.0,0.0
dance_008,D08_P015_T01,4.927813,13.377761,11.994439,10.062032,9.900713,12.534008,10.942038,8.692752,11.33665,8.783703,1,0,0,0,1,0,0.0,0.0,0.0,10.098957,0.0,9.637334,9.035824,10.095962,0.0,0.0,0.0,11.911768,9.464857,9.31297,6.668574,9.236919,9.272867,0.0,0.0,0.0,0.0,0.0,0.0
dance_008,D08_P016_T01,6.097111,7.491939,8.556192,14.413137,12.638742,9.594127,13.386631,9.997115,11.578541,12.03479,0,0,0,0,0,0,0.0,0.0,0.0,15.142307,0.0,13.209004,14.31521,13.459298,0.0,0.0,0.0,14.22012,13.536156,12.619926,11.100208,13.181836,11.87771,0.0,0.0,0.0,0.0,0.0,0.0
dance_008,D08_P017_T01,4.417245,11.186946,8.259984,12.084821,11.986926,9.20743,10.879459,11.373388,11.168863,13.019589,0,0,0,0,0,0,0.0,0.0,0.0,13.530012,0.0,11.390134,9.027434,8.899851,0.0,0.0,0.0,9.819926,14.276968,10.82735,12.539415,13.547385,11.326102,0.0,1.0,0.0,0.0,0.0,0.0
dance_008,D08_P018_T01,5.143924,14.595438,14.42295,16.390826,9.949698,9.964883,11.731422,11.439225,11.52986,9.683274,0,0,1,0,0,0,0.0,0.0,0.0,11.323666,0.0,10.956041,10.407182,11.109339,0.0,0.0,0.0,8.695948,,,,,,0.0,,,,,
dance_008,D08_P019_T01,4.214087,8.219003,8.388365,10.210074,10.718845,11.9418,10.7167,12.976733,13.706593,9.950135,0,0,0,0,0,0,0.0,1.0,0.0,,,,,,,,,,,,,,,,,,,,
dance_008,D08_P020_T01,4.798273,10.067981,11.84328,18.307281,16.677207,11.495623,13.161888,10.858591,14.785862,13.279438,0,0,1,1,0,0,0.0,0.0,0.0,15.957982,0.0,11.907759,12.587578,14.01345,0.0,0.0,0.0,8.627931,10.960334,11.354045,8.628028,9.671501,11.374203,0.0,0.0,0.0,0.0,0.0,0.0
dance_008,D08_REF01,0.0,0.0,0.0,0.0,0.0,0.0,0.0,0.0,0.0,0.0,0,0,0,0,0,0,0.0,0.0,0.0,0.0,0.0,0.0,0.0,0.0,0.0,0.0,0.0,0.0,0.0,0.0,0.0,0.0,0.0,0.0,0.0,0.0,0.0,0.0,0.0
dance_009,D09_P002_T01,7.46798,16.218718,14.755182,23.297772,20.405637,19.534673,16.999872,15.408345,15.845052,14.022773,0,0,1,0,0,0,0.0,0.0,0.0,16.272668,0.0,,,,,,,,,,,,,,,,,,
dance_009,D09_P003_T01,6.4897,14.634148,15.767794,17.299633,20.169529,20.089115,14.102653,15.822007,14.484843,12.732603,0,0,0,1,1,0,0.0,0.0,0.0,,,,,,,,,,,,,,,,,,,,
dance_009,D09_P004_T01,5.821026,11.994819,11.042812,9.733382,12.778609,8.890816,15.73309,16.047657,11.985271,11.097842,0,0,0,0,0,0,1.0,0.0,0.0,14.452106,0.0,,,,,,,,,,,,,,,,,,
dance_009,D09_P005_T01,6.396535,12.519799,11.931903,11.50168,12.249164,11.19074,12.876063,11.952513,,,0,0,0,0,0,1,0.0,,,,,,,,,,,,,,,,,,,,,,
dance_009,D09_P006_T01,5.739189,13.836233,19.035005,15.375848,13.274771,13.510999,10.789839,13.4846,14.813341,16.519697,0,0,0,0,0,0,0.0,0.0,0.0,12.648518,0.0,22.052379,21.412609,,1.0,1.0,,,,,,,,,,,,,
dance_009,D09_P007_T01,6.899461,25.44465,12.922904,19.03365,13.776499,16.965941,15.190742,14.218168,14.463318,,1,0,0,0,0,0,0.0,0.0,,,,,,,,,,,,,,,,,,,,,
dance_009,D09_P008_T01,6.348249,13.406186,16.929179,15.402889,11.92174,14.026071,15.647709,14.841396,15.238776,13.361416,0,1,0,0,0,0,0.0,0.0,0.0,11.898779,0.0,12.126508,10.936978,,0.0,0.0,,,,,,,,,,,,,
dance_009,D09_P009_T01,5.970971,13.763591,10.203402,15.029721,10.846145,11.156668,12.540814,15.46993,14.214578,10.996983,0,0,0,0,0,0,0.0,0.0,0.0,9.768747,0.0,10.656677,15.469444,,0.0,0.0,,,,,,,,,,,,,
dance_009,D09_P010_T01,7.625009,17.590876,12.684032,11.418581,16.191943,12.250667,16.628214,13.259868,11.99602,12.599353,1,0,0,0,0,0,0.0,0.0,0.0,,,,,,,,,,,,,,,,,,,,
dance_009,D09_P011_T01,5.761501,13.3672,13.247765,15.707628,17.717334,12.766173,14.469899,16.343285,15.569023,11.717938,0,0,0,1,0,0,0.0,0.0,0.0,,,,,,,,,,,,,,,,,,,,
dance_009,D09_P012_T01,9.820092,27.215759,20.355491,23.591995,14.525845,17.561946,15.052341,16.020629,23.909016,23.774996,0,0,0,0,0,0,0.0,0.0,0.0,18.201992,0.0,22.418571,27.566041,,0.0,1.0,,,,,,,,,,,,,
dance_009,D09_P013_T01,7.54054,20.999761,20.010383,14.774083,14.346163,16.345692,11.671587,14.108196,22.628455,14.249896,0,0,0,0,0,0,0.0,1.0,0.0,10.529936,0.0,16.59654,11.024313,,0.0,0.0,,,,,,,,,,,,,
dance_009,D09_P014_T01,5.462268,12.780983,17.64032,13.004102,9.118257,12.082771,13.98471,17.832347,19.353225,11.551738,0,0,0,0,0,0,0.0,1.0,0.0,10.042955,0.0,17.812662,16.455356,,0.0,0.0,,,,,,,,,,,,,
dance_009,D09_P015_T01,6.183537,15.947836,12.881591,13.335117,10.970743,9.16221,9.674047,14.585433,16.210698,9.501667,0,0,0,0,0,0,0.0,0.0,0.0,8.998245,0.0,16.956378,,,1.0,,,,,,,,,,,,,,
dance_009,D09_P016_T01,5.37576,13.995526,13.406666,12.676841,11.864601,10.282404,10.212263,13.086758,16.235916,12.84814,0,0,0,0,0,0,0.0,1.0,0.0,9.011403,0.0,11.711146,8.971062,,0.0,0.0,,,,,,,,,,,,,
dance_009,D09_P017_T01,5.697038,13.105113,12.594262,11.944362,12.697516,9.37315,13.556176,12.755573,10.722045,13.671519,0,0,0,0,0,0,0.0,0.0,0.0,,,,,,,,,,,,,,,,,,,,
dance_009,D09_P018_T01,6.081107,18.858928,10.838651,13.915233,9.781477,9.389825,10.669237,11.481449,14.028659,12.520621,1,0,0,0,0,0,0.0,0.0,0.0,12.223514,0.0,15.058436,10.347064,,0.0,0.0,,,,,,,,,,,,,
dance_009,D09_P019_T01,8.696493,17.880834,19.639142,15.885558,15.253215,13.836528,19.330185,20.485854,21.407364,16.161222,0,0,0,0,0,0,0.0,1.0,0.0,9.696279,0.0,14.056637,14.881365,,0.0,0.0,,,,,,,,,,,,,
dance_009,D09_P020_T01,5.81189,14.662881,16.55618,15.66721,13.620765,11.918981,15.961302,14.22648,12.820337,9.809795,0,0,0,0,0,0,0.0,0.0,0.0,16.537695,0.0,,,,,,,,,,,,,,,,,,
dance_009,D09_REF01,0.0,0.0,0.0,0.0,0.0,0.0,0.0,0.0,0.0,0.0,0,0,0,0,0,0,0.0,0.0,0.0,0.0,0.0,0.0,0.0,,0.0,0.0,,,,,,,,,,,,,
dance_010,D10_P002_T01,6.371994,16.003485,16.759428,15.918706,15.04394,9.384913,17.68808,19.978079,12.69019,13.819425,0,0,0,0,0,0,1.0,0.0,0.0,12.806501,0.0,11.315493,14.277274,13.858458,0.0,0.0,0.0,,,,,,,,,,,,
dance_010,D10_P003_T01,5.676474,7.743276,7.189063,9.07163,8.823314,8.366009,8.866423,11.887326,11.432482,11.143593,0,0,0,0,0,0,0.0,0.0,0.0,12.055111,0.0,15.870445,,,1.0,,,,,,,,,,,,,,
dance_010,D10_P004_T01,5.968308,13.705577,15.592336,17.431369,13.206918,16.865272,11.45345,17.77674,21.278794,17.661779,0,0,0,0,0,0,0.0,1.0,0.0,14.023057,0.0,15.173119,15.571485,16.698171,0.0,0.0,0.0,,,,,,,,,,,,
dance_010,D10_P005_T01,5.842906,11.94724,10.324469,12.109275,15.244422,12.350426,9.738614,11.469072,13.051274,,0,0,0,1,0,0,0.0,0.0,,,,,,,,,,,,,,,,,,,,,
dance_010,D10_P006_T01,5.319949,9.286521,8.570004,12.942717,13.796298,16.63311,12.639807,14.68796,11.831955,18.35288,0,0,0,0,0,0,0.0,0.0,0.0,18.411641,0.0,18.322695,13.979177,9.20002,0.0,0.0,0.0,,,,,,,,,,,,
dance_010,D10_P007_T01,8.409289,15.251674,18.280278,17.904668,13.167139,18.773564,21.515959,22.391365,16.326924,19.786459,0,0,0,0,0,0,1.0,0.0,0.0,21.717367,0.0,19.322485,16.425439,15.051283,0.0,0.0,0.0,,,,,,,,,,,,
dance_010,D10_P008_T01,4.729257,9.17836,8.18899,9.202747,10.729374,9.95076,11.225711,9.556832,8.664604,9.707843,0,0,0,0,0,0,0.0,0.0,0.0,10.902719,0.0,10.844559,10.471944,11.747104,0.0,0.0,1.0,,,,,,,,,,,,
dance_010,D10_P009_T01,5.721611,13.594965,14.224495,13.63258,8.839181,9.992736,10.511078,14.458938,9.923151,10.810406,0,0,0,0,0,0,0.0,0.0,0.0,17.230865,1.0,11.170708,13.002527,14.042003,0.0,0.0,0.0,,,,,,,,,,,,
dance_010,D10_P010_T01,4.269189,7.621184,10.736425,7.884335,9.576147,6.502242,9.412906,7.627005,9.158626,9.939553,0,0,0,0,0,0,0.0,0.0,0.0,9.235913,0.0,11.39722,,,1.0,,,,,,,,,,,,,,
dance_010,D10_P011_T01,5.223236,7.210353,6.525128,6.889459,7.561235,7.464758,11.484499,8.378606,9.515395,10.750118,0,0,0,0,0,0,0.0,0.0,0.0,10.118762,0.0,18.304485,,,1.0,,,,,,,,,,,,,,
dance_010,D10_P012_T01,6.734384,15.408218,14.075866,14.564969,10.85353,15.51066,18.242524,20.806588,19.291254,14.261967,0,0,0,0,0,0,1.0,0.0,0.0,16.083989,0.0,17.300564,13.388826,16.727613,0.0,0.0,0.0,,,,,,,,,,,,
dance_010,D10_P013_T01,6.943524,13.074195,15.721513,14.460571,13.852652,16.173073,17.143841,15.638699,15.764006,13.298207,0,0,0,0,0,0,0.0,0.0,0.0,15.581752,0.0,12.161668,8.212481,17.798594,0.0,0.0,0.0,,,,,,,,,,,,
dance_010,D10_P014_T01,5.978208,9.859861,14.05842,13.504428,15.483877,10.272142,9.479574,13.594385,12.04155,11.107131,0,0,0,0,0,0,0.0,0.0,0.0,17.641846,1.0,10.192277,10.615693,11.196637,0.0,0.0,0.0,,,,,,,,,,,,
dance_010,D10_P015_T01,6.139936,13.962943,15.534495,13.389996,9.481473,12.252372,16.65207,15.380896,12.201613,12.274508,0,0,0,0,0,1,0.0,0.0,0.0,15.908644,0.0,11.27375,13.740778,12.307636,0.0,0.0,0.0,,,,,,,,,,,,
dance_010,D10_P016_T01,6.266122,10.00223,12.910943,10.116081,11.71806,11.261576,10.455647,8.631492,10.654645,14.806331,0,0,0,0,0,0,0.0,0.0,1.0,13.437974,0.0,13.042339,12.851059,12.412874,0.0,0.0,0.0,,,,,,,,,,,,
dance_010,D10_P017_T01,6.534743,13.797612,11.036696,14.085082,11.477728,13.791092,10.372134,9.137114,15.034841,9.827289,0,0,0,0,0,0,0.0,0.0,0.0,13.665117,0.0,16.584885,,,1.0,,,,,,,,,,,,,,
dance_010,D10_P018_T01,4.783081,15.733639,10.40167,7.047263,10.591401,7.757826,7.730376,9.478743,7.205429,7.917385,1,0,0,0,0,0,0.0,0.0,0.0,9.685161,0.0,9.204228,7.587886,10.431222,0.0,0.0,0.0,,,,,,,,,,,,
dance_010,D10_P019_T01,6.492247,10.940745,9.80752,11.375811,15.748567,8.958101,14.543844,13.394223,13.555486,18.594881,0,0,0,0,0,0,0.0,0.0,1.0,,,,,,,,,,,,,,,,,,,,
dance_010,D10_P020_T01,7.14637,11.865115,11.189468,12.908156,10.982226,11.284081,19.240048,13.187219,14.190206,15.367785,0,0,0,0,0,1,0.0,0.0,0.0,14.121781,0.0,13.231237,15.893341,10.155639,0.0,0.0,0.0,,,,,,,,,,,,
dance_010,D10_REF01,0.0,0.0,0.0,0.0,0.0,0.0,0.0,0.0,0.0,0.0,0,0,0,0,0,0,0.0,0.0,0.0,0.0,0.0,0.0,0.0,0.0,0.0,0.0,0.0,,,,,,,,,,,,
dance_011,D11_P002_T01,5.932211,10.411771,11.957199,17.237953,19.518443,15.822078,16.016937,14.88202,16.001752,15.336554,0,0,0,0,0,0,0.0,0.0,0.0,13.07689,0.0,16.37846,20.868932,18.252888,0.0,1.0,0.0,14.510434,14.642497,22.235901,,,,0.0,0.0,1.0,,,
dance_011,D11_P003_T01,5.496358,13.606626,9.689647,8.64267,6.851271,8.687204,10.193019,10.668868,11.444976,8.807435,0,0,0,0,0,0,0.0,0.0,0.0,10.538794,0.0,15.792759,10.575158,7.860862,1.0,0.0,0.0,,,,,,,,,,,,
dance_011,D11_P004_T01,5.848734,14.859948,7.378069,8.294908,8.788305,12.997474,12.845956,12.659292,10.218616,11.417371,0,0,0,0,0,0,0.0,0.0,0.0,20.188584,1.0,15.986056,10.720645,,0.0,0.0,,,,,,,,,,,,,
dance_011,D11_P005_T01,5.799812,10.431091,12.499302,10.941363,14.771137,11.842334,11.812904,12.419401,15.459182,,0,0,0,0,0,0,0.0,1.0,,,,,,,,,,,,,,,,,,,,,
dance_011,D11_P006_T01,5.459092,8.681773,9.686778,8.482988,11.474521,13.633958,8.688728,9.441437,13.11891,10.510793,0,0,0,0,0,0,0.0,0.0,0.0,8.33181,0.0,11.794117,9.229299,12.551063,0.0,0.0,0.0,11.745793,16.29279,12.002221,,,,0.0,1.0,0.0,,,
dance_011,D11_P007_T01,6.269384,11.486876,8.600131,12.921507,12.844484,12.340733,8.416564,9.784487,10.405789,13.787287,0,0,0,0,0,0,0.0,0.0,0.0,14.724921,0.0,15.190444,17.181635,19.855715,0.0,0.0,1.0,18.717576,21.087264,17.196931,,,,0.0,1.0,0.0,,,
dance_011,D11_P008_T01,5.536481,9.270009,13.130453,8.278254,7.175797,9.916525,10.457636,18.407433,16.809857,13.287967,0,0,0,0,0,0,0.0,0.0,0.0,11.86968,0.0,10.480833,10.030111,9.795353,0.0,0.0,0.0,17.937347,16.389228,20.515785,,,,0.0,0.0,1.0,,,
dance_011,D11_P009_T01,5.090403,9.213719,10.012149,11.110539,7.844144,13.920276,11.953981,10.643737,10.064865,9.252052,0,0,0,0,1,0,0.0,0.0,0.0,9.971364,0.0,12.20334,15.795569,10.860039,0.0,1.0,0.0,9.924403,,,,,,0.0,,,,,
dance_011,D11_P010_T01,4.494181,8.364236,11.989785,6.499722,10.940509,13.066763,9.553215,9.739014,10.192954,9.01713,0,0,0,0,1,0,0.0,0.0,0.0,9.307661,0.0,9.40372,,,0.0,,,,,,,,,,,,,,
dance_011,D11_P011_T01,4.709806,9.488528,7.94723,5.784312,6.423553,7.929467,8.327413,8.389145,9.758385,7.95182,1,0,0,0,0,0,0.0,1.0,0.0,7.61879,0.0,7.838326,8.236505,7.919887,0.0,0.0,0.0,,,,,,,,,,,,
dance_011,D11_P012_T01,5.809692,10.067633,10.972848,10.341268,10.524149,11.5135,9.662616,12.042107,12.414013,12.599897,0,0,0,0,0,0,0.0,0.0,0.0,14.919526,0.0,18.451905,12.9961,16.70256,1.0,0.0,1.0,12.544435,15.40588,13.129868,,,,0.0,0.0,0.0,,,
dance_011,D11_P013_T01,5.908711,18.063716,15.899859,8.379258,8.14454,11.165184,12.173685,16.173758,10.999132,8.014913,1,0,0,0,0,0,0.0,0.0,0.0,8.931191,0.0,14.453253,11.348969,14.243449,0.0,0.0,0.0,11.791017,10.619538,7.069541,,,,0.0,0.0,0.0,,,
dance_011,D11_P014_T01,4.281756,9.899686,9.439245,10.23436,8.813477,10.417722,10.161347,10.165344,9.323931,8.877125,0,0,0,0,0,0,0.0,0.0,0.0,8.497761,0.0,9.098414,9.101963,11.470262,0.0,0.0,0.0,11.674988,11.674015,7.20857,,,,1.0,1.0,0.0,,,
dance_011,D11_P015_T01,5.718783,9.335821,6.990048,8.955186,8.543856,11.752388,12.637011,10.338723,11.270392,9.105728,0,0,0,0,0,0,0.0,0.0,0.0,10.603441,0.0,12.389492,14.22495,10.855239,0.0,0.0,0.0,16.214091,11.85095,14.200615,,,,1.0,0.0,0.0,,,
dance_011,D11_P016_T01,6.817547,15.494657,15.136997,13.2515,14.463806,11.496938,10.422424,13.212089,12.349012,14.526537,0,0,0,0,0,0,0.0,0.0,0.0,11.113386,0.0,11.850829,11.394058,12.639898,0.0,0.0,0.0,14.974415,17.246034,14.103772,,,,0.0,1.0,0.0,,,
dance_011,D11_P017_T01,5.273748,9.768215,9.10576,8.015992,7.06076,8.931203,7.657906,8.316179,10.652891,10.660729,0,0,0,0,0,0,0.0,0.0,0.0,13.819384,0.0,15.082723,15.304678,9.711772,1.0,1.0,0.0,,,,,,,,,,,,
dance_011,D11_P018_T01,5.863853,11.09585,12.119669,9.978865,7.244811,12.378233,10.891054,11.392139,10.400062,8.922128,0,0,0,0,0,0,0.0,0.0,0.0,14.000027,0.0,13.565016,15.102661,10.555973,0.0,1.0,0.0,12.77727,14.161282,10.162096,,,,0.0,0.0,0.0,,,
dance_011,D11_P019_T01,5.293084,11.192175,9.367668,10.621146,10.895494,10.19509,12.049749,14.461886,12.724087,,0,0,0,0,0,0,1.0,0.0,,,,,,,,,,,,,,,,,,,,,
dance_011,D11_P020_T01,5.412618,10.897077,12.908911,10.369602,9.392287,7.334838,10.52463,11.498026,9.70212,10.696114,0,0,0,0,0,0,0.0,0.0,0.0,12.362389,0.0,12.712119,14.245167,13.447666,0.0,1.0,0.0,,,,,,,,,,,,
dance_011,D11_REF01,0.0,0.0,0.0,0.0,0.0,0.0,0.0,0.0,0.0,0.0,0,0,0,0,0,0,0.0,0.0,0.0,0.0,0.0,0.0,0.0,0.0,0.0,0.0,0.0,0.0,0.0,0.0,,,,0.0,0.0,0.0,,,
dance_012,D12_P002_T01,5.1294,14.103522,11.800859,11.532905,16.952226,16.678594,14.368768,12.378296,11.333912,16.144473,0,0,0,1,1,0,0.0,0.0,0.0,14.227337,0.0,11.549284,13.347353,13.424651,0.0,0.0,0.0,,,,,,,,,,,,
dance_012,D12_P003_T01,5.162665,12.218099,9.462795,9.598773,9.539283,7.655989,7.570241,10.403949,9.528009,8.330114,1,0,0,0,0,0,0.0,0.0,0.0,8.973758,0.0,8.13709,,,0.0,,,,,,,,,,,,,,
dance_012,D12_P004_T01,5.477337,14.709715,9.650902,11.208661,10.297808,10.491458,11.90359,10.848838,12.056401,10.136878,1,0,0,0,0,0,0.0,0.0,0.0,9.333933,0.0,8.741691,,,0.0,,,,,,,,,,,,,,
dance_012,D12_P005_T01,4.765858,11.010992,8.981808,10.339484,9.851983,9.317748,9.28894,7.961207,7.8686,,1,0,0,0,0,0,0.0,0.0,,,,,,,,,,,,,,,,,,,,,
dance_012,D12_P006_T01,5.690505,14.276849,12.965454,8.706708,7.730577,7.739938,8.503309,7.964129,9.332879,10.01336,1,0,0,0,0,0,0.0,0.0,0.0,9.374846,0.0,11.827849,11.676967,9.372473,0.0,0.0,0.0,,,,,,,,,,,,
dance_012,D12_P007_T01,5.644637,17.678429,14.182833,13.841752,16.792747,11.328791,8.667164,11.388981,11.455522,12.925624,1,0,0,1,0,0,0.0,0.0,0.0,13.527337,0.0,12.306034,12.362687,13.968329,0.0,0.0,0.0,,,,,,,,,,,,
dance_012,D12_P008_T01,5.359924,17.594322,12.502272,15.167004,23.9322,27.401047,26.530377,24.277737,16.229054,13.317403,0,0,0,0,0,0,0.0,0.0,0.0,18.943733,0.0,28.135859,21.441866,12.31643,0.0,0.0,0.0,,,,,,,,,,,,
dance_012,D12_P009_T01,5.159691,11.013251,9.653954,10.051317,10.610055,8.64744,9.986528,10.977775,12.316542,12.788771,0,0,0,0,0,0,0.0,1.0,1.0,10.059382,0.0,10.06001,10.016067,10.706463,0.0,0.0,0.0,,,,,,,,,,,,
dance_012,D12_P010_T01,4.82308,9.621997,10.706892,12.063576,13.578999,13.445797,11.971015,10.68456,9.624469,12.79077,0,0,0,1,0,0,0.0,0.0,0.0,9.743431,0.0,10.497691,,,0.0,,,,,,,,,,,,,,
dance_012,D12_P011_T01,4.721189,10.065366,8.798872,9.541646,7.153013,9.700958,8.804156,8.627783,8.629793,11.927787,0,0,0,0,0,0,0.0,0.0,1.0,10.506329,0.0,8.780799,,,0.0,,,,,,,,,,,,,,
dance_012,D12_P012_T01,5.267782,13.820142,8.641076,9.997421,13.355602,9.273395,10.176622,11.555025,13.311438,15.212979,0,0,0,0,0,0,0.0,0.0,1.0,8.990066,0.0,8.200767,11.329358,9.412979,0.0,0.0,0.0,,,,,,,,,,,,
dance_012,D12_P013_T01,5.472773,13.790155,11.353813,10.322034,11.798093,8.355046,8.924678,7.897073,8.012491,11.511526,1,0,0,0,0,0,0.0,0.0,0.0,9.736028,0.0,12.613306,10.438302,10.255018,0.0,0.0,0.0,,,,,,,,,,,,
dance_012,D12_P014_T01,5.310069,15.797548,8.648281,9.619096,8.578152,8.988614,8.759173,10.223622,9.427022,13.222789,1,0,0,0,0,0,0.0,0.0,0.0,11.547028,0.0,14.06575,11.257199,7.483824,0.0,0.0,0.0,,,,,,,,,,,,
dance_012,D12_P015_T01,5.349985,13.459394,9.213137,10.373702,10.649426,9.767322,8.391508,9.279755,10.01119,8.189597,1,0,0,0,0,0,0.0,0.0,0.0,7.684262,0.0,7.146904,10.552025,8.76379,0.0,0.0,0.0,,,,,,,,,,,,
dance_012,D12_P016_T01,5.515785,13.314611,12.920225,12.699308,12.479361,12.196137,13.606323,11.263834,12.290069,13.93127,0,0,0,0,0,0,0.0,0.0,0.0,12.429306,0.0,14.573253,15.30546,13.687782,0.0,1.0,0.0,,,,,,,,,,,,
dance_012,D12_P017_T01,5.712155,15.160758,9.044293,9.516001,8.904121,9.148004,11.355572,9.99829,9.141999,9.649554,1,0,0,0,0,0,0.0,0.0,0.0,10.100827,0.0,11.797364,11.433537,9.064213,0.0,0.0,0.0,,,,,,,,,,,,
dance_012,D12_P018_T01,5.211477,10.636039,8.237811,12.541297,10.791459,11.559196,10.098026,9.957141,10.172842,10.810117,0,0,1,0,0,0,0.0,0.0,0.0,8.441495,0.0,9.291246,10.992056,9.519127,0.0,0.0,0.0,,,,,,,,,,,,
dance_012,D12_P019_T01,5.403177,14.275047,8.48987,9.091788,8.42547,8.87878,9.761111,8.470212,,,1,0,0,0,0,0,0.0,,,,,,,,,,,,,,,,,,,,,,
dance_012,D12_P020_T01,5.272279,15.059914,8.441817,7.404815,8.083674,7.313295,8.303632,8.713475,9.329334,9.34767,1,0,0,0,0,0,0.0,0.0,0.0,8.113114,0.0,8.499468,9.545179,9.031282,0.0,0.0,0.0,,,,,,,,,,,,
dance_012,D12_REF01,0.0,0.0,0.0,0.0,0.0,0.0,0.0,0.0,0.0,0.0,0,0,0,0,0,0,0.0,0.0,0.0,0.0,0.0,0.0,0.0,0.0,0.0,0.0,0.0,,,,,,,,,,,,
