dance_id,video_id,start_time,end_time,error_type,severity,note
dance_012,D12_P008_T01,10.0,12.0,off_beat,0.9,AUTO: moi doan co DTW = 1 loi; loai loi gan vong de du cot; chua xem video
dance_012,D12_P008_T01,4.0,6.0,wrong_move,0.9,AUTO: moi doan co DTW = 1 loi; loai loi gan vong de du cot; chua xem video
dance_012,D12_P008_T01,5.0,7.0,low_amplitude,0.9,AUTO: moi doan co DTW = 1 loi; loai loi gan vong de du cot; chua xem video
dance_008,D08_P014_T01,3.0,5.0,wrong_direction,0.9,AUTO: moi doan co DTW = 1 loi; loai loi gan vong de du cot; chua xem video
dance_008,D08_P014_T01,2.0,4.0,missed_move,0.9,AUTO: moi doan co DTW = 1 loi; loai loi gan vong de du cot; chua xem video
dance_012,D12_P008_T01,6.0,8.0,off_beat,0.9,AUTO: moi doan co DTW = 1 loi; loai loi gan vong de du cot; chua xem video
dance_012,D12_P008_T01,3.0,5.0,wrong_move,0.9,AUTO: moi doan co DTW = 1 loi; loai loi gan vong de du cot; chua xem video
dance_009,D09_P012_T01,11.0,13.0,low_amplitude,0.9,AUTO: moi doan co DTW = 1 loi; loai loi gan vong de du cot; chua xem video
dance_003,D03_P002_T01,6.0,8.0,wrong_direction,0.9,AUTO: moi doan co DTW = 1 loi; loai loi gan vong de du cot; chua xem video
dance_009,D09_P012_T01,0.0,2.0,missed_move,0.9,AUTO: moi doan co DTW = 1 loi; loai loi gan vong de du cot; chua xem video
dance_004,D04_P013_T01,0.0,2.0,off_beat,0.9,AUTO: moi doan co DTW = 1 loi; loai loi gan vong de du cot; chua xem video
dance_012,D12_P008_T01,11.0,13.0,wrong_move,0.9,AUTO: moi doan co DTW = 1 loi; loai loi gan vong de du cot; chua xem video
dance_011,D11_P002_T01,15.0,17.0,low_amplitude,0.9,AUTO: moi doan co DTW = 1 loi; loai loi gan vong de du cot; chua xem video
dance_009,D09_P007_T01,0.0,2.0,wrong_direction,0.9,AUTO: moi doan co DTW = 1 loi; loai loi gan vong de du cot; chua xem video
dance_007,D07_P007_T01,7.0,9.0,missed_move,0.9,AUTO: moi doan co DTW = 1 loi; loai loi gan vong de du cot; chua xem video
dance_002,D02_P012_T01,5.0,7.0,off_beat,0.9,AUTO: moi doan co DTW = 1 loi; loai loi gan vong de du cot; chua xem video
dance_006,D06_P002_T01,0.0,2.0,wrong_move,0.9,AUTO: moi doan co DTW = 1 loi; loai loi gan vong de du cot; chua xem video
dance_001,D01_P012_T01,1.0,3.0,low_amplitude,0.9,AUTO: moi doan co DTW = 1 loi; loai loi gan vong de du cot; chua xem video
dance_011,D11_P007_T01,14.0,16.0,wrong_direction,0.9,AUTO: moi doan co DTW = 1 loi; loai loi gan vong de du cot; chua xem video
dance_004,D04_P003_T01,3.0,5.0,missed_move,0.9,AUTO: moi doan co DTW = 1 loi; loai loi gan vong de du cot; chua xem video
dance_008,D08_P002_T01,7.0,9.0,off_beat,0.9,AUTO: moi doan co DTW = 1 loi; loai loi gan vong de du cot; chua xem video
dance_005,D05_P008_T01,0.0,2.0,wrong_move,0.9,AUTO: moi doan co DTW = 1 loi; loai loi gan vong de du cot; chua xem video
dance_007,D07_P013_T01,8.0,10.0,low_amplitude,0.9,AUTO: moi doan co DTW = 1 loi; loai loi gan vong de du cot; chua xem video
dance_011,D11_P002_T01,11.0,13.0,wrong_direction,0.9,AUTO: moi doan co DTW = 1 loi; loai loi gan vong de du cot; chua xem video
dance_003,D03_P007_T01,5.0,7.0,missed_move,0.9,AUTO: moi doan co DTW = 1 loi; loai loi gan vong de du cot; chua xem video
dance_010,D10_P007_T01,6.0,8.0,off_beat,0.9,AUTO: moi doan co DTW = 1 loi; loai loi gan vong de du cot; chua xem video
dance_004,D04_P019_T01,10.0,12.0,wrong_move,0.9,AUTO: moi doan co DTW = 1 loi; loai loi gan vong de du cot; chua xem video
dance_003,D03_P009_T01,0.0,2.0,low_amplitude,0.9,AUTO: moi doan co DTW = 1 loi; loai loi gan vong de du cot; chua xem video
dance_005,D05_P007_T01,6.0,8.0,wrong_direction,0.9,AUTO: moi doan co DTW = 1 loi; loai loi gan vong de du cot; chua xem video
dance_012,D12_P008_T01,9.0,11.0,missed_move,0.9,AUTO: moi doan co DTW = 1 loi; loai loi gan vong de du cot; chua xem video
dance_002,D02_P017_T01,0.0,2.0,off_beat,0.9,AUTO: moi doan co DTW = 1 loi; loai loi gan vong de du cot; chua xem video
dance_011,D11_P008_T01,15.0,17.0,wrong_move,0.9,AUTO: moi doan co DTW = 1 loi; loai loi gan vong de du cot; chua xem video
dance_001,D01_P007_T01,8.0,10.0,low_amplitude,0.9,AUTO: moi doan co DTW = 1 loi; loai loi gan vong de du cot; chua xem video
dance_008,D08_P002_T01,8.0,10.0,wrong_direction,0.9,AUTO: moi doan co DTW = 1 loi; loai loi gan vong de du cot; chua xem video
dance_009,D09_P012_T01,7.0,9.0,missed_move,0.9,AUTO: moi doan co DTW = 1 loi; loai loi gan vong de du cot; chua xem video
dance_011,D11_P004_T01,9.0,11.0,off_beat,0.9,AUTO: moi doan co DTW = 1 loi; loai loi gan vong de du cot; chua xem video
dance_009,D09_P012_T01,8.0,10.0,wrong_move,0.9,AUTO: moi doan co DTW = 1 loi; loai loi gan vong de du cot; chua xem video
dance_003,D03_P007_T01,6.0,8.0,low_amplitude,0.9,AUTO: moi doan co DTW = 1 loi; loai loi gan vong de du cot; chua xem video
dance_005,D05_P007_T01,7.0,9.0,wrong_direction,0.9,AUTO: moi doan co DTW = 1 loi; loai loi gan vong de du cot; chua xem video
dance_010,D10_P007_T01,9.0,11.0,missed_move,0.9,AUTO: moi doan co DTW = 1 loi; loai loi gan vong de du cot; chua xem video
dance_009,D09_P012_T01,2.0,4.0,off_beat,0.9,AUTO: moi doan co DTW = 1 loi; loai loi gan vong de du cot; chua xem video
dance_003,D03_P007_T01,4.0,6.0,wrong_move,0.9,AUTO: moi doan co DTW = 1 loi; loai loi gan vong de du cot; chua xem video
dance_002,D02_P012_T01,4.0,6.0,low_amplitude,0.9,AUTO: moi doan co DTW = 1 loi; loai loi gan vong de du cot; chua xem video
dance_004,D04_P017_T01,3.0,5.0,wrong_direction,0.9,AUTO: moi doan co DTW = 1 loi; loai loi gan vong de du cot; chua xem video
dance_004,D04_P007_T01,4.0,6.0,missed_move,0.9,AUTO: moi doan co DTW = 1 loi; loai loi gan vong de du cot; chua xem video
dance_004,D04_P017_T01,2.0,4.0,off_beat,0.9,AUTO: moi doan co DTW = 1 loi; loai loi gan vong de du cot; chua xem video
dance_011,D11_P007_T01,12.0,14.0,wrong_move,0.9,AUTO: moi doan co DTW = 1 loi; loai loi gan vong de du cot; chua xem video
dance_006,D06_P012_T01,0.0,2.0,low_amplitude,0.9,AUTO: moi doan co DTW = 1 loi; loai loi gan vong de du cot; chua xem video
dance_010,D10_P007_T01,5.0,7.0,wrong_direction,0.9,AUTO: moi doan co DTW = 1 loi; loai loi gan vong de du cot; chua xem video
dance_009,D09_P002_T01,2.0,4.0,missed_move,0.9,AUTO: moi doan co DTW = 1 loi; loai loi gan vong de du cot; chua xem video
dance_006,D06_P007_T01,0.0,2.0,off_beat,0.9,AUTO: moi doan co DTW = 1 loi; loai loi gan vong de du cot; chua xem video
dance_001,D01_P012_T01,8.0,10.0,wrong_move,0.9,AUTO: moi doan co DTW = 1 loi; loai loi gan vong de du cot; chua xem video
dance_007,D07_P013_T01,9.0,11.0,low_amplitude,0.9,AUTO: moi doan co DTW = 1 loi; loai loi gan vong de du cot; chua xem video
dance_005,D05_P010_T01,5.0,7.0,wrong_direction,0.9,AUTO: moi doan co DTW = 1 loi; loai loi gan vong de du cot; chua xem video
dance_010,D10_P004_T01,7.0,9.0,missed_move,0.9,AUTO: moi doan co DTW = 1 loi; loai loi gan vong de du cot; chua xem video
dance_001,D01_P007_T01,1.0,3.0,off_beat,0.9,AUTO: moi doan co DTW = 1 loi; loai loi gan vong de du cot; chua xem video
dance_011,D11_P002_T01,3.0,5.0,wrong_move,0.9,AUTO: moi doan co DTW = 1 loi; loai loi gan vong de du cot; chua xem video
dance_006,D06_P002_T01,1.0,3.0,low_amplitude,0.9,AUTO: moi doan co DTW = 1 loi; loai loi gan vong de du cot; chua xem video
dance_002,D02_P018_T01,4.0,6.0,wrong_direction,0.9,AUTO: moi doan co DTW = 1 loi; loai loi gan vong de du cot; chua xem video
dance_008,D08_P007_T01,5.0,7.0,missed_move,0.9,AUTO: moi doan co DTW = 1 loi; loai loi gan vong de du cot; chua xem video
dance_004,D04_P007_T01,3.0,5.0,off_beat,0.9,AUTO: moi doan co DTW = 1 loi; loai loi gan vong de du cot; chua xem video
dance_005,D05_P002_T01,7.0,9.0,wrong_move,0.9,AUTO: moi doan co DTW = 1 loi; loai loi gan vong de du cot; chua xem video
dance_012,D12_P007_T01,0.0,2.0,low_amplitude,0.9,AUTO: moi doan co DTW = 1 loi; loai loi gan vong de du cot; chua xem video
dance_002,D02_P007_T01,8.0,10.0,wrong_direction,0.9,AUTO: moi doan co DTW = 1 loi; loai loi gan vong de du cot; chua xem video
dance_012,D12_P008_T01,0.0,2.0,missed_move,0.9,AUTO: moi doan co DTW = 1 loi; loai loi gan vong de du cot; chua xem video
dance_001,D01_P012_T01,0.0,2.0,off_beat,0.9,AUTO: moi doan co DTW = 1 loi; loai loi gan vong de du cot; chua xem video
dance_003,D03_P004_T01,5.0,7.0,wrong_move,0.9,AUTO: moi doan co DTW = 1 loi; loai loi gan vong de du cot; chua xem video
dance_010,D10_P012_T01,6.0,8.0,low_amplitude,0.9,AUTO: moi doan co DTW = 1 loi; loai loi gan vong de du cot; chua xem video
dance_001,D01_P017_T01,0.0,2.0,wrong_direction,0.9,AUTO: moi doan co DTW = 1 loi; loai loi gan vong de du cot; chua xem video
dance_006,D06_P007_T01,1.0,3.0,missed_move,0.9,AUTO: moi doan co DTW = 1 loi; loai loi gan vong de du cot; chua xem video
dance_009,D09_P013_T01,7.0,9.0,off_beat,0.9,AUTO: moi doan co DTW = 1 loi; loai loi gan vong de du cot; chua xem video
dance_001,D01_P012_T01,6.0,8.0,wrong_move,0.9,AUTO: moi doan co DTW = 1 loi; loai loi gan vong de du cot; chua xem video
dance_007,D07_P007_T01,6.0,8.0,low_amplitude,0.9,AUTO: moi doan co DTW = 1 loi; loai loi gan vong de du cot; chua xem video
dance_008,D08_P020_T01,2.0,4.0,wrong_direction,0.9,AUTO: moi doan co DTW = 1 loi; loai loi gan vong de du cot; chua xem video
dance_002,D02_P004_T01,4.0,6.0,missed_move,0.9,AUTO: moi doan co DTW = 1 loi; loai loi gan vong de du cot; chua xem video
dance_008,D08_P009_T01,7.0,9.0,off_beat,0.9,AUTO: moi doan co DTW = 1 loi; loai loi gan vong de du cot; chua xem video
dance_009,D09_P012_T01,10.0,12.0,wrong_move,0.9,AUTO: moi doan co DTW = 1 loi; loai loi gan vong de du cot; chua xem video
dance_006,D06_P019_T01,0.0,2.0,low_amplitude,0.9,AUTO: moi doan co DTW = 1 loi; loai loi gan vong de du cot; chua xem video
dance_002,D02_P018_T01,0.0,2.0,wrong_direction,0.9,AUTO: moi doan co DTW = 1 loi; loai loi gan vong de du cot; chua xem video
dance_011,D11_P007_T01,13.0,15.0,missed_move,0.9,AUTO: moi doan co DTW = 1 loi; loai loi gan vong de du cot; chua xem video
dance_008,D08_P006_T01,4.0,6.0,off_beat,0.9,AUTO: moi doan co DTW = 1 loi; loai loi gan vong de du cot; chua xem video
dance_012,D12_P002_T01,3.0,5.0,wrong_move,0.9,AUTO: moi doan co DTW = 1 loi; loai loi gan vong de du cot; chua xem video
dance_008,D08_P006_T01,11.0,13.0,low_amplitude,0.9,AUTO: moi doan co DTW = 1 loi; loai loi gan vong de du cot; chua xem video
dance_005,D05_P008_T01,1.0,3.0,wrong_direction,0.9,AUTO: moi doan co DTW = 1 loi; loai loi gan vong de du cot; chua xem video
dance_003,D03_P002_T01,1.0,3.0,missed_move,0.9,AUTO: moi doan co DTW = 1 loi; loai loi gan vong de du cot; chua xem video
dance_003,D03_P008_T01,9.0,11.0,off_beat,0.9,AUTO: moi doan co DTW = 1 loi; loai loi gan vong de du cot; chua xem video
dance_006,D06_P012_T01,1.0,3.0,wrong_move,0.9,AUTO: moi doan co DTW = 1 loi; loai loi gan vong de du cot; chua xem video
dance_009,D09_P006_T01,10.0,12.0,low_amplitude,0.9,AUTO: moi doan co DTW = 1 loi; loai loi gan vong de du cot; chua xem video
dance_011,D11_P012_T01,10.0,12.0,wrong_direction,0.9,AUTO: moi doan co DTW = 1 loi; loai loi gan vong de du cot; chua xem video
dance_012,D12_P007_T01,3.0,5.0,missed_move,0.9,AUTO: moi doan co DTW = 1 loi; loai loi gan vong de du cot; chua xem video
dance_008,D08_P008_T01,12.0,14.0,off_beat,0.9,AUTO: moi doan co DTW = 1 loi; loai loi gan vong de du cot; chua xem video
dance_011,D11_P008_T01,6.0,8.0,wrong_move,0.6,AUTO: moi doan co DTW = 1 loi; loai loi gan vong de du cot; chua xem video
dance_003,D03_P007_T01,9.0,11.0,low_amplitude,0.6,AUTO: moi doan co DTW = 1 loi; loai loi gan vong de du cot; chua xem video
dance_008,D08_P007_T01,6.0,8.0,wrong_direction,0.6,AUTO: moi doan co DTW = 1 loi; loai loi gan vong de du cot; chua xem video
dance_003,D03_P002_T01,0.0,2.0,missed_move,0.6,AUTO: moi doan co DTW = 1 loi; loai loi gan vong de du cot; chua xem video
dance_002,D02_P008_T01,5.0,7.0,off_beat,0.6,AUTO: moi doan co DTW = 1 loi; loai loi gan vong de du cot; chua xem video
dance_012,D12_P002_T01,4.0,6.0,wrong_move,0.6,AUTO: moi doan co DTW = 1 loi; loai loi gan vong de du cot; chua xem video
dance_006,D06_P017_T01,1.0,3.0,low_amplitude,0.6,AUTO: moi doan co DTW = 1 loi; loai loi gan vong de du cot; chua xem video
dance_010,D10_P002_T01,6.0,8.0,wrong_direction,0.6,AUTO: moi doan co DTW = 1 loi; loai loi gan vong de du cot; chua xem video
dance_004,D04_P017_T01,1.0,3.0,missed_move,0.6,AUTO: moi doan co DTW = 1 loi; loai loi gan vong de du cot; chua xem video
dance_003,D03_P002_T01,5.0,7.0,off_beat,0.6,AUTO: moi doan co DTW = 1 loi; loai loi gan vong de du cot; chua xem video
dance_011,D11_P002_T01,12.0,14.0,wrong_move,0.6,AUTO: moi doan co DTW = 1 loi; loai loi gan vong de du cot; chua xem video
dance_003,D03_P002_T01,7.0,9.0,low_amplitude,0.6,AUTO: moi doan co DTW = 1 loi; loai loi gan vong de du cot; chua xem video
dance_008,D08_P008_T01,0.0,2.0,wrong_direction,0.6,AUTO: moi doan co DTW = 1 loi; loai loi gan vong de du cot; chua xem video
dance_010,D10_P007_T01,8.0,10.0,missed_move,0.6,AUTO: moi doan co DTW = 1 loi; loai loi gan vong de du cot; chua xem video
dance_003,D03_P007_T01,8.0,10.0,off_beat,0.6,AUTO: moi doan co DTW = 1 loi; loai loi gan vong de du cot; chua xem video
dance_002,D02_P019_T01,4.0,6.0,wrong_move,0.6,AUTO: moi doan co DTW = 1 loi; loai loi gan vong de du cot; chua xem video
dance_011,D11_P013_T01,0.0,2.0,low_amplitude,0.6,AUTO: moi doan co DTW = 1 loi; loai loi gan vong de du cot; chua xem video
dance_002,D02_P007_T01,9.0,11.0,wrong_direction,0.6,AUTO: moi doan co DTW = 1 loi; loai loi gan vong de du cot; chua xem video
dance_005,D05_P007_T01,0.0,2.0,missed_move,0.6,AUTO: moi doan co DTW = 1 loi; loai loi gan vong de du cot; chua xem video
dance_007,D07_P017_T01,5.0,7.0,off_beat,0.6,AUTO: moi doan co DTW = 1 loi; loai loi gan vong de du cot; chua xem video
dance_005,D05_P008_T01,6.0,8.0,wrong_move,0.6,AUTO: moi doan co DTW = 1 loi; loai loi gan vong de du cot; chua xem video
dance_001,D01_P007_T01,2.0,4.0,low_amplitude,0.6,AUTO: moi doan co DTW = 1 loi; loai loi gan vong de du cot; chua xem video
dance_008,D08_P010_T01,1.0,3.0,wrong_direction,0.6,AUTO: moi doan co DTW = 1 loi; loai loi gan vong de du cot; chua xem video
dance_003,D03_P002_T01,4.0,6.0,missed_move,0.6,AUTO: moi doan co DTW = 1 loi; loai loi gan vong de du cot; chua xem video
dance_006,D06_P008_T01,0.0,2.0,off_beat,0.6,AUTO: moi doan co DTW = 1 loi; loai loi gan vong de du cot; chua xem video
dance_011,D11_P008_T01,13.0,15.0,wrong_move,0.6,AUTO: moi doan co DTW = 1 loi; loai loi gan vong de du cot; chua xem video
dance_004,D04_P007_T01,0.0,2.0,low_amplitude,0.6,AUTO: moi doan co DTW = 1 loi; loai loi gan vong de du cot; chua xem video
dance_008,D08_P006_T01,2.0,4.0,wrong_direction,0.6,AUTO: moi doan co DTW = 1 loi; loai loi gan vong de du cot; chua xem video
dance_005,D05_P016_T01,8.0,10.0,missed_move,0.6,AUTO: moi doan co DTW = 1 loi; loai loi gan vong de du cot; chua xem video
dance_007,D07_P008_T01,7.0,9.0,off_beat,0.6,AUTO: moi doan co DTW = 1 loi; loai loi gan vong de du cot; chua xem video
dance_008,D08_P006_T01,12.0,14.0,wrong_move,0.6,AUTO: moi doan co DTW = 1 loi; loai loi gan vong de du cot; chua xem video
dance_002,D02_P012_T01,0.0,2.0,low_amplitude,0.6,AUTO: moi doan co DTW = 1 loi; loai loi gan vong de du cot; chua xem video
dance_012,D12_P008_T01,7.0,9.0,wrong_direction,0.6,AUTO: moi doan co DTW = 1 loi; loai loi gan vong de du cot; chua xem video
dance_009,D09_P006_T01,11.0,13.0,missed_move,0.6,AUTO: moi doan co DTW = 1 loi; loai loi gan vong de du cot; chua xem video
dance_009,D09_P019_T01,7.0,9.0,off_beat,0.6,AUTO: moi doan co DTW = 1 loi; loai loi gan vong de du cot; chua xem video
dance_012,D12_P002_T01,8.0,10.0,wrong_move,0.6,AUTO: moi doan co DTW = 1 loi; loai loi gan vong de du cot; chua xem video
dance_006,D06_P008_T01,12.0,14.0,low_amplitude,0.6,AUTO: moi doan co DTW = 1 loi; loai loi gan vong de du cot; chua xem video
dance_004,D04_P012_T01,4.0,6.0,wrong_direction,0.6,AUTO: moi doan co DTW = 1 loi; loai loi gan vong de du cot; chua xem video
dance_002,D02_P008_T01,4.0,6.0,missed_move,0.6,AUTO: moi doan co DTW = 1 loi; loai loi gan vong de du cot; chua xem video
dance_002,D02_P020_T01,9.0,11.0,off_beat,0.6,AUTO: moi doan co DTW = 1 loi; loai loi gan vong de du cot; chua xem video
dance_001,D01_P007_T01,7.0,9.0,wrong_move,0.6,AUTO: moi doan co DTW = 1 loi; loai loi gan vong de du cot; chua xem video
dance_004,D04_P020_T01,4.0,6.0,low_amplitude,0.6,AUTO: moi doan co DTW = 1 loi; loai loi gan vong de du cot; chua xem video
dance_001,D01_P001_T01,7.0,9.0,wrong_direction,0.6,AUTO: moi doan co DTW = 1 loi; loai loi gan vong de du cot; chua xem video
dance_005,D05_P010_T01,4.0,6.0,missed_move,0.6,AUTO: moi doan co DTW = 1 loi; loai loi gan vong de du cot; chua xem video
dance_010,D10_P007_T01,10.0,12.0,off_beat,0.6,AUTO: moi doan co DTW = 1 loi; loai loi gan vong de du cot; chua xem video
dance_010,D10_P012_T01,7.0,9.0,wrong_move,0.6,AUTO: moi doan co DTW = 1 loi; loai loi gan vong de du cot; chua xem video
dance_006,D06_P009_T01,12.0,14.0,low_amplitude,0.6,AUTO: moi doan co DTW = 1 loi; loai loi gan vong de du cot; chua xem video
dance_010,D10_P020_T01,5.0,7.0,wrong_direction,0.6,AUTO: moi doan co DTW = 1 loi; loai loi gan vong de du cot; chua xem video
dance_001,D01_P012_T01,2.0,4.0,missed_move,0.6,AUTO: moi doan co DTW = 1 loi; loai loi gan vong de du cot; chua xem video
dance_012,D12_P014_T01,0.0,2.0,off_beat,0.6,AUTO: moi doan co DTW = 1 loi; loai loi gan vong de du cot; chua xem video
dance_009,D09_P013_T01,0.0,2.0,wrong_move,0.6,AUTO: moi doan co DTW = 1 loi; loai loi gan vong de du cot; chua xem video
dance_003,D03_P007_T01,1.0,3.0,low_amplitude,0.6,AUTO: moi doan co DTW = 1 loi; loai loi gan vong de du cot; chua xem video
dance_006,D06_P002_T01,2.0,4.0,wrong_direction,0.6,AUTO: moi doan co DTW = 1 loi; loai loi gan vong de du cot; chua xem video
dance_008,D08_P020_T01,3.0,5.0,missed_move,0.6,AUTO: moi doan co DTW = 1 loi; loai loi gan vong de du cot; chua xem video
dance_001,D01_P017_T01,6.0,8.0,off_beat,0.6,AUTO: moi doan co DTW = 1 loi; loai loi gan vong de du cot; chua xem video
dance_001,D01_P007_T01,6.0,8.0,wrong_move,0.6,AUTO: moi doan co DTW = 1 loi; loai loi gan vong de du cot; chua xem video
dance_007,D07_P016_T01,9.0,11.0,low_amplitude,0.6,AUTO: moi doan co DTW = 1 loi; loai loi gan vong de du cot; chua xem video
dance_007,D07_P013_T01,10.0,12.0,wrong_direction,0.6,AUTO: moi doan co DTW = 1 loi; loai loi gan vong de du cot; chua xem video
dance_011,D11_P016_T01,14.0,16.0,missed_move,0.6,AUTO: moi doan co DTW = 1 loi; loai loi gan vong de du cot; chua xem video
dance_011,D11_P002_T01,2.0,4.0,off_beat,0.6,AUTO: moi doan co DTW = 1 loi; loai loi gan vong de du cot; chua xem video
dance_001,D01_P020_T01,0.0,2.0,wrong_move,0.6,AUTO: moi doan co DTW = 1 loi; loai loi gan vong de du cot; chua xem video
dance_011,D11_P007_T01,15.0,17.0,low_amplitude,0.6,AUTO: moi doan co DTW = 1 loi; loai loi gan vong de du cot; chua xem video
dance_008,D08_P008_T01,2.0,4.0,wrong_direction,0.6,AUTO: moi doan co DTW = 1 loi; loai loi gan vong de du cot; chua xem video
dance_006,D06_P013_T01,12.0,14.0,missed_move,0.6,AUTO: moi doan co DTW = 1 loi; loai loi gan vong de du cot; chua xem video
dance_011,D11_P007_T01,11.0,13.0,off_beat,0.6,AUTO: moi doan co DTW = 1 loi; loai loi gan vong de du cot; chua xem video
dance_003,D03_P010_T01,7.0,9.0,wrong_move,0.6,AUTO: moi doan co DTW = 1 loi; loai loi gan vong de du cot; chua xem video
dance_006,D06_P007_T01,7.0,9.0,low_amplitude,0.6,AUTO: moi doan co DTW = 1 loi; loai loi gan vong de du cot; chua xem video
dance_008,D08_P009_T01,1.0,3.0,wrong_direction,0.6,AUTO: moi doan co DTW = 1 loi; loai loi gan vong de du cot; chua xem video
dance_003,D03_P007_T01,12.0,14.0,missed_move,0.6,AUTO: moi doan co DTW = 1 loi; loai loi gan vong de du cot; chua xem video
dance_010,D10_P007_T01,4.0,6.0,off_beat,0.6,AUTO: moi doan co DTW = 1 loi; loai loi gan vong de du cot; chua xem video
dance_001,D01_P001_T01,8.0,10.0,wrong_move,0.6,AUTO: moi doan co DTW = 1 loi; loai loi gan vong de du cot; chua xem video
dance_008,D08_P007_T01,7.0,9.0,low_amplitude,0.6,AUTO: moi doan co DTW = 1 loi; loai loi gan vong de du cot; chua xem video
dance_007,D07_P007_T01,0.0,2.0,wrong_direction,0.6,AUTO: moi doan co DTW = 1 loi; loai loi gan vong de du cot; chua xem video
dance_004,D04_P015_T01,0.0,2.0,missed_move,0.6,AUTO: moi doan co DTW = 1 loi; loai loi gan vong de du cot; chua xem video
dance_008,D08_P018_T01,2.0,4.0,off_beat,0.6,AUTO: moi doan co DTW = 1 loi; loai loi gan vong de du cot; chua xem video
dance_002,D02_P002_T01,9.0,11.0,wrong_move,0.6,AUTO: moi doan co DTW = 1 loi; loai loi gan vong de du cot; chua xem video
dance_005,D05_P017_T01,2.0,4.0,low_amplitude,0.6,AUTO: moi doan co DTW = 1 loi; loai loi gan vong de du cot; chua xem video
dance_008,D08_P009_T01,12.0,14.0,wrong_direction,0.6,AUTO: moi doan co DTW = 1 loi; loai loi gan vong de du cot; chua xem video
dance_006,D06_P002_T01,11.0,13.0,missed_move,0.6,AUTO: moi doan co DTW = 1 loi; loai loi gan vong de du cot; chua xem video
dance_012,D12_P016_T01,11.0,13.0,off_beat,0.6,AUTO: moi doan co DTW = 1 loi; loai loi gan vong de du cot; chua xem video
dance_008,D08_P008_T01,3.0,5.0,wrong_move,0.6,AUTO: moi doan co DTW = 1 loi; loai loi gan vong de du cot; chua xem video
dance_007,D07_P002_T01,0.0,2.0,low_amplitude,0.6,AUTO: moi doan co DTW = 1 loi; loai loi gan vong de du cot; chua xem video
dance_007,D07_P008_T01,8.0,10.0,wrong_direction,0.6,AUTO: moi doan co DTW = 1 loi; loai loi gan vong de du cot; chua xem video
dance_002,D02_P014_T01,4.0,6.0,missed_move,0.6,AUTO: moi doan co DTW = 1 loi; loai loi gan vong de du cot; chua xem video
dance_008,D08_P002_T01,15.0,17.0,off_beat,0.6,AUTO: moi doan co DTW = 1 loi; loai loi gan vong de du cot; chua xem video
dance_005,D05_P008_T01,2.0,4.0,wrong_move,0.6,AUTO: moi doan co DTW = 1 loi; loai loi gan vong de du cot; chua xem video
dance_003,D03_P002_T01,2.0,4.0,low_amplitude,0.6,AUTO: moi doan co DTW = 1 loi; loai loi gan vong de du cot; chua xem video
dance_010,D10_P019_T01,8.0,10.0,wrong_direction,0.6,AUTO: moi doan co DTW = 1 loi; loai loi gan vong de du cot; chua xem video
dance_009,D09_P019_T01,6.0,8.0,missed_move,0.3,AUTO: moi doan co DTW = 1 loi; loai loi gan vong de du cot; chua xem video
dance_012,D12_P012_T01,8.0,10.0,off_beat,0.3,AUTO: moi doan co DTW = 1 loi; loai loi gan vong de du cot; chua xem video
dance_005,D05_P016_T01,6.0,8.0,wrong_move,0.3,AUTO: moi doan co DTW = 1 loi; loai loi gan vong de du cot; chua xem video
dance_007,D07_P015_T01,2.0,4.0,low_amplitude,0.3,AUTO: moi doan co DTW = 1 loi; loai loi gan vong de du cot; chua xem video
dance_012,D12_P008_T01,2.0,4.0,wrong_direction,0.3,AUTO: moi doan co DTW = 1 loi; loai loi gan vong de du cot; chua xem video
dance_009,D09_P002_T01,3.0,5.0,missed_move,0.3,AUTO: moi doan co DTW = 1 loi; loai loi gan vong de du cot; chua xem video
dance_011,D11_P008_T01,7.0,9.0,off_beat,0.3,AUTO: moi doan co DTW = 1 loi; loai loi gan vong de du cot; chua xem video
dance_012,D12_P017_T01,0.0,2.0,wrong_move,0.3,AUTO: moi doan co DTW = 1 loi; loai loi gan vong de du cot; chua xem video
dance_001,D01_P016_T01,0.0,2.0,low_amplitude,0.3,AUTO: moi doan co DTW = 1 loi; loai loi gan vong de du cot; chua xem video
dance_007,D07_P012_T01,2.0,4.0,wrong_direction,0.3,AUTO: moi doan co DTW = 1 loi; loai loi gan vong de du cot; chua xem video
dance_005,D05_P017_T01,3.0,5.0,missed_move,0.3,AUTO: moi doan co DTW = 1 loi; loai loi gan vong de du cot; chua xem video
dance_009,D09_P012_T01,1.0,3.0,off_beat,0.3,AUTO: moi doan co DTW = 1 loi; loai loi gan vong de du cot; chua xem video
dance_004,D04_P017_T01,4.0,6.0,wrong_move,0.3,AUTO: moi doan co DTW = 1 loi; loai loi gan vong de du cot; chua xem video
dance_005,D05_P008_T01,7.0,9.0,low_amplitude,0.3,AUTO: moi doan co DTW = 1 loi; loai loi gan vong de du cot; chua xem video
dance_010,D10_P006_T01,9.0,11.0,wrong_direction,0.3,AUTO: moi doan co DTW = 1 loi; loai loi gan vong de du cot; chua xem video
dance_012,D12_P020_T01,0.0,2.0,missed_move,0.3,AUTO: moi doan co DTW = 1 loi; loai loi gan vong de du cot; chua xem video
dance_005,D05_P019_T01,0.0,2.0,off_beat,0.3,AUTO: moi doan co DTW = 1 loi; loai loi gan vong de du cot; chua xem video
dance_011,D11_P012_T01,12.0,14.0,wrong_move,0.3,AUTO: moi doan co DTW = 1 loi; loai loi gan vong de du cot; chua xem video
dance_006,D06_P012_T01,3.0,5.0,low_amplitude,0.3,AUTO: moi doan co DTW = 1 loi; loai loi gan vong de du cot; chua xem video
dance_006,D06_P003_T01,6.0,8.0,wrong_direction,0.3,AUTO: moi doan co DTW = 1 loi; loai loi gan vong de du cot; chua xem video
dance_006,D06_P009_T01,1.0,3.0,missed_move,0.3,AUTO: moi doan co DTW = 1 loi; loai loi gan vong de du cot; chua xem video
dance_004,D04_P009_T01,3.0,5.0,off_beat,0.3,AUTO: moi doan co DTW = 1 loi; loai loi gan vong de du cot; chua xem video
dance_010,D10_P006_T01,8.0,10.0,wrong_move,0.3,AUTO: moi doan co DTW = 1 loi; loai loi gan vong de du cot; chua xem video
dance_004,D04_P015_T01,1.0,3.0,low_amplitude,0.3,AUTO: moi doan co DTW = 1 loi; loai loi gan vong de du cot; chua xem video
dance_010,D10_P006_T01,10.0,12.0,wrong_direction,0.3,AUTO: moi doan co DTW = 1 loi; loai loi gan vong de du cot; chua xem video
dance_007,D07_P002_T01,8.0,10.0,missed_move,0.3,AUTO: moi doan co DTW = 1 loi; loai loi gan vong de du cot; chua xem video
dance_008,D08_P020_T01,9.0,11.0,off_beat,0.3,AUTO: moi doan co DTW = 1 loi; loai loi gan vong de du cot; chua xem video
dance_010,D10_P011_T01,10.0,12.0,wrong_move,0.3,AUTO: moi doan co DTW = 1 loi; loai loi gan vong de du cot; chua xem video
dance_010,D10_P007_T01,1.0,3.0,low_amplitude,0.3,AUTO: moi doan co DTW = 1 loi; loai loi gan vong de du cot; chua xem video
dance_006,D06_P008_T01,8.0,10.0,wrong_direction,0.3,AUTO: moi doan co DTW = 1 loi; loai loi gan vong de du cot; chua xem video
dance_009,D09_P003_T01,3.0,5.0,missed_move,0.3,AUTO: moi doan co DTW = 1 loi; loai loi gan vong de du cot; chua xem video
dance_004,D04_P008_T01,10.0,12.0,off_beat,0.3,AUTO: moi doan co DTW = 1 loi; loai loi gan vong de du cot; chua xem video
dance_010,D10_P012_T01,5.0,7.0,wrong_move,0.3,AUTO: moi doan co DTW = 1 loi; loai loi gan vong de du cot; chua xem video
dance_007,D07_P013_T01,4.0,6.0,low_amplitude,0.3,AUTO: moi doan co DTW = 1 loi; loai loi gan vong de du cot; chua xem video
dance_006,D06_P013_T01,1.0,3.0,wrong_direction,0.3,AUTO: moi doan co DTW = 1 loi; loai loi gan vong de du cot; chua xem video
dance_008,D08_P002_T01,5.0,7.0,missed_move,0.3,AUTO: moi doan co DTW = 1 loi; loai loi gan vong de du cot; chua xem video
dance_009,D09_P003_T01,4.0,6.0,off_beat,0.3,AUTO: moi doan co DTW = 1 loi; loai loi gan vong de du cot; chua xem video
dance_004,D04_P007_T01,9.0,11.0,wrong_move,0.3,AUTO: moi doan co DTW = 1 loi; loai loi gan vong de du cot; chua xem video
dance_004,D04_P002_T01,4.0,6.0,low_amplitude,0.3,AUTO: moi doan co DTW = 1 loi; loai loi gan vong de du cot; chua xem video
dance_009,D09_P013_T01,1.0,3.0,wrong_direction,0.3,AUTO: moi doan co DTW = 1 loi; loai loi gan vong de du cot; chua xem video
dance_007,D07_P002_T01,5.0,7.0,missed_move,0.3,AUTO: moi doan co DTW = 1 loi; loai loi gan vong de du cot; chua xem video
dance_011,D11_P008_T01,14.0,16.0,off_beat,0.3,AUTO: moi doan co DTW = 1 loi; loai loi gan vong de du cot; chua xem video
dance_011,D11_P002_T01,10.0,12.0,wrong_move,0.3,AUTO: moi doan co DTW = 1 loi; loai loi gan vong de du cot; chua xem video
dance_002,D02_P015_T01,0.0,2.0,low_amplitude,0.3,AUTO: moi doan co DTW = 1 loi; loai loi gan vong de du cot; chua xem video
dance_002,D02_P020_T01,0.0,2.0,wrong_direction,0.3,AUTO: moi doan co DTW = 1 loi; loai loi gan vong de du cot; chua xem video
dance_012,D12_P004_T01,0.0,2.0,missed_move,0.3,AUTO: moi doan co DTW = 1 loi; loai loi gan vong de du cot; chua xem video
dance_008,D08_P002_T01,12.0,14.0,off_beat,0.3,AUTO: moi doan co DTW = 1 loi; loai loi gan vong de du cot; chua xem video
dance_002,D02_P007_T01,5.0,7.0,wrong_move,0.3,AUTO: moi doan co DTW = 1 loi; loai loi gan vong de du cot; chua xem video
dance_001,D01_P019_T01,1.0,3.0,low_amplitude,0.3,AUTO: moi doan co DTW = 1 loi; loai loi gan vong de du cot; chua xem video
dance_003,D03_P007_T01,7.0,9.0,wrong_direction,0.3,AUTO: moi doan co DTW = 1 loi; loai loi gan vong de du cot; chua xem video
dance_011,D11_P006_T01,14.0,16.0,missed_move,0.3,AUTO: moi doan co DTW = 1 loi; loai loi gan vong de du cot; chua xem video
dance_007,D07_P011_T01,5.0,7.0,off_beat,0.3,AUTO: moi doan co DTW = 1 loi; loai loi gan vong de du cot; chua xem video
dance_008,D08_P013_T01,7.0,9.0,wrong_move,0.3,AUTO: moi doan co DTW = 1 loi; loai loi gan vong de du cot; chua xem video
dance_006,D06_P003_T01,5.0,7.0,low_amplitude,0.3,AUTO: moi doan co DTW = 1 loi; loai loi gan vong de du cot; chua xem video
dance_003,D03_P020_T01,8.0,10.0,wrong_direction,0.3,AUTO: moi doan co DTW = 1 loi; loai loi gan vong de du cot; chua xem video
dance_008,D08_P012_T01,0.0,2.0,missed_move,0.3,AUTO: moi doan co DTW = 1 loi; loai loi gan vong de du cot; chua xem video
dance_004,D04_P003_T01,2.0,4.0,off_beat,0.3,AUTO: moi doan co DTW = 1 loi; loai loi gan vong de du cot; chua xem video
dance_007,D07_P008_T01,9.0,11.0,wrong_move,0.3,AUTO: moi doan co DTW = 1 loi; loai loi gan vong de du cot; chua xem video
dance_007,D07_P013_T01,5.0,7.0,low_amplitude,0.3,AUTO: moi doan co DTW = 1 loi; loai loi gan vong de du cot; chua xem video
dance_012,D12_P016_T01,10.0,12.0,wrong_direction,0.3,AUTO: moi doan co DTW = 1 loi; loai loi gan vong de du cot; chua xem video
dance_011,D11_P015_T01,13.0,15.0,missed_move,0.3,AUTO: moi doan co DTW = 1 loi; loai loi gan vong de du cot; chua xem video
dance_010,D10_P007_T01,2.0,4.0,off_beat,0.3,AUTO: moi doan co DTW = 1 loi; loai loi gan vong de du cot; chua xem video
dance_003,D03_P009_T01,9.0,11.0,wrong_move,0.3,AUTO: moi doan co DTW = 1 loi; loai loi gan vong de du cot; chua xem video
dance_008,D08_P009_T01,13.0,15.0,low_amplitude,0.3,AUTO: moi doan co DTW = 1 loi; loai loi gan vong de du cot; chua xem video
dance_008,D08_P002_T01,9.0,11.0,wrong_direction,0.3,AUTO: moi doan co DTW = 1 loi; loai loi gan vong de du cot; chua xem video
dance_007,D07_P019_T01,4.0,6.0,missed_move,0.3,AUTO: moi doan co DTW = 1 loi; loai loi gan vong de du cot; chua xem video
dance_003,D03_P008_T01,7.0,9.0,off_beat,0.3,AUTO: moi doan co DTW = 1 loi; loai loi gan vong de du cot; chua xem video
dance_011,D11_P013_T01,6.0,8.0,wrong_move,0.3,AUTO: moi doan co DTW = 1 loi; loai loi gan vong de du cot; chua xem video
dance_004,D04_P008_T01,4.0,6.0,low_amplitude,0.3,AUTO: moi doan co DTW = 1 loi; loai loi gan vong de du cot; chua xem video
dance_006,D06_P003_T01,10.0,12.0,wrong_direction,0.3,AUTO: moi doan co DTW = 1 loi; loai loi gan vong de du cot; chua xem video
dance_010,D10_P013_T01,12.0,14.0,missed_move,0.3,AUTO: moi doan co DTW = 1 loi; loai loi gan vong de du cot; chua xem video
dance_003,D03_P008_T01,3.0,5.0,off_beat,0.3,AUTO: moi doan co DTW = 1 loi; loai loi gan vong de du cot; chua xem video
dance_010,D10_P004_T01,6.0,8.0,wrong_move,0.3,AUTO: moi doan co DTW = 1 loi; loai loi gan vong de du cot; chua xem video
dance_001,D01_P001_T01,6.0,8.0,low_amplitude,0.3,AUTO: moi doan co DTW = 1 loi; loai loi gan vong de du cot; chua xem video
dance_009,D09_P019_T01,1.0,3.0,wrong_direction,0.3,AUTO: moi doan co DTW = 1 loi; loai loi gan vong de du cot; chua xem video
dance_008,D08_P002_T01,2.0,4.0,missed_move,0.3,AUTO: moi doan co DTW = 1 loi; loai loi gan vong de du cot; chua xem video
dance_011,D11_P002_T01,5.0,7.0,off_beat,0.3,AUTO: moi doan co DTW = 1 loi; loai loi gan vong de du cot; chua xem video
dance_012,D12_P002_T01,5.0,7.0,wrong_move,0.3,AUTO: moi doan co DTW = 1 loi; loai loi gan vong de du cot; chua xem video
dance_006,D06_P019_T01,3.0,5.0,low_amplitude,0.3,AUTO: moi doan co DTW = 1 loi; loai loi gan vong de du cot; chua xem video
dance_011,D11_P002_T01,7.0,9.0,wrong_direction,0.3,AUTO: moi doan co DTW = 1 loi; loai loi gan vong de du cot; chua xem video
dance_010,D10_P002_T01,5.0,7.0,missed_move,0.3,AUTO: moi doan co DTW = 1 loi; loai loi gan vong de du cot; chua xem video
dance_011,D11_P004_T01,10.0,12.0,off_beat,0.3,AUTO: moi doan co DTW = 1 loi; loai loi gan vong de du cot; chua xem video
dance_008,D08_P009_T01,11.0,13.0,wrong_move,0.3,AUTO: moi doan co DTW = 1 loi; loai loi gan vong de du cot; chua xem video
dance_002,D02_P013_T01,7.0,9.0,low_amplitude,0.3,AUTO: moi doan co DTW = 1 loi; loai loi gan vong de du cot; chua xem video
dance_007,D07_P012_T01,10.0,12.0,wrong_direction,0.3,AUTO: moi doan co DTW = 1 loi; loai loi gan vong de du cot; chua xem video
dance_003,D03_P016_T01,1.0,3.0,missed_move,0.3,AUTO: moi doan co DTW = 1 loi; loai loi gan vong de du cot; chua xem video
dance_010,D10_P004_T01,8.0,10.0,off_beat,0.3,AUTO: moi doan co DTW = 1 loi; loai loi gan vong de du cot; chua xem video
dance_006,D06_P013_T01,11.0,13.0,wrong_move,0.3,AUTO: moi doan co DTW = 1 loi; loai loi gan vong de du cot; chua xem video
dance_005,D05_P002_T01,5.0,7.0,low_amplitude,0.3,AUTO: moi doan co DTW = 1 loi; loai loi gan vong de du cot; chua xem video
