dance_id,video_id,n_windows,n_errors,severity_sum,tong_diem
dance_001,D01_P001_T01,9,3,1.5,149.1
dance_001,D01_P002_T01,8,0,0.0,182.4
dance_001,D01_P003_T01,9,0,0.0,300.0
dance_001,D01_P004_T01,8,0,0.0,182.4
dance_001,D01_P005_T01,7,0,0.0,187.2
dance_001,D01_P006_T01,9,0,0.0,185.1
dance_001,D01_P007_T01,9,5,3.6,148.5
dance_001,D01_P008_T01,9,0,0.0,184.2
dance_001,D01_P009_T01,9,0,0.0,160.2
dance_001,D01_P010_T01,9,0,0.0,177.0
dance_001,D01_P011_T01,9,0,0.0,174.9
dance_001,D01_P013_T01,9,0,0.0,186.0
dance_001,D01_P014_T01,9,0,0.0,187.8
dance_001,D01_P015_T01,9,0,0.0,158.1
dance_001,D01_P016_T01,9,1,0.3,157.5
dance_001,D01_P017_T01,8,2,1.5,176.4
dance_001,D01_P018_T01,9,0,0.0,166.8
dance_001,D01_P019_T01,9,1,0.3,166.2
dance_001,D01_P020_T01,9,1,0.6,176.1
dance_002,D02_P002_T01,10,1,0.6,147.3
dance_002,D02_P003_T01,10,0,0.0,134.4
dance_002,D02_P004_T01,10,1,0.9,149.1
dance_002,D02_P005_T01,8,0,0.0,173.1
dance_002,D02_P006_T01,10,0,0.0,158.1
dance_002,D02_P007_T01,10,3,1.8,140.7
dance_002,D02_P008_T01,10,2,1.2,159.9
dance_002,D02_P009_T01,10,0,0.0,163.2
dance_002,D02_P010_T01,10,0,0.0,165.9
dance_002,D02_P011_T01,10,0,0.0,153.9
dance_002,D02_P012_T01,10,3,2.4,137.7
dance_002,D02_P013_T01,10,1,0.3,148.8
dance_002,D02_P014_T01,10,1,0.6,173.4
dance_002,D02_P015_T01,10,1,0.3,156.6
dance_002,D02_P016_T01,10,0,0.0,149.1
dance_002,D02_P017_T01,10,1,0.9,147.0
dance_002,D02_P018_T01,10,2,1.8,147.3
dance_002,D02_P019_T01,10,1,0.6,171.6
dance_002,D02_P020_T01,10,2,0.8999999999999999,151.5
dance_003,D03_P002_T01,13,7,4.8,132.9
dance_003,D03_P003_T01,13,0,0.0,183.9
dance_003,D03_P004_T01,11,1,0.9,187.5
dance_003,D03_P005_T01,8,0,0.0,173.4
dance_003,D03_P006_T01,13,0,0.0,193.2
dance_003,D03_P008_T01,13,3,1.5,147.6
dance_003,D03_P009_T01,13,2,1.2,162.6
dance_003,D03_P010_T01,11,1,0.6,167.7
dance_003,D03_P011_T01,11,0,0.0,179.4
dance_003,D03_P012_T01,13,0,0.0,147.9
dance_003,D03_P013_T01,13,0,0.0,195.3
dance_003,D03_P014_T01,13,0,0.0,189.0
dance_003,D03_P015_T01,13,0,0.0,185.4
dance_003,D03_P016_T01,13,1,0.3,181.2
dance_003,D03_P017_T01,13,0,0.0,191.1
dance_003,D03_P018_T01,13,0,0.0,195.0
dance_003,D03_P019_T01,13,0,0.0,190.5
dance_003,D03_P020_T01,13,1,0.3,183.0
dance_004,D04_P002_T01,11,1,0.3,147.3
dance_004,D04_P003_T01,12,2,1.2,154.2
dance_004,D04_P004_T01,8,0,0.0,168.6
dance_004,D04_P005_T01,8,0,0.0,180.6
dance_004,D04_P006_T01,11,0,0.0,164.1
dance_004,D04_P008_T01,11,2,0.6,153.0
dance_004,D04_P009_T01,11,1,0.3,157.8
dance_004,D04_P010_T01,11,0,0.0,169.5
dance_004,D04_P011_T01,8,0,0.0,180.9
dance_004,D04_P012_T01,11,1,0.6,139.5
dance_004,D04_P013_T01,11,1,0.9,160.2
dance_004,D04_P014_T01,11,0,0.0,149.7
dance_004,D04_P015_T01,11,2,0.8999999999999999,166.5
dance_004,D04_P016_T01,11,0,0.0,169.2
dance_004,D04_P017_T01,9,4,2.7,122.4
dance_004,D04_P018_T01,11,0,0.0,158.4
dance_004,D04_P019_T01,11,1,0.9,146.4
dance_004,D04_P020_T01,11,1,0.6,160.2
dance_005,D05_P002_T01,9,2,1.2,165.9
dance_005,D05_P003_T01,8,0,0.0,197.1
dance_005,D05_P004_T01,9,0,0.0,197.4
dance_005,D05_P005_T01,6,0,0.0,191.1
dance_005,D05_P006_T01,9,0,0.0,208.8
dance_005,D05_P007_T01,9,3,2.4,163.8
dance_005,D05_P008_T01,9,5,3.3,159.9
dance_005,D05_P009_T01,9,0,0.0,192.9
dance_005,D05_P010_T01,9,2,1.5,162.9
dance_005,D05_P011_T01,8,0,0.0,192.6
dance_005,D05_P012_T01,9,0,0.0,153.0
dance_005,D05_P013_T01,9,0,0.0,181.5
dance_005,D05_P014_T01,9,0,0.0,188.7
dance_005,D05_P015_T01,9,0,0.0,199.8
dance_005,D05_P016_T01,9,2,0.8999999999999999,181.5
dance_005,D05_P017_T01,9,2,0.8999999999999999,177.0
dance_005,D05_P018_T01,9,0,0.0,191.4
dance_005,D05_P019_T01,9,1,0.3,189.9
dance_005,D05_P020_T01,9,0,0.0,185.1
dance_006,D06_P003_T01,11,3,0.8999999999999999,177.9
dance_006,D06_P004_T01,13,0,0.0,213.6
dance_006,D06_P005_T01,8,0,0.0,198.9
dance_006,D06_P006_T01,13,0,0.0,197.7
dance_006,D06_P007_T01,13,3,2.4,146.1
dance_006,D06_P008_T01,13,3,1.5,159.9
dance_006,D06_P009_T01,13,2,0.8999999999999999,182.4
dance_006,D06_P010_T01,9,0,0.0,173.7
dance_006,D06_P011_T01,11,0,0.0,176.4
dance_006,D06_P013_T01,13,3,1.2,189.3
dance_006,D06_P014_T01,13,0,0.0,198.0
dance_006,D06_P015_T01,13,0,0.0,193.8
dance_006,D06_P016_T01,13,0,0.0,180.0
dance_006,D06_P017_T01,13,1,0.6,201.6
dance_006,D06_P018_T01,13,0,0.0,197.1
dance_006,D06_P019_T01,13,2,1.2,194.7
dance_006,D06_P020_T01,13,0,0.0,207.3
dance_007,D07_P002_T01,11,3,1.2,181.8
dance_007,D07_P003_T01,10,0,0.0,202.5
dance_007,D07_P004_T01,11,0,0.0,183.9
dance_007,D07_P005_T01,8,0,0.0,171.0
dance_007,D07_P006_T01,11,0,0.0,200.1
dance_007,D07_P008_T01,11,3,1.5,190.8
dance_007,D07_P009_T01,11,0,0.0,196.2
dance_007,D07_P010_T01,11,0,0.0,182.4
dance_007,D07_P011_T01,10,1,0.3,151.2
dance_007,D07_P012_T01,11,2,0.6,172.8
dance_007,D07_P013_T01,11,5,3.0,159.0
dance_007,D07_P014_T01,11,0,0.0,164.7
dance_007,D07_P015_T01,11,1,0.3,198.0
dance_007,D07_P016_T01,11,1,0.6,162.0
dance_007,D07_P017_T01,11,1,0.6,194.4
dance_007,D07_P018_T01,11,0,0.0,180.9
dance_007,D07_P019_T01,11,1,0.3,193.2
dance_007,D07_P020_T01,11,0,0.0,195.6
dance_008,D08_P002_T01,19,7,3.6,171.0
dance_008,D08_P003_T01,15,0,0.0,169.2
dance_008,D08_P004_T01,19,0,0.0,191.7
dance_008,D08_P005_T01,8,0,0.0,181.5
dance_008,D08_P006_T01,19,4,3.0,133.8
dance_008,D08_P007_T01,14,3,2.1,166.5
dance_008,D08_P008_T01,19,4,2.7,169.5
dance_008,D08_P009_T01,19,5,2.7,180.6
dance_008,D08_P010_T01,11,1,0.6,203.7
dance_008,D08_P011_T01,15,0,0.0,199.5
dance_008,D08_P012_T01,19,1,0.3,172.8
dance_008,D08_P013_T01,19,1,0.3,192.3
dance_008,D08_P014_T01,19,2,1.8,165.6
dance_008,D08_P015_T01,19,0,0.0,189.0
dance_008,D08_P016_T01,19,0,0.0,160.5
dance_008,D08_P017_T01,19,0,0.0,186.9
dance_008,D08_P018_T01,14,1,0.6,184.2
dance_008,D08_P019_T01,9,0,0.0,200.4
dance_008,D08_P020_T01,19,3,1.8,190.2
dance_009,D09_P002_T01,10,2,1.2,111.6
dance_009,D09_P003_T01,9,2,0.6,121.2
dance_009,D09_P004_T01,10,0,0.0,149.4
dance_009,D09_P005_T01,7,0,0.0,144.6
dance_009,D09_P006_T01,12,2,1.5,138.6
dance_009,D09_P008_T01,12,0,0.0,144.0
dance_009,D09_P009_T01,12,0,0.0,146.4
dance_009,D09_P010_T01,9,0,0.0,135.0
dance_009,D09_P011_T01,9,0,0.0,130.8
dance_009,D09_P013_T01,12,3,1.8,120.6
dance_009,D09_P014_T01,12,0,0.0,151.5
dance_009,D09_P015_T01,11,0,0.0,132.3
dance_009,D09_P016_T01,12,0,0.0,150.6
dance_009,D09_P017_T01,9,0,0.0,150.6
dance_009,D09_P018_T01,12,0,0.0,131.7
dance_009,D09_P019_T01,12,3,1.2,146.4
dance_009,D09_P020_T01,10,0,0.0,139.5
dance_010,D10_P002_T01,13,2,0.8999999999999999,142.2
dance_010,D10_P003_T01,11,0,0.0,183.0
dance_010,D10_P004_T01,13,3,1.5,173.4
dance_010,D10_P005_T01,8,0,0.0,165.6
dance_010,D10_P006_T01,13,3,0.8999999999999999,174.6
dance_010,D10_P008_T01,13,0,0.0,179.1
dance_010,D10_P009_T01,13,0,0.0,174.9
dance_010,D10_P010_T01,11,0,0.0,195.9
dance_010,D10_P011_T01,11,1,0.3,183.0
dance_010,D10_P012_T01,13,3,1.8,147.6
dance_010,D10_P013_T01,13,1,0.3,168.9
dance_010,D10_P014_T01,13,0,0.0,164.7
dance_010,D10_P015_T01,13,0,0.0,171.3
dance_010,D10_P016_T01,13,0,0.0,186.0
dance_010,D10_P017_T01,11,0,0.0,170.4
dance_010,D10_P018_T01,13,0,0.0,198.6
dance_010,D10_P019_T01,9,1,0.6,186.9
dance_010,D10_P020_T01,13,1,0.6,169.2
dance_011,D11_P003_T01,13,0,0.0,195.0
dance_011,D11_P004_T01,12,2,1.2,186.6
dance_011,D11_P005_T01,8,0,0.0,162.9
dance_011,D11_P006_T01,16,1,0.3,195.0
dance_011,D11_P007_T01,16,5,3.9,143.1
dance_011,D11_P008_T01,16,5,2.7,162.9
dance_011,D11_P009_T01,14,0,0.0,183.9
dance_011,D11_P010_T01,11,0,0.0,205.5
dance_011,D11_P011_T01,13,0,0.0,203.7
dance_011,D11_P012_T01,16,2,1.2,139.2
dance_011,D11_P013_T01,16,2,0.8999999999999999,190.5
dance_011,D11_P014_T01,16,0,0.0,206.7
dance_011,D11_P015_T01,16,1,0.3,191.4
dance_011,D11_P016_T01,16,1,0.6,162.3
dance_011,D11_P017_T01,13,0,0.0,196.8
dance_011,D11_P018_T01,16,0,0.0,192.9
dance_011,D11_P019_T01,8,0,0.0,193.5
dance_011,D11_P020_T01,13,0,0.0,191.1
dance_012,D12_P003_T01,11,0,0.0,180.6
dance_012,D12_P004_T01,11,1,0.3,184.8
dance_012,D12_P005_T01,8,0,0.0,192.0
dance_012,D12_P006_T01,13,0,0.0,186.6
dance_012,D12_P008_T01,13,10,8.1,145.2
dance_012,D12_P009_T01,13,0,0.0,192.0
dance_012,D12_P010_T01,11,0,0.0,183.9
dance_012,D12_P011_T01,11,0,0.0,185.4
dance_012,D12_P012_T01,13,1,0.3,153.6
dance_012,D12_P013_T01,13,0,0.0,180.0
dance_012,D12_P014_T01,13,1,0.6,192.0
dance_012,D12_P015_T01,13,0,0.0,193.2
dance_012,D12_P016_T01,13,2,0.8999999999999999,170.7
dance_012,D12_P017_T01,13,1,0.3,183.3
dance_012,D12_P018_T01,13,0,0.0,185.4
dance_012,D12_P019_T01,7,0,0.0,190.8
dance_012,D12_P020_T01,13,1,0.3,208.5
