dance_id,video_id,n_errors,severity_sum,tong_diem,residual_z,reason
dance_006,D06_P019_T01,2,1.2,194.7,1.2783752196275842,nhiều lỗi nhưng điểm cao
dance_007,D07_P008_T01,3,1.5,190.8,1.2106170009817028,nhiều lỗi nhưng điểm cao
dance_011,D11_P013_T01,2,0.8999999999999999,190.5,0.957868619034241,nhiều lỗi nhưng điểm cao
dance_001,D01_P003_T01,0,0.0,300.0,5.849081462823299,phần dư hồi quy lớn
dance_002,D02_P003_T01,0,0.0,134.4,-2.088777063845347,phần dư hồi quy lớn
dance_009,D09_P002_T01,2,1.2,111.6,-2.7049342221970805,phần dư hồi quy lớn
dance_009,D09_P003_T01,2,0.6,121.2,-2.4831367139632636,phần dư hồi quy lớn
dance_009,D09_P010_T01,0,0.0,135.0,-2.0600167068646638,phần dư hồi quy lớn
dance_009,D09_P011_T01,0,0.0,130.8,-2.261339205729448,phần dư hồi quy lớn
dance_009,D09_P013_T01,3,1.8,120.6,-2.035160664029707,phần dư hồi quy lớn
dance_009,D09_P015_T01,0,0.0,132.3,-2.1894383132777393,phần dư hồi quy lớn
dance_009,D09_P018_T01,0,0.0,131.7,-2.2181986702584235,phần dư hồi quy lớn
dance_001,D01_P015_T01,0,0.0,158.1,-0.9527429631083494,ít lỗi nhưng điểm thấp
dance_002,D02_P006_T01,0,0.0,158.1,-0.9527429631083494,ít lỗi nhưng điểm thấp
dance_002,D02_P011_T01,0,0.0,153.9,-1.1540654619731334,ít lỗi nhưng điểm thấp
dance_002,D02_P016_T01,0,0.0,149.1,-1.384148317818602,ít lỗi nhưng điểm thấp
dance_003,D03_P012_T01,0,0.0,147.9,-1.4416690317799683,ít lỗi nhưng điểm thấp
dance_004,D04_P014_T01,0,0.0,149.7,-1.3553879608379187,ít lỗi nhưng điểm thấp
dance_005,D05_P012_T01,0,0.0,153.0,-1.197205997444159,ít lỗi nhưng điểm thấp
dance_009,D09_P004_T01,0,0.0,149.4,-1.3697681393282597,ít lỗi nhưng điểm thấp
dance_009,D09_P005_T01,0,0.0,144.6,-1.5998509951737283,ít lỗi nhưng điểm thấp
dance_009,D09_P008_T01,0,0.0,144.0,-1.6286113521544114,ít lỗi nhưng điểm thấp
dance_009,D09_P009_T01,0,0.0,146.4,-1.5135699242316771,ít lỗi nhưng điểm thấp
dance_009,D09_P014_T01,0,0.0,151.5,-1.2691068898958677,ít lỗi nhưng điểm thấp
dance_009,D09_P016_T01,0,0.0,150.6,-1.3122474253668932,ít lỗi nhưng điểm thấp
dance_009,D09_P017_T01,0,0.0,150.6,-1.3122474253668932,ít lỗi nhưng điểm thấp
dance_009,D09_P020_T01,0,0.0,139.5,-1.8443140295095377,ít lỗi nhưng điểm thấp
