dance_id,video_id,rater_id,khop_dong_tac,khop_nhip,nang_luong,tong_diem,timestamp,notes
dance_001,D01_P001_T01,,,,,,,
dance_001,D01_P002_T01,,,,,,,
dance_001,D01_P003_T01,,,,,,,
dance_001,D01_P004_T01,,,,,,,
dance_001,D01_P005_T01,,,,,,,
dance_001,D01_P006_T01,,,,,,,
dance_001,D01_P007_T01,,,,,,,
dance_001,D01_P008_T01,,,,,,,
dance_001,D01_P009_T01,,,,,,,
dance_001,D01_P010_T01,,,,,,,
dance_001,D01_P011_T01,,,,,,,
dance_001,D01_P012_T01,,,,,,,
dance_001,D01_P013_T01,,,,,,,
dance_001,D01_P014_T01,,,,,,,
dance_001,D01_P015_T01,,,,,,,
dance_001,D01_P016_T01,,,,,,,
dance_001,D01_P017_T01,,,,,,,
dance_001,D01_P018_T01,,,,,,,
dance_001,D01_P019_T01,,,,,,,
dance_001,D01_P020_T01,,,,,,,
dance_002,D02_P002_T01,,,,,,,
dance_002,D02_P003_T01,,,,,,,
dance_002,D02_P004_T01,,,,,,,
dance_002,D02_P005_T01,,,,,,,
dance_002,D02_P006_T01,,,,,,,
dance_002,D02_P007_T01,,,,,,,
dance_002,D02_P008_T01,,,,,,,
dance_002,D02_P009_T01,,,,,,,
dance_002,D02_P010_T01,,,,,,,
dance_002,D02_P011_T01,,,,,,,
dance_002,D02_P012_T01,,,,,,,
dance_002,D02_P013_T01,,,,,,,
dance_002,D02_P014_T01,,,,,,,
dance_002,D02_P015_T01,,,,,,,
dance_002,D02_P016_T01,,,,,,,
dance_002,D02_P017_T01,,,,,,,
dance_002,D02_P018_T01,,,,,,,
dance_002,D02_P019_T01,,,,,,,
dance_002,D02_P020_T01,,,,,,,
dance_003,D03_P002_T01,,,,,,,
dance_003,D03_P003_T01,,,,,,,
dance_003,D03_P004_T01,,,,,,,
dance_003,D03_P005_T01,,,,,,,
dance_003,D03_P006_T01,,,,,,,
dance_003,D03_P007_T01,,,,,,,
dance_003,D03_P008_T01,,,,,,,
dance_003,D03_P009_T01,,,,,,,
dance_003,D03_P010_T01,,,,,,,
dance_003,D03_P011_T01,,,,,,,
dance_003,D03_P012_T01,,,,,,,
dance_003,D03_P013_T01,,,,,,,
dance_003,D03_P014_T01,,,,,,,
dance_003,D03_P015_T01,,,,,,,
dance_003,D03_P016_T01,,,,,,,
dance_003,D03_P017_T01,,,,,,,
dance_003,D03_P018_T01,,,,,,,
dance_003,D03_P019_T01,,,,,,,
dance_003,D03_P020_T01,,,,,,,
dance_004,D04_P002_T01,,,,,,,
dance_004,D04_P003_T01,,,,,,,
dance_004,D04_P004_T01,,,,,,,
dance_004,D04_P005_T01,,,,,,,
dance_004,D04_P006_T01,,,,,,,
dance_004,D04_P007_T01,,,,,,,
dance_004,D04_P008_T01,,,,,,,
dance_004,D04_P009_T01,,,,,,,
dance_004,D04_P010_T01,,,,,,,
dance_004,D04_P011_T01,,,,,,,
dance_004,D04_P012_T01,,,,,,,
dance_004,D04_P013_T01,,,,,,,
dance_004,D04_P014_T01,,,,,,,
dance_004,D04_P015_T01,,,,,,,
dance_004,D04_P016_T01,,,,,,,
dance_004,D04_P017_T01,,,,,,,
dance_004,D04_P018_T01,,,,,,,
dance_004,D04_P019_T01,,,,,,,
dance_004,D04_P020_T01,,,,,,,
dance_005,D05_P002_T01,,,,,,,
dance_005,D05_P003_T01,,,,,,,
dance_005,D05_P004_T01,,,,,,,
dance_005,D05_P005_T01,,,,,,,
dance_005,D05_P006_T01,,,,,,,
dance_005,D05_P007_T01,,,,,,,
dance_005,D05_P008_T01,,,,,,,
dance_005,D05_P009_T01,,,,,,,
dance_005,D05_P010_T01,,,,,,,
dance_005,D05_P011_T01,,,,,,,
dance_005,D05_P012_T01,,,,,,,
dance_005,D05_P013_T01,,,,,,,
dance_005,D05_P014_T01,,,,,,,
dance_005,D05_P015_T01,,,,,,,
dance_005,D05_P016_T01,,,,,,,
dance_005,D05_P017_T01,,,,,,,
dance_005,D05_P018_T01,,,,,,,
dance_005,D05_P019_T01,,,,,,,
dance_005,D05_P020_T01,,,,,,,
dance_006,D06_P002_T01,,,,,,,
dance_006,D06_P003_T01,,,,,,,
dance_006,D06_P004_T01,,,,,,,
dance_006,D06_P005_T01,,,,,,,
dance_006,D06_P006_T01,,,,,,,
dance_006,D06_P007_T01,,,,,,,
dance_006,D06_P008_T01,,,,,,,
dance_006,D06_P009_T01,,,,,,,
dance_006,D06_P010_T01,,,,,,,
dance_006,D06_P011_T01,,,,,,,
dance_006,D06_P012_T01,,,,,,,
dance_006,D06_P013_T01,,,,,,,
dance_006,D06_P014_T01,,,,,,,
dance_006,D06_P015_T01,,,,,,,
dance_006,D06_P016_T01,,,,,,,
dance_006,D06_P017_T01,,,,,,,
dance_006,D06_P018_T01,,,,,,,
dance_006,D06_P019_T01,,,,,,,
dance_006,D06_P020_T01,,,,,,,
dance_007,D07_P002_T01,,,,,,,
dance_007,D07_P003_T01,,,,,,,
dance_007,D07_P004_T01,,,,,,,
dance_007,D07_P005_T01,,,,,,,
dance_007,D07_P006_T01,,,,,,,
dance_007,D07_P007_T01,,,,,,,
dance_007,D07_P008_T01,,,,,,,
dance_007,D07_P009_T01,,,,,,,
dance_007,D07_P010_T01,,,,,,,
dance_007,D07_P011_T01,,,,,,,
dance_007,D07_P012_T01,,,,,,,
dance_007,D07_P013_T01,,,,,,,
dance_007,D07_P014_T01,,,,,,,
dance_007,D07_P015_T01,,,,,,,
dance_007,D07_P016_T01,,,,,,,
dance_007,D07_P017_T01,,,,,,,
dance_007,D07_P018_T01,,,,,,,
dance_007,D07_P019_T01,,,,,,,
dance_007,D07_P020_T01,,,,,,,
dance_008,D08_P002_T01,,,,,,,
dance_008,D08_P003_T01,,,,,,,
dance_008,D08_P004_T01,,,,,,,
dance_008,D08_P005_T01,,,,,,,
dance_008,D08_P006_T01,,,,,,,
dance_008,D08_P007_T01,,,,,,,
dance_008,D08_P008_T01,,,,,,,
dance_008,D08_P009_T01,,,,,,,
dance_008,D08_P010_T01,,,,,,,
dance_008,D08_P011_T01,,,,,,,
dance_008,D08_P012_T01,,,,,,,
dance_008,D08_P013_T01,,,,,,,
dance_008,D08_P014_T01,,,,,,,
dance_008,D08_P015_T01,,,,,,,
dance_008,D08_P016_T01,,,,,,,
dance_008,D08_P017_T01,,,,,,,
dance_008,D08_P018_T01,,,,,,,
dance_008,D08_P019_T01,,,,,,,
dance_008,D08_P020_T01,,,,,,,
dance_009,D09_P002_T01,,,,,,,
dance_009,D09_P003_T01,,,,,,,
dance_009,D09_P004_T01,,,,,,,
dance_009,D09_P005_T01,,,,,,,
dance_009,D09_P006_T01,,,,,,,
dance_009,D09_P007_T01,,,,,,,
dance_009,D09_P008_T01,,,,,,,
dance_009,D09_P009_T01,,,,,,,
dance_009,D09_P010_T01,,,,,,,
dance_009,D09_P011_T01,,,,,,,
dance_009,D09_P012_T01,,,,,,,
dance_009,D09_P013_T01,,,,,,,
dance_009,D09_P014_T01,,,,,,,
dance_009,D09_P015_T01,,,,,,,
dance_009,D09_P016_T01,,,,,,,
dance_009,D09_P017_T01,,,,,,,
dance_009,D09_P018_T01,,,,,,,
dance_009,D09_P019_T01,,,,,,,
dance_009,D09_P020_T01,,,,,,,
dance_010,D10_P002_T01,,,,,,,
dance_010,D10_P003_T01,,,,,,,
dance_010,D10_P004_T01,,,,,,,
dance_010,D10_P005_T01,,,,,,,
dance_010,D10_P006_T01,,,,,,,
dance_010,D10_P007_T01,,,,,,,
dance_010,D10_P008_T01,,,,,,,
dance_010,D10_P009_T01,,,,,,,
dance_010,D10_P010_T01,,,,,,,
dance_010,D10_P011_T01,,,,,,,
dance_010,D10_P012_T01,,,,,,,
dance_010,D10_P013_T01,,,,,,,
dance_010,D10_P014_T01,,,,,,,
dance_010,D10_P015_T01,,,,,,,
dance_010,D10_P016_T01,,,,,,,
dance_010,D10_P017_T01,,,,,,,
dance_010,D10_P018_T01,,,,,,,
dance_010,D10_P019_T01,,,,,,,
dance_010,D10_P020_T01,,,,,,,
dance_011,D11_P002_T01,,,,,,,
dance_011,D11_P003_T01,,,,,,,
dance_011,D11_P004_T01,,,,,,,
dance_011,D11_P005_T01,,,,,,,
dance_011,D11_P006_T01,,,,,,,
dance_011,D11_P007_T01,,,,,,,
dance_011,D11_P008_T01,,,,,,,
dance_011,D11_P009_T01,,,,,,,
dance_011,D11_P010_T01,,,,,,,
dance_011,D11_P011_T01,,,,,,,
dance_011,D11_P012_T01,,,,,,,
dance_011,D11_P013_T01,,,,,,,
dance_011,D11_P014_T01,,,,,,,
dance_011,D11_P015_T01,,,,,,,
dance_011,D11_P016_T01,,,,,,,
dance_011,D11_P017_T01,,,,,,,
dance_011,D11_P018_T01,,,,,,,
dance_011,D11_P019_T01,,,,,,,
dance_011,D11_P020_T01,,,,,,,
dance_012,D12_P002_T01,,,,,,,
dance_012,D12_P003_T01,,,,,,,
dance_012,D12_P004_T01,,,,,,,
dance_012,D12_P005_T01,,,,,,,
dance_012,D12_P006_T01,,,,,,,
dance_012,D12_P007_T01,,,,,,,
dance_012,D12_P008_T01,,,,,,,
dance_012,D12_P009_T01,,,,,,,
dance_012,D12_P010_T01,,,,,,,
dance_012,D12_P011_T01,,,,,,,
dance_012,D12_P012_T01,,,,,,,
dance_012,D12_P013_T01,,,,,,,
dance_012,D12_P014_T01,,,,,,,
dance_012,D12_P015_T01,,,,,,,
dance_012,D12_P016_T01,,,,,,,
dance_012,D12_P017_T01,,,,,,,
dance_012,D12_P018_T01,,,,,,,
dance_012,D12_P019_T01,,,,,,,
dance_012,D12_P020_T01,,,,,,,
