video_id,score_arm,score_leg,score_body,score_posture,score_rhythm,score_motion,score_total,ref_id,notes
D01_P001_T01,34.0,18.2,25.6,26.0,75.9,69.8,49.7,D01_REF01,auto
D01_P002_T01,41.2,30.1,41.3,36.8,77.9,95.3,60.8,D01_REF01,auto
D01_P003_T01,100.0,100.0,100.0,100.0,100.0,100.0,100.0,D01_REF01,auto
D01_P004_T01,41.2,30.1,41.3,36.8,77.9,95.3,60.8,D01_REF01,auto
D01_P005_T01,50.5,37.7,48.2,44.9,77.7,83.1,62.4,D01_REF01,auto
D01_P006_T01,44.3,38.4,44.9,42.1,80.6,82.4,61.7,D01_REF01,auto
D01_P007_T01,41.5,3.5,31.7,24.3,74.1,75.7,49.5,D01_REF01,auto
D01_P008_T01,45.6,40.9,45.1,43.6,79.6,78.5,61.4,D01_REF01,auto
D01_P009_T01,43.1,19.6,21.9,29.5,70.6,87.4,53.4,D01_REF01,auto
D01_P010_T01,41.0,34.6,41.7,38.6,75.2,85.8,59.0,D01_REF01,auto
D01_P011_T01,41.5,31.2,40.7,37.3,75.4,85.3,58.3,D01_REF01,auto
D01_P013_T01,44.6,41.4,43.5,43.1,78.7,84.2,62.0,D01_REF01,auto
D01_P014_T01,43.0,48.6,48.9,46.4,80.7,76.0,62.6,D01_REF01,auto
D01_P015_T01,39.6,26.9,32.7,33.1,66.9,80.2,52.7,D01_REF01,auto
D01_P016_T01,35.8,15.4,10.3,22.5,74.7,93.9,52.5,D01_REF01,auto
D01_P017_T01,38.2,28.9,35.8,34.0,76.1,94.8,58.8,D01_REF01,auto
D01_P018_T01,33.9,35.7,35.3,34.9,77.0,75.5,55.6,D01_REF01,auto
D01_P019_T01,38.3,41.5,36.3,39.2,72.9,69.7,55.4,D01_REF01,auto
D01_P020_T01,38.0,37.5,38.5,37.9,76.2,84.7,58.7,D01_REF01,auto
D02_P002_T01,42.8,6.5,10.2,21.8,75.9,77.3,49.1,D02_REF01,auto
D02_P003_T01,21.5,19.0,1.6,16.5,67.7,81.3,44.8,D02_REF01,auto
D02_P004_T01,23.7,20.7,4.9,18.7,76.3,87.4,49.7,D02_REF01,auto
D02_P005_T01,32.2,33.6,23.3,31.0,76.8,95.6,57.7,D02_REF01,auto
D02_P006_T01,33.1,31.5,16.3,29.1,75.8,77.2,52.7,D02_REF01,auto
D02_P007_T01,31.9,15.5,0.4,19.0,76.4,72.3,46.9,D02_REF01,auto
D02_P008_T01,30.1,23.6,9.5,23.4,78.4,90.6,53.3,D02_REF01,auto
D02_P009_T01,30.5,26.0,15.2,25.7,76.8,92.5,54.4,D02_REF01,auto
D02_P010_T01,24.2,30.4,13.9,24.6,78.4,97.6,55.3,D02_REF01,auto
D02_P011_T01,23.0,35.6,14.1,26.3,73.9,80.2,51.3,D02_REF01,auto
D02_P012_T01,36.1,14.9,3.1,21.0,72.4,68.4,45.9,D02_REF01,auto
D02_P013_T01,33.4,1.9,16.2,17.4,74.7,92.8,49.6,D02_REF01,auto
D02_P014_T01,37.0,29.8,22.9,31.3,78.7,92.8,57.8,D02_REF01,auto
D02_P015_T01,18.1,34.5,7.6,22.5,74.1,93.4,52.2,D02_REF01,auto
D02_P016_T01,19.7,21.2,10.4,18.4,75.2,89.6,49.7,D02_REF01,auto
D02_P017_T01,34.4,17.8,12.0,23.3,75.9,72.9,49.0,D02_REF01,auto
D02_P018_T01,26.2,21.5,9.7,21.0,75.1,80.3,49.1,D02_REF01,auto
D02_P019_T01,44.0,33.9,28.3,36.8,76.8,78.7,57.2,D02_REF01,auto
D02_P020_T01,19.5,20.2,1.8,16.2,77.4,95.9,50.5,D02_REF01,auto
D03_P002_T01,28.7,8.0,12.3,17.2,73.2,69.1,44.3,D03_REF01,auto
D03_P003_T01,40.1,34.6,32.2,36.3,78.5,97.9,61.3,D03_REF01,auto
D03_P004_T01,47.4,37.6,45.1,43.0,78.8,86.4,62.5,D03_REF01,auto
D03_P005_T01,30.3,31.5,29.2,30.6,76.9,97.1,57.8,D03_REF01,auto
D03_P006_T01,46.9,38.8,41.2,42.5,80.8,94.5,64.4,D03_REF01,auto
D03_P008_T01,30.6,0.0,4.6,13.2,76.0,98.8,49.2,D03_REF01,auto
D03_P009_T01,32.9,28.3,24.5,29.4,75.5,84.0,54.2,D03_REF01,auto
D03_P010_T01,34.6,35.4,32.2,34.4,73.2,83.9,55.9,D03_REF01,auto
D03_P011_T01,41.6,45.5,38.3,42.5,78.5,74.8,59.8,D03_REF01,auto
D03_P012_T01,35.6,15.7,25.9,25.7,73.0,72.9,49.3,D03_REF01,auto
D03_P013_T01,44.4,43.3,42.2,43.5,78.8,98.4,65.1,D03_REF01,auto
D03_P014_T01,47.2,40.8,38.8,43.0,77.2,91.9,63.0,D03_REF01,auto
D03_P015_T01,42.2,41.0,38.6,41.0,78.7,88.6,61.8,D03_REF01,auto
D03_P016_T01,41.8,39.2,30.1,38.4,75.2,93.1,60.4,D03_REF01,auto
D03_P017_T01,41.0,44.5,39.5,42.1,76.7,98.4,63.7,D03_REF01,auto
D03_P018_T01,46.7,43.0,37.8,43.5,77.9,99.3,65.0,D03_REF01,auto
D03_P019_T01,49.8,48.8,47.3,48.9,78.6,77.3,63.5,D03_REF01,auto
D03_P020_T01,37.6,39.4,32.8,37.4,77.9,95.0,61.0,D03_REF01,auto
D04_P002_T01,33.6,16.8,22.6,24.7,74.4,72.1,49.1,D04_REF01,auto
D04_P003_T01,27.7,20.7,15.0,22.3,69.4,97.2,51.4,D04_REF01,auto
D04_P004_T01,26.4,38.0,19.8,29.7,75.4,93.6,56.2,D04_REF01,auto
D04_P005_T01,37.6,34.8,31.8,35.3,77.4,96.9,60.2,D04_REF01,auto
D04_P006_T01,25.6,29.8,12.8,24.7,77.1,96.3,54.7,D04_REF01,auto
D04_P008_T01,21.9,25.4,11.0,21.1,69.5,97.8,51.0,D04_REF01,auto
D04_P009_T01,26.9,31.9,18.9,27.3,70.2,89.4,52.6,D04_REF01,auto
D04_P010_T01,37.8,34.0,24.3,33.6,73.3,88.6,56.5,D04_REF01,auto
D04_P011_T01,44.1,32.6,32.7,37.2,77.4,92.3,60.3,D04_REF01,auto
D04_P012_T01,35.2,6.5,20.1,20.7,71.9,73.0,46.5,D04_REF01,auto
D04_P013_T01,30.6,32.9,12.6,27.9,70.6,91.4,53.4,D04_REF01,auto
D04_P014_T01,33.1,11.3,14.2,20.6,72.1,90.1,49.9,D04_REF01,auto
D04_P015_T01,24.8,42.9,21.3,31.3,72.0,91.3,55.5,D04_REF01,auto
D04_P016_T01,34.6,28.5,24.3,30.1,74.0,95.8,56.4,D04_REF01,auto
D04_P017_T01,4.6,2.4,0.0,2.8,66.9,96.6,40.8,D04_REF01,auto
D04_P018_T01,28.0,26.1,20.4,25.7,70.9,93.4,52.8,D04_REF01,auto
D04_P019_T01,24.9,18.0,2.6,17.7,71.5,92.7,48.8,D04_REF01,auto
D04_P020_T01,37.5,21.6,17.7,27.2,75.7,85.8,53.4,D04_REF01,auto
D05_P002_T01,32.0,37.2,31.6,34.0,77.6,75.1,55.3,D05_REF01,auto
D05_P003_T01,45.2,53.4,45.0,48.4,81.0,85.6,65.7,D05_REF01,auto
D05_P004_T01,41.8,53.4,48.4,47.8,77.1,94.0,65.8,D05_REF01,auto
D05_P005_T01,43.5,55.5,44.6,48.5,76.1,83.0,63.7,D05_REF01,auto
D05_P006_T01,49.0,54.2,48.7,51.0,81.6,98.2,69.6,D05_REF01,auto
D05_P007_T01,35.3,34.3,31.8,34.2,77.5,71.2,54.6,D05_REF01,auto
D05_P008_T01,28.2,28.9,32.6,29.4,75.6,79.9,53.3,D05_REF01,auto
D05_P009_T01,35.3,53.0,40.8,43.5,81.6,90.4,64.3,D05_REF01,auto
D05_P010_T01,32.6,33.1,18.9,30.1,77.3,80.5,54.3,D05_REF01,auto
D05_P011_T01,41.1,47.0,42.7,43.8,81.4,89.7,64.2,D05_REF01,auto
D05_P012_T01,30.0,26.4,32.3,29.0,72.8,73.1,51.0,D05_REF01,auto
D05_P013_T01,39.1,41.1,34.7,39.0,79.6,85.3,60.5,D05_REF01,auto
D05_P014_T01,34.5,44.8,36.2,39.0,80.2,97.0,62.9,D05_REF01,auto
D05_P015_T01,39.1,56.2,41.5,46.4,82.0,93.9,66.6,D05_REF01,auto
D05_P016_T01,41.0,35.8,30.3,36.8,78.9,92.2,60.5,D05_REF01,auto
D05_P017_T01,37.2,26.9,27.6,31.2,79.2,98.3,59.0,D05_REF01,auto
D05_P018_T01,36.1,54.3,42.3,44.6,78.9,88.9,63.8,D05_REF01,auto
D05_P019_T01,41.2,51.5,36.1,44.3,80.6,84.9,63.3,D05_REF01,auto
D05_P020_T01,28.3,52.3,30.2,38.3,79.4,93.8,61.7,D05_REF01,auto
D06_P003_T01,35.6,37.2,31.8,35.5,77.2,92.1,59.3,D06_REF01,auto
D06_P004_T01,43.6,67.5,53.0,55.0,80.6,97.5,71.2,D06_REF01,auto
D06_P005_T01,33.1,60.8,45.1,46.6,79.9,95.2,66.3,D06_REF01,auto
D06_P006_T01,36.4,63.5,43.4,48.7,81.3,86.0,65.9,D06_REF01,auto
D06_P007_T01,21.7,35.5,19.3,26.7,70.6,70.7,48.7,D06_REF01,auto
D06_P008_T01,27.8,25.4,15.4,24.4,78.0,88.8,53.3,D06_REF01,auto
D06_P009_T01,32.0,45.7,26.0,36.3,80.5,92.5,60.8,D06_REF01,auto
D06_P010_T01,26.1,48.3,23.0,34.3,76.1,89.7,57.9,D06_REF01,auto
D06_P011_T01,30.8,47.4,30.0,37.3,78.0,83.9,58.8,D06_REF01,auto
D06_P013_T01,42.5,38.9,36.2,39.8,81.5,93.6,63.1,D06_REF01,auto
D06_P014_T01,40.4,52.9,44.0,46.1,81.5,92.3,66.0,D06_REF01,auto
D06_P015_T01,34.8,58.0,38.3,44.8,79.2,92.4,64.6,D06_REF01,auto
D06_P016_T01,34.3,37.8,25.4,33.9,77.9,98.6,60.0,D06_REF01,auto
D06_P017_T01,39.1,62.5,46.2,49.9,79.3,92.0,67.2,D06_REF01,auto
D06_P018_T01,37.5,53.6,39.0,44.2,80.5,96.9,65.7,D06_REF01,auto
D06_P019_T01,33.3,64.5,36.9,46.5,80.0,88.3,64.9,D06_REF01,auto
D06_P020_T01,39.6,64.9,49.8,51.7,79.8,96.6,69.1,D06_REF01,auto
D07_P002_T01,45.7,51.4,39.8,46.8,76.4,71.6,60.6,D07_REF01,auto
D07_P003_T01,58.0,49.4,48.1,52.6,81.2,84.3,67.5,D07_REF01,auto
D07_P004_T01,47.1,32.5,46.4,41.1,72.6,94.8,61.3,D07_REF01,auto
D07_P005_T01,35.3,40.8,35.7,37.6,70.5,85.5,57.0,D07_REF01,auto
D07_P006_T01,53.3,46.7,54.7,50.9,77.9,89.4,66.7,D07_REF01,auto
D07_P008_T01,53.1,36.4,43.1,44.4,76.4,92.3,63.6,D07_REF01,auto
D07_P009_T01,55.4,43.5,50.2,49.6,76.3,88.5,65.4,D07_REF01,auto
D07_P010_T01,48.4,48.5,39.2,46.6,63.0,93.2,60.8,D07_REF01,auto
D07_P011_T01,29.3,33.4,8.6,26.8,69.6,80.5,50.4,D07_REF01,auto
D07_P012_T01,42.9,39.0,38.1,40.4,77.5,71.0,57.6,D07_REF01,auto
D07_P013_T01,30.8,31.7,7.8,26.5,71.5,91.6,53.0,D07_REF01,auto
D07_P014_T01,42.6,19.4,29.1,30.6,72.0,89.8,54.9,D07_REF01,auto
D07_P015_T01,55.3,43.7,51.9,50.0,75.7,91.5,66.0,D07_REF01,auto
D07_P016_T01,44.3,19.4,24.8,30.4,66.9,93.8,54.0,D07_REF01,auto
D07_P017_T01,42.9,50.8,37.7,45.0,75.8,98.0,64.8,D07_REF01,auto
D07_P018_T01,58.7,32.8,36.7,44.0,75.0,78.9,60.3,D07_REF01,auto
D07_P019_T01,56.5,36.0,45.5,46.1,75.9,93.1,64.4,D07_REF01,auto
D07_P020_T01,61.2,44.2,48.4,51.8,76.3,82.1,65.2,D07_REF01,auto
D08_P002_T01,44.0,20.8,42.9,34.5,80.1,78.4,57.0,D08_REF01,auto
D08_P003_T01,29.0,36.7,33.7,33.0,78.4,81.8,56.4,D08_REF01,auto
D08_P004_T01,42.7,40.7,41.3,41.6,81.7,92.8,63.9,D08_REF01,auto
D08_P005_T01,36.6,40.1,47.0,40.1,82.5,78.7,60.5,D08_REF01,auto
D08_P006_T01,35.2,25.0,34.3,31.0,76.9,30.3,44.6,D08_REF01,auto
D08_P007_T01,41.0,20.8,43.1,33.3,77.8,77.7,55.5,D08_REF01,auto
D08_P008_T01,28.5,34.5,28.8,30.9,78.1,88.1,56.5,D08_REF01,auto
D08_P009_T01,34.8,37.3,36.3,36.1,78.7,92.6,60.2,D08_REF01,auto
D08_P010_T01,43.0,52.5,45.8,47.4,82.3,97.7,67.9,D08_REF01,auto
D08_P011_T01,41.0,50.5,42.4,45.1,83.8,94.0,66.5,D08_REF01,auto
D08_P012_T01,44.8,23.7,43.8,36.2,78.1,80.3,57.6,D08_REF01,auto
D08_P013_T01,34.7,49.3,43.1,42.2,82.3,91.7,64.1,D08_REF01,auto
D08_P014_T01,38.4,31.9,25.2,33.1,78.4,75.7,55.2,D08_REF01,auto
D08_P015_T01,38.9,45.9,35.2,41.0,77.9,95.8,63.0,D08_REF01,auto
D08_P016_T01,42.3,26.1,29.9,33.3,78.0,67.0,53.5,D08_REF01,auto
D08_P017_T01,38.6,40.8,38.4,39.4,80.1,92.9,62.3,D08_REF01,auto
D08_P018_T01,33.7,42.2,32.4,36.8,80.8,93.5,61.4,D08_REF01,auto
D08_P019_T01,51.5,49.8,53.9,51.3,83.7,80.1,66.8,D08_REF01,auto
D08_P020_T01,37.5,42.4,41.1,40.2,80.9,95.3,63.4,D08_REF01,auto
D09_P002_T01,23.0,0.0,0.0,9.2,65.4,65.1,37.2,D09_REF01,auto
D09_P003_T01,14.1,3.9,1.1,7.4,70.6,77.5,40.4,D09_REF01,auto
D09_P004_T01,37.7,5.4,15.4,20.3,76.7,83.2,49.8,D09_REF01,auto
D09_P005_T01,29.6,15.8,9.1,20.0,74.0,79.9,48.2,D09_REF01,auto
D09_P006_T01,32.5,0.0,11.0,15.2,71.5,85.8,46.2,D09_REF01,auto
D09_P008_T01,31.8,15.3,17.5,22.3,70.5,78.2,48.0,D09_REF01,auto
D09_P009_T01,29.4,15.9,17.4,21.6,73.2,80.3,48.8,D09_REF01,auto
D09_P010_T01,21.4,19.4,2.9,16.9,72.5,74.3,45.0,D09_REF01,auto
D09_P011_T01,22.0,4.0,22.6,14.9,72.0,72.5,43.6,D09_REF01,auto
D09_P013_T01,24.5,0.0,2.5,10.3,67.9,73.6,40.2,D09_REF01,auto
D09_P014_T01,36.3,16.0,18.2,24.6,75.8,77.3,50.5,D09_REF01,auto
D09_P015_T01,32.1,1.7,5.4,14.6,71.4,77.0,44.1,D09_REF01,auto
D09_P016_T01,33.7,12.5,17.1,21.9,74.2,85.0,50.2,D09_REF01,auto
D09_P017_T01,28.9,8.8,21.4,19.3,76.4,87.9,50.2,D09_REF01,auto
D09_P018_T01,29.0,9.6,8.3,17.1,69.6,72.6,43.9,D09_REF01,auto
D09_P019_T01,33.9,12.6,20.6,22.7,75.8,73.7,48.8,D09_REF01,auto
D09_P020_T01,32.4,8.5,8.5,18.0,74.0,76.3,46.5,D09_REF01,auto
D10_P002_T01,40.2,0.0,25.5,21.2,74.4,72.5,47.4,D10_REF01,auto
D10_P003_T01,39.8,36.8,39.1,38.4,78.3,91.6,61.0,D10_REF01,auto
D10_P004_T01,48.0,11.7,29.4,29.8,79.2,95.5,57.8,D10_REF01,auto
D10_P005_T01,39.5,13.8,25.0,26.3,78.3,92.5,55.2,D10_REF01,auto
D10_P006_T01,45.0,23.1,33.1,33.9,81.2,84.9,58.2,D10_REF01,auto
D10_P008_T01,41.7,31.6,33.2,35.9,78.2,91.4,59.7,D10_REF01,auto
D10_P009_T01,40.5,32.2,33.9,35.9,80.9,80.5,58.3,D10_REF01,auto
D10_P010_T01,47.5,57.5,39.3,49.8,78.0,85.1,65.3,D10_REF01,auto
D10_P011_T01,45.0,41.9,39.1,42.6,80.6,77.8,61.0,D10_REF01,auto
D10_P012_T01,41.2,0.0,29.4,22.4,76.5,75.4,49.2,D10_REF01,auto
D10_P013_T01,42.6,15.5,29.0,29.1,80.3,88.5,56.3,D10_REF01,auto
D10_P014_T01,36.8,21.5,18.0,26.9,74.7,95.4,54.9,D10_REF01,auto
D10_P015_T01,43.0,17.4,26.4,29.4,77.1,96.4,57.1,D10_REF01,auto
D10_P016_T01,46.8,32.8,31.8,38.2,78.9,96.3,62.0,D10_REF01,auto
D10_P017_T01,38.2,19.8,24.9,28.2,79.0,95.1,56.8,D10_REF01,auto
D10_P018_T01,50.4,52.3,41.2,49.3,81.5,85.4,66.2,D10_REF01,auto
D10_P019_T01,56.6,27.1,38.5,41.2,80.9,87.3,62.3,D10_REF01,auto
D10_P020_T01,42.1,15.0,29.2,28.7,80.2,90.0,56.4,D10_REF01,auto
D11_P003_T01,42.2,48.1,45.8,45.3,83.2,87.2,65.0,D11_REF01,auto
D11_P004_T01,47.0,33.1,38.7,39.7,78.1,94.4,62.2,D11_REF01,auto
D11_P005_T01,32.5,30.2,21.3,29.3,76.2,84.0,54.3,D11_REF01,auto
D11_P006_T01,51.0,37.9,40.0,43.6,79.5,96.7,65.0,D11_REF01,auto
D11_P007_T01,33.2,10.4,25.3,22.5,72.8,73.3,47.7,D11_REF01,auto
D11_P008_T01,17.6,42.5,19.2,27.9,72.4,93.0,54.3,D11_REF01,auto
D11_P009_T01,38.4,38.2,32.1,37.1,81.2,91.9,61.3,D11_REF01,auto
D11_P010_T01,46.8,56.9,52.7,52.0,79.3,93.3,68.5,D11_REF01,auto
D11_P011_T01,46.7,59.3,49.4,52.3,81.7,85.9,67.9,D11_REF01,auto
D11_P012_T01,31.9,6.4,30.6,21.4,70.1,73.3,46.4,D11_REF01,auto
D11_P013_T01,47.1,41.7,40.3,43.6,81.6,86.3,63.5,D11_REF01,auto
D11_P014_T01,51.5,50.1,46.5,49.9,83.4,94.4,68.9,D11_REF01,auto
D11_P015_T01,41.6,45.1,35.4,41.8,77.9,97.8,63.8,D11_REF01,auto
D11_P016_T01,32.2,32.1,22.7,30.3,75.2,82.3,54.1,D11_REF01,auto
D11_P017_T01,46.3,45.5,43.0,45.3,82.0,91.9,65.6,D11_REF01,auto
D11_P018_T01,47.2,39.8,43.2,43.4,79.5,93.6,64.3,D11_REF01,auto
D11_P019_T01,41.8,43.9,43.0,42.9,82.0,92.1,64.5,D11_REF01,auto
D11_P020_T01,41.7,41.8,33.7,40.2,81.6,95.5,63.7,D11_REF01,auto
D12_P003_T01,39.1,45.6,39.4,41.7,73.5,86.4,60.2,D12_REF01,auto
D12_P004_T01,37.9,45.7,34.3,40.3,74.2,96.2,61.6,D12_REF01,auto
D12_P005_T01,37.7,44.5,37.7,40.4,80.3,98.7,64.0,D12_REF01,auto
D12_P006_T01,32.7,47.5,37.4,39.5,75.7,98.7,62.2,D12_REF01,auto
D12_P008_T01,32.6,0.0,0.0,13.1,73.9,98.7,48.4,D12_REF01,auto
D12_P009_T01,42.3,49.6,35.9,44.0,80.1,90.1,64.0,D12_REF01,auto
D12_P010_T01,49.3,39.0,51.8,45.7,73.7,81.9,61.3,D12_REF01,auto
D12_P011_T01,38.5,55.1,44.5,46.3,76.8,77.7,61.8,D12_REF01,auto
D12_P012_T01,31.5,29.5,26.4,29.7,73.4,71.6,51.2,D12_REF01,auto
D12_P013_T01,41.2,36.6,34.9,38.1,77.7,88.1,60.0,D12_REF01,auto
D12_P014_T01,44.2,46.8,40.3,44.5,76.0,94.5,64.0,D12_REF01,auto
D12_P015_T01,42.8,50.2,39.7,45.1,80.3,88.7,64.4,D12_REF01,auto
D12_P016_T01,45.3,17.0,16.2,28.2,79.0,95.9,56.9,D12_REF01,auto
D12_P017_T01,36.5,45.2,34.7,39.6,75.1,93.9,61.1,D12_REF01,auto
D12_P018_T01,46.8,38.3,35.0,41.1,80.2,85.9,61.8,D12_REF01,auto
D12_P019_T01,40.3,47.3,34.0,41.9,78.2,96.2,63.6,D12_REF01,auto
D12_P020_T01,48.3,55.0,47.9,50.9,82.1,97.1,69.5,D12_REF01,auto
