dance_id,video_id,n_windows,mean_off_beat,mean_wrong_move,mean_low_amplitude,mean_wrong_direction,mean_missed_move,max_off_beat,max_wrong_move,max_low_amplitude,max_wrong_direction,max_missed_move
dance_001,D01_P001_T01,9,0.021811313927173615,0.13219158351421356,0.1721617430448532,0.16674427688121796,0.014982536435127258,0.09708903729915619,0.9897297620773315,0.9957893490791321,0.9890781044960022,0.05984099209308624
dance_001,D01_P002_T01,8,0.0002899616665672511,0.00044047340634278953,0.0006748628802597523,0.00015724457625765353,0.0002984062593895942,0.0002977199328597635,0.00044848700053989887,0.0006973877898417413,0.00016248165047727525,0.00030354963382706046
dance_001,D01_P003_T01,9,0.0002882308908738196,0.00044072826858609915,0.0006689948495477438,0.0001559639349579811,0.00029836592148058116,0.0002951048081740737,0.0004444612713996321,0.0006838226108811796,0.00015838726540096104,0.0003010910586453974
dance_001,D01_P004_T01,8,0.00028638404910452664,0.00043821678264066577,0.000663889804854989,0.00015578570310026407,0.0002945354499388486,0.00029068998992443085,0.00044281219015829265,0.0006747468141838908,0.00015855803212616593,0.0002979357377626002
dance_001,D01_P005_T01,7,0.0002883985871449113,0.0004403202037792653,0.0006656162440776825,0.00015502523456234485,0.0002974738890770823,0.0002924565633293241,0.00044612097553908825,0.0006792568019591272,0.00015932429232634604,0.00030019134283065796
dance_001,D01_P006_T01,9,0.00028949897387064993,0.0004468447878025472,0.0006665252149105072,0.0001576657814439386,0.00030158748268149793,0.00029705563792958856,0.00045391509775072336,0.0006850309437140822,0.0001627092424314469,0.0003079250454902649
dance_001,D01_P007_T01,9,0.18716681003570557,0.23697462677955627,0.2893955409526825,0.039976056665182114,0.03904994949698448,0.9941478967666626,0.9977095127105713,0.9951643943786621,0.10575760900974274,0.10957106202840805
dance_001,D01_P008_T01,9,0.0002878790255635977,0.00043796125100925565,0.0006706766434945166,0.00015601111226715147,0.0002947287866845727,0.0002935787779279053,0.00044624428846873343,0.00069356185849756,0.00015809184696990997,0.0002985883329529315
dance_001,D01_P009_T01,9,0.0002854934136848897,0.00044452620204538107,0.0006579107139259577,0.0001541103993076831,0.00029745043138973415,0.0002889351744670421,0.0004572095931507647,0.0006789603503420949,0.00015648320550099015,0.00030102991149760783
dance_001,D01_P010_T01,9,0.0002897876547649503,0.00044160557445138693,0.0006746021099388599,0.00015764086856506765,0.0003001901786774397,0.00029331466066651046,0.00045090343337506056,0.0006964409840293229,0.0001603582495590672,0.00030785283888690174
dance_001,D01_P011_T01,9,0.0002894244680646807,0.0004477168549783528,0.0006641524378210306,0.00015582492051180452,0.00030103023163974285,0.00029507893486879766,0.00046248474973253906,0.000673702743370086,0.00015910915681160986,0.0003092846309300512
dance_001,D01_P012_T01,9,0.19588814675807953,0.35213503241539,0.17276182770729065,0.04028530791401863,0.20850999653339386,0.9939729571342468,0.9984764456748962,0.9679527878761292,0.10721289366483688,0.9939497709274292
dance_001,D01_P013_T01,9,0.0002881389809772372,0.00043922572513110936,0.0006664569955319166,0.00015634714509360492,0.00029706634813919663,0.0002920976548921317,0.0004513063468039036,0.000680049299262464,0.00015886251640040427,0.00030486955074593425
dance_001,D01_P014_T01,9,0.0002861099492292851,0.00044465932296589017,0.0006652578595094383,0.00015634403098374605,0.0002977208059746772,0.0002924102882388979,0.0004508965357672423,0.0006880989531055093,0.00016173167387023568,0.0003025646728929132
dance_001,D01_P015_T01,9,0.00029040046501904726,0.0004470419662538916,0.0006774015491828322,0.00015956613060552627,0.00029995711520314217,0.0003002119483426213,0.00046445379848591983,0.0006946628564037383,0.00016412472177762538,0.00031003181356936693
dance_001,D01_P016_T01,9,0.008787877857685089,0.0011549746850505471,0.11630044132471085,0.00573012325912714,0.0032968504820019007,0.07452183216810226,0.005471290089190006,0.9977315068244934,0.04855867475271225,0.02439449355006218
dance_001,D01_P017_T01,8,0.1453317552804947,0.013173375278711319,0.022035988047719002,0.1382714807987213,0.015173026360571384,0.9973520040512085,0.05448618903756142,0.10123597085475922,0.9973729848861694,0.08864091336727142
dance_001,D01_P018_T01,9,0.0002890022296924144,0.0004434885340742767,0.0006631169817410409,0.00015669911226723343,0.0002979044511448592,0.0002949962217826396,0.000450809282483533,0.000691027962602675,0.00016220782708842307,0.0003047954523935914
dance_001,D01_P019_T01,9,0.00918824877589941,0.0013204457936808467,0.12382260710000992,0.006026018410921097,0.0036799064837396145,0.07530231773853302,0.0055195665918290615,0.9977689981460571,0.04905480518937111,0.02463049814105034
dance_001,D01_P020_T01,9,0.003351133782416582,0.11519613862037659,0.00303857889957726,0.0056760129518806934,0.00736275315284729,0.026379775255918503,0.9982357025146484,0.02049802616238594,0.04892007261514664,0.0616379976272583
dance_002,D02_P002_T01,10,0.002919251099228859,0.10595770180225372,0.002721919910982251,0.004807329270988703,0.006330969277769327,0.0247337743639946,0.9979979395866394,0.019393492490053177,0.045400623232126236,0.057539794594049454
dance_002,D02_P003_T01,10,0.00028460423345677555,0.00043857336277142167,0.0006624782690778375,0.0001542696263641119,0.000295765174087137,0.00029059688677079976,0.00044875132152810693,0.0006844305316917598,0.00015856832033023238,0.0003012395172845572
dance_002,D02_P004_T01,10,0.005629964638501406,0.006874164566397667,0.004552708938717842,0.0020876266062259674,0.10778355598449707,0.050697583705186844,0.05749034881591797,0.03572552651166916,0.017711302265524864,0.9985344409942627
dance_002,D02_P005_T01,8,0.00028708259924314916,0.0004388362867757678,0.0006687885615974665,0.00015443410666193813,0.00029817031463608146,0.0002954603696707636,0.0004508483980316669,0.000693804060574621,0.00015873744268901646,0.0003120613400824368
dance_002,D02_P006_T01,10,0.00029257754795253277,0.00044432238792069256,0.0006734670023433864,0.00015866424655541778,0.00029851592262275517,0.0003006911720149219,0.00045981936273165047,0.000694023328833282,0.00016637159569654614,0.00030841599800623953
dance_002,D02_P007_T01,10,0.011932489462196827,0.11644573509693146,0.011455968953669071,0.20620901882648468,0.010403918102383614,0.04394863545894623,0.9982388019561768,0.04291685298085213,0.9949819445610046,0.06160647049546242
dance_002,D02_P008_T01,10,0.14222976565361023,0.016298623755574226,0.017584552988409996,0.01222282089293003,0.13088850677013397,0.9946756362915039,0.08085169643163681,0.11658494919538498,0.09298712760210037,0.9896696209907532
dance_002,D02_P009_T01,10,0.0002880729443859309,0.0004380988539196551,0.0006707267602905631,0.00015630663256160915,0.00029785651713609695,0.0002970219065900892,0.00045408145524561405,0.0006950747920200229,0.00015960117161739618,0.00030691418214701116
dance_002,D02_P010_T01,10,0.000286771944956854,0.00044840623741038144,0.0006638282793574035,0.00015783141134306788,0.0002993758535012603,0.0002939728437922895,0.0004612179473042488,0.0006896526319906116,0.00016398362640757114,0.0003102168848272413
dance_002,D02_P011_T01,10,0.0002854718186426908,0.00043375237146392465,0.0006682989769615233,0.00015564954082947224,0.0002933827636297792,0.00028951119747944176,0.0004406182561069727,0.0006836619577370584,0.00015942033496685326,0.0002958832192234695
dance_002,D02_P012_T01,10,0.16458576917648315,0.008045585826039314,0.24153107404708862,0.021734217181801796,0.01884813979268074,0.9936230778694153,0.053116731345653534,0.9978461265563965,0.09385979175567627,0.10041006654500961
dance_002,D02_P013_T01,10,0.008101298473775387,0.0012432143557816744,0.11127670854330063,0.00532084284350276,0.0033214599825441837,0.0733567327260971,0.005421641282737255,0.9976680874824524,0.04787649214267731,0.024174850434064865
dance_002,D02_P014_T01,10,0.0056166984140872955,0.00688828295096755,0.004567010328173637,0.0020856917835772038,0.10794927924871445,0.05056815966963768,0.057531531900167465,0.03579043596982956,0.01768188551068306,0.998532772064209
dance_002,D02_P015_T01,10,0.008213343098759651,0.0011104909935966134,0.1062702015042305,0.005344090983271599,0.003091850085183978,0.0768878385424614,0.005592159926891327,0.9978481531143188,0.04998617619276047,0.0249779112637043
dance_002,D02_P016_T01,10,0.00029132046620361507,0.00044533825712278485,0.0006803586729802191,0.000159865478053689,0.000301120599033311,0.000297929480439052,0.000458342838101089,0.0007071185391396284,0.00016392265388276428,0.0003151645651087165
dance_002,D02_P017_T01,10,0.10572344064712524,0.006278507877141237,0.011289509944617748,0.009013314731419086,0.009602847509086132,0.9973958730697632,0.05476175621151924,0.10241840034723282,0.0862724706530571,0.0891852080821991
dance_002,D02_P018_T01,10,0.011767609976232052,0.008650598116219044,0.013133849017322063,0.20499438047409058,0.004981581121683121,0.05447487533092499,0.038306355476379395,0.060462310910224915,0.9973637461662292,0.02129213511943817
dance_002,D02_P019_T01,10,0.0033277692273259163,0.10884296149015427,0.0030771365854889154,0.005531515460461378,0.007236364297568798,0.027446918189525604,0.9983939528465271,0.02141781896352768,0.05180645361542702,0.06451103836297989
dance_002,D02_P020_T01,10,0.11324628442525864,0.010078067891299725,0.016883285716176033,0.11012309789657593,0.011428945697844028,0.9970376491546631,0.0520169660449028,0.09603652358055115,0.9973560571670532,0.08407877385616302
dance_003,D03_P002_T01,13,0.19082583487033844,0.026769597083330154,0.28201210498809814,0.14251679182052612,0.3471115529537201,0.9949589371681213,0.10442928224802017,0.9949231743812561,0.9461352229118347,0.9977383613586426
dance_003,D03_P003_T01,13,0.0002948270121123642,0.0004532467864919454,0.0006858567357994616,0.00016084131493698806,0.0003068824880756438,0.0003037496644537896,0.00047772974357940257,0.0007119000074453652,0.00016692138160578907,0.00032166184973903
dance_003,D03_P004_T01,11,0.002817600267007947,0.09798473864793777,0.0026622589211910963,0.004504840355366468,0.006014700047671795,0.02509245276451111,0.9980617165565491,0.019561124965548515,0.04607691243290901,0.0584232397377491
dance_003,D03_P005_T01,8,0.00028963256045244634,0.00044648777111433446,0.0006667790003120899,0.00015649442502763122,0.00030149694066494703,0.0002943803556263447,0.0004608351446222514,0.0006753966445103288,0.0001611184561625123,0.0003126301453448832
dance_003,D03_P006_T01,13,0.0002909211325459182,0.0004451751010492444,0.000675845134537667,0.00015702834934927523,0.0003020107396878302,0.00029722985345870256,0.00046322972048074007,0.0006903167814016342,0.00016154425975400954,0.00031296859378926456
dance_003,D03_P007_T01,13,0.20891082286834717,0.11135781556367874,0.37377604842185974,0.15259498357772827,0.2438330501317978,0.9887813329696655,0.9901660084724426,0.9975433945655823,0.9359750151634216,0.9981739521026611
dance_003,D03_P008_T01,13,0.3292405605316162,0.018587106838822365,0.03369763866066933,0.027616331353783607,0.02915433794260025,0.9974330067634583,0.05516532436013222,0.10390333831310272,0.0870329961180687,0.08988383412361145
dance_003,D03_P009_T01,13,0.008748888038098812,0.08590610325336456,0.08364267647266388,0.008356546051800251,0.007877025753259659,0.07653388381004333,0.998427152633667,0.9978325963020325,0.0526944175362587,0.06511731445789337
dance_003,D03_P010_T01,11,0.0029635040555149317,0.09985863417387009,0.0027904442977160215,0.004808651749044657,0.006362966261804104,0.02630484104156494,0.9982525706291199,0.020529188215732574,0.049121174961328506,0.06163959950208664
dance_003,D03_P011_T01,11,0.00028951780404895544,0.0004412256821524352,0.0006716162315569818,0.00015707897546235472,0.00029824761440977454,0.00029533079941757023,0.0004551373713184148,0.0006943159969523549,0.00016190650057978928,0.00030743927345611155
dance_003,D03_P012_T01,13,0.0002924403524957597,0.0004508844867814332,0.0006780705880373716,0.00015868476475588977,0.0003032320528291166,0.00030608486849814653,0.0004673095536418259,0.0007064930978231132,0.00016527397383470088,0.0003164634690620005
dance_003,D03_P013_T01,13,0.0002893409109674394,0.00044580537360161543,0.0006725792773067951,0.0001565244165249169,0.0003014315152540803,0.0002967354957945645,0.00046928884694352746,0.0006836681277491152,0.0001603710843482986,0.0003137073654215783
dance_003,D03_P014_T01,13,0.0002914742799475789,0.00044409316615201533,0.0006795685621909797,0.00015735421038698405,0.0003018616698682308,0.00030222994973883033,0.0004599635722115636,0.0006988158565945923,0.00016324804164469242,0.00031314679654315114
dance_003,D03_P015_T01,13,0.00028901087353006005,0.00044116252684034407,0.0006772800697945058,0.00015859022096265107,0.00029867616831324995,0.0003059180162381381,0.00047251422074623406,0.0006928176153451204,0.0001673320512054488,0.0003156893071718514
dance_003,D03_P016_T01,13,0.0039770277217030525,0.0050560953095555305,0.003484315937384963,0.0015101742465049028,0.08308678865432739,0.04533139243721962,0.05334527790546417,0.033582113683223724,0.016056787222623825,0.9982682466506958
dance_003,D03_P017_T01,13,0.00028950610430911183,0.0004397688608150929,0.0006864775787107646,0.00015881330182310194,0.0003004112222697586,0.0002949219779111445,0.0004616813384927809,0.0007130273734219372,0.00016509377746842802,0.00031784013845026493
dance_003,D03_P018_T01,13,0.0002896321821026504,0.0004436116141732782,0.000667175161652267,0.00015696247282903641,0.00029794880538247526,0.0002974013623315841,0.0004554741317406297,0.0006822808063589036,0.0001621728588361293,0.000306283647660166
dance_003,D03_P019_T01,13,0.00028832623502239585,0.0004459737683646381,0.0006702871760353446,0.00015854925732128322,0.0002983519225381315,0.0002967224863823503,0.00046178101911209524,0.0006931606912985444,0.00016456254525110126,0.0003072707913815975
dance_003,D03_P020_T01,13,0.004788265097886324,0.0036764065735042095,0.0055070240050554276,0.07963836938142776,0.0021574629936367273,0.05420127511024475,0.03799188509583473,0.05981697514653206,0.9973105192184448,0.021128980442881584
dance_004,D04_P002_T01,11,0.007670434191823006,0.0011889913585036993,0.10185808688402176,0.005022523459047079,0.003122268244624138,0.076229028403759,0.005556115414947271,0.9978147745132446,0.049601439386606216,0.02477920800447464
dance_004,D04_P003_T01,12,0.11646999418735504,0.015149950981140137,0.015423404984176159,0.01103355921804905,0.11574673652648926,0.9949910044670105,0.08501143753528595,0.12165428698062897,0.09906543046236038,0.9936561584472656
dance_004,D04_P004_T01,8,0.0002860363747458905,0.0004347751091700047,0.0006676047923974693,0.00015381384582724422,0.00029635929968208075,0.00029269506921991706,0.00044407419045455754,0.0006846255855634809,0.0001587571168784052,0.0003014805552083999
dance_004,D04_P005_T01,8,0.0002882918925024569,0.00044289417564868927,0.0006646254914812744,0.0001552301982883364,0.0002978515694849193,0.00029379772604443133,0.0004525360418483615,0.0006756577058695257,0.00016041238268371671,0.0003017793351318687
dance_004,D04_P006_T01,11,0.0002920346742030233,0.0004454686713870615,0.0006724202539771795,0.00015779744717292488,0.00029989174799993634,0.00030107671045698225,0.000458079477539286,0.0006912644603289664,0.00016294431407004595,0.0003065085911657661
dance_004,D04_P007_T01,11,0.1377200484275818,0.1157081127166748,0.11587660759687424,0.021465163677930832,0.13254539668560028,0.9954420328140259,0.9983245730400085,0.99770587682724,0.10183199495077133,0.9917889833450317
dance_004,D04_P008_T01,11,0.10339426249265671,0.006177512463182211,0.1109241396188736,0.01244349218904972,0.010980967432260513,0.9969469904899597,0.051288995891809464,0.997804582118988,0.07949906587600708,0.08264189213514328
dance_004,D04_P009_T01,11,0.10155531018972397,0.0061197406612336636,0.010741429403424263,0.008435525931417942,0.009133615531027317,0.997395396232605,0.05469556897878647,0.10239226371049881,0.08626679331064224,0.0891088917851448
dance_004,D04_P010_T01,11,0.00028953427681699395,0.0004489924758672714,0.0006742560653947294,0.0001574352936586365,0.0003020153089892119,0.000299149367492646,0.0004666681052185595,0.000691790715791285,0.00016047847748268396,0.0003132423444185406
dance_004,D04_P011_T01,8,0.00028694383217953146,0.0004356855934020132,0.0006592288264073431,0.00015399724361486733,0.0002934110816568136,0.0002900560211855918,0.00044150385656394064,0.0006776567897759378,0.00015721948875579983,0.0002970287168864161
dance_004,D04_P012_T01,11,0.005588683299720287,0.00424753874540329,0.006356137804687023,0.09440834075212479,0.002489062026143074,0.05380333587527275,0.03775467351078987,0.05925219506025314,0.9972633123397827,0.02100193127989769
dance_004,D04_P013_T01,11,0.09480112046003342,0.005566317122429609,0.009905269369482994,0.007916126400232315,0.008466925472021103,0.9972053170204163,0.05330539122223854,0.09854863584041595,0.08344724774360657,0.08661957830190659
dance_004,D04_P014_T01,11,0.00029171377536840737,0.0004443348152562976,0.0006698849028907716,0.0001564125850563869,0.0003015928086824715,0.00030342722311615944,0.00046091468539088964,0.00069677724968642,0.00016316758410539478,0.00031449610833078623
dance_004,D04_P015_T01,11,0.013538060709834099,0.004770088940858841,0.11024144291877747,0.007377265952527523,0.10941232740879059,0.08922981470823288,0.0373319573700428,0.992071807384491,0.051090095192193985,0.9917863011360168
dance_004,D04_P016_T01,11,0.0002883463748730719,0.0004409739631228149,0.0006661043153144419,0.00015624456864316016,0.0002971565118059516,0.0002939086698461324,0.0004531453305389732,0.0006871343357488513,0.00016006249643396586,0.00030920206336304545
dance_004,D04_P017_T01,9,0.23036237061023712,0.1748364120721817,0.044162504374980927,0.21699021756649017,0.1803620159626007,0.9949824213981628,0.9937605261802673,0.19277413189411163,0.9845069050788879,0.9885313510894775
dance_004,D04_P018_T01,11,0.00029004094540141523,0.00043841262231580913,0.0006679501384496689,0.00015600772167090327,0.0002964330487884581,0.000297862192383036,0.0004463812801986933,0.0006887209019623697,0.00015966554929036647,0.00030306930420920253
dance_004,D04_P019_T01,11,0.0026347367092967033,0.09510242193937302,0.0025003869086503983,0.004299997817724943,0.0056890081614255905,0.0244645606726408,0.9979411959648132,0.019151698797941208,0.04466542229056358,0.05695365369319916
dance_004,D04_P020_T01,11,0.007678227033466101,0.0011894191848114133,0.10200401395559311,0.0050340923480689526,0.0031263295095413923,0.07625221461057663,0.005566766951233149,0.9978219270706177,0.04970034956932068,0.024868713691830635
dance_005,D05_P002_T01,9,0.015624074265360832,0.15843696892261505,0.18205896019935608,0.014805852435529232,0.014235112816095352,0.08043455332517624,0.9984252452850342,0.9978675842285156,0.054213229566812515,0.06799706071615219
dance_005,D05_P003_T01,8,0.0002858368097804487,0.0004386401560623199,0.0006629463168792427,0.00015496880223508924,0.0002953920920845121,0.00028812780510634184,0.0004454873560462147,0.0006798027316108346,0.00015849711780901998,0.0003004667814821005
dance_005,D05_P004_T01,9,0.0002863139961846173,0.00043828124762512743,0.0006677203346043825,0.0001551302120788023,0.00029581686249002814,0.00028956224559806287,0.00044647022150456905,0.0006774466019123793,0.00015742516552563757,0.0002994367096107453
dance_005,D05_P005_T01,6,0.0002862662076950073,0.0004361432511359453,0.0006668366258963943,0.00015483151946682483,0.00029378238832578063,0.0002898553211707622,0.00044453670852817595,0.0006739692180417478,0.00015577871818095446,0.0002970120112877339
dance_005,D05_P006_T01,9,0.0002884358982555568,0.0004423497593961656,0.0006617778562940657,0.0001562812103657052,0.0002955293166451156,0.00029988441383466125,0.00045788518036715686,0.000688756990712136,0.00016365543706342578,0.00030889769550412893
dance_005,D05_P007_T01,9,0.016490967944264412,0.014369103126227856,0.014998840168118477,0.2274874895811081,0.11928752809762955,0.04865248501300812,0.05613691732287407,0.047113772481679916,0.9959075450897217,0.9984455704689026
dance_005,D05_P008_T01,9,0.03491348400712013,0.44387227296829224,0.16953468322753906,0.21460673213005066,0.03639345243573189,0.11474911123514175,0.9937273263931274,0.9969069361686707,0.9960668683052063,0.07886090129613876
dance_005,D05_P009_T01,9,0.0002867520088329911,0.00043867260683327913,0.0006581967463716865,0.0001543046673759818,0.00029551482293754816,0.00028984289383515716,0.00044308346696197987,0.0006698210490867496,0.00015790593170095235,0.00029887972050346434
dance_005,D05_P010_T01,9,0.01713900826871395,0.012185288593173027,0.010453244671225548,0.12613621354103088,0.12751200795173645,0.08734273910522461,0.05788407847285271,0.04843290150165558,0.9871155023574829,0.9933851361274719
dance_005,D05_P011_T01,8,0.00028687159647233784,0.00043649121653288603,0.0006635522004216909,0.0001556726492708549,0.0002935936499852687,0.00029408946284092963,0.0004437620809767395,0.0006709315348416567,0.00015998727758415043,0.0002976356481667608
dance_005,D05_P012_T01,9,0.00028811473748646677,0.0004396049480419606,0.0006599621847271919,0.00015429213817697018,0.00029635801911354065,0.0002936369855888188,0.0004477040492929518,0.000677329080644995,0.00015887523477431387,0.00030011121998541057
dance_005,D05_P013_T01,9,0.0002875671780202538,0.00043835322139784694,0.0006695895572192967,0.0001555637427372858,0.00029667350463569164,0.00029197600088082254,0.00044717430137097836,0.0006881605950184166,0.00016031635459512472,0.00030355717171914876
dance_005,D05_P014_T01,9,0.00029010517755523324,0.0004443918005563319,0.0006701091188006103,0.0001565433049108833,0.00029940559761598706,0.00029621936846524477,0.00045742272050119936,0.0006874605314806104,0.00016190879978239536,0.00031257528462447226
dance_005,D05_P015_T01,9,0.00028786639450117946,0.00044103263644501567,0.0006693016039207578,0.00015664072998333722,0.00029744021594524384,0.00029473757604137063,0.00045363674871623516,0.0006913286633789539,0.00016298161062877625,0.0003040109877474606
dance_005,D05_P016_T01,9,0.013100470416247845,0.2154214084148407,0.009656724520027637,0.01157523412257433,0.21637816727161407,0.050530023872852325,0.9984570741653442,0.03490768000483513,0.05557815358042717,0.9984227418899536
dance_005,D05_P017_T01,9,0.01616552285850048,0.0067957076244056225,0.13184987008571625,0.008569481782615185,0.141209676861763,0.08045350760221481,0.042999520897865295,0.9894362688064575,0.04671217501163483,0.9938356280326843
dance_005,D05_P018_T01,9,0.00028935098089277744,0.0004411903501022607,0.0006739667733199894,0.00015811868070159107,0.0002974060189444572,0.00029621314024552703,0.0004515468899626285,0.0007051131688058376,0.00016213064373005182,0.00030258571496233344
dance_005,D05_P019_T01,9,0.11584340780973434,0.006750971078872681,0.012058669701218605,0.009707648307085037,0.010357375256717205,0.997248113155365,0.05369706079363823,0.09928053617477417,0.08401473611593246,0.08723817765712738
dance_005,D05_P020_T01,9,0.00028702590498141944,0.0004370906390249729,0.0006687997374683619,0.0001566173741593957,0.0002953457005787641,0.0002991351066157222,0.00046107417438179255,0.0006797820096835494,0.00016065883392002434,0.000310473726131022
dance_006,D06_P002_T01,13,0.02377261221408844,0.09277037531137466,0.11000744998455048,0.12747085094451904,0.0952310711145401,0.14205501973628998,0.9886611700057983,0.9941695928573608,0.9893674254417419,0.9985222220420837
dance_006,D06_P003_T01,11,0.01879075914621353,0.008188348263502121,0.11696530878543854,0.2039813995361328,0.007319953758269548,0.09358962625265121,0.034983035176992416,0.9951617121696472,0.996795117855072,0.028786519542336464
dance_006,D06_P004_T01,13,0.0002878617378883064,0.00044282383169047534,0.000667787273414433,0.00015670229913666844,0.00029814522713422775,0.00029999305843375623,0.0004567909345496446,0.000694948248565197,0.00016313925152644515,0.0003153545258101076
dance_006,D06_P005_T01,8,0.0002874968049582094,0.0004405646468512714,0.0006665675318799913,0.00015515917039010674,0.00029795512091368437,0.0002908113820012659,0.00045587029308080673,0.0006772225606255233,0.00015827133029233664,0.00030753365717828274
dance_006,D06_P006_T01,13,0.0002892941702157259,0.00043973844731226563,0.0006724930717609823,0.0001569045998621732,0.00029714088304899633,0.00029666590853594244,0.0004600346146617085,0.0006920329760760069,0.00016334318206645548,0.00030915107345208526
dance_006,D06_P007_T01,13,0.10626402497291565,0.013203412294387817,0.09850157797336578,0.013803141191601753,0.1073327586054802,0.9953332543373108,0.08657032251358032,0.9977226853370667,0.10176786780357361,0.9884424805641174
dance_006,D06_P008_T01,13,0.09130676835775375,0.008650028146803379,0.09576459228992462,0.09010187536478043,0.011325179599225521,0.9973784685134888,0.05466337874531746,0.9974023103713989,0.9973095655441284,0.08902273327112198
dance_006,D06_P009_T01,13,0.009500710293650627,0.00554536422714591,0.08562625199556351,0.005156709346920252,0.08520994335412979,0.06923101097345352,0.05324414744973183,0.9974024891853333,0.04530950263142586,0.9982593655586243
dance_006,D06_P010_T01,9,0.0002876017242670059,0.00043680251110345125,0.0006723759579472244,0.0001562085235491395,0.0002959330740850419,0.00029551133047789335,0.00044176762457937,0.0006965203210711479,0.00016185417189262807,0.0003016579430550337
dance_006,D06_P011_T01,11,0.00028890950488857925,0.00044352447730489075,0.0006650072755292058,0.0001560224045533687,0.0002995795803144574,0.00029432534938678145,0.0004550316953100264,0.0006917000282555819,0.00016132167365867645,0.0003089845704380423
dance_006,D06_P012_T01,13,0.022560352459549904,0.09729234129190445,0.2419930398464203,0.018806353211402893,0.014245775528252125,0.11425613611936569,0.9879232048988342,0.9978545308113098,0.08418264240026474,0.08598072081804276
dance_006,D06_P013_T01,13,0.013007262721657753,0.09520529210567474,0.009593424387276173,0.08448672294616699,0.11437565088272095,0.0590849369764328,0.9908236265182495,0.054935235530138016,0.9967845678329468,0.9911934733390808
dance_006,D06_P014_T01,13,0.0002917701785918325,0.00044688337948173285,0.0006722125690430403,0.00015759184316266328,0.000302410451695323,0.0002981892030220479,0.00046526320511475205,0.0006953752017579973,0.0001616148219909519,0.0003112478298135102
dance_006,D06_P015_T01,13,0.00028745384770445526,0.00044083173270337284,0.0006632638978771865,0.0001546756102470681,0.0002972236543428153,0.00029209625790826976,0.00045221607433632016,0.0006846556207165122,0.00015718127542641014,0.00030301674269139767
dance_006,D06_P016_T01,13,0.0002893794735427946,0.0004398701712489128,0.0006742844707332551,0.000156548892846331,0.0002978235424961895,0.00030275859171524644,0.0004589787859003991,0.000688595580868423,0.00016352362581528723,0.0003069589438382536
dance_006,D06_P017_T01,13,0.006105437409132719,0.0010308407945558429,0.08585120737552643,0.004007177893072367,0.0025451253168284893,0.07094166427850723,0.005290457513183355,0.9975207448005676,0.046351682394742966,0.023432079702615738
dance_006,D06_P018_T01,13,0.00028936637681908906,0.0004424853250384331,0.0006705675041303039,0.0001572530745761469,0.00029962140251882374,0.00029481627279892564,0.00044978209189139307,0.0006968798697926104,0.00016091408906504512,0.0003073733241762966
dance_006,D06_P019_T01,13,0.012818285264074802,0.0016080422792583704,0.18323887884616852,0.0084219416603446,0.004973624367266893,0.07648907601833344,0.005588809493929148,0.9978341460227966,0.049853209406137466,0.024974403902888298
dance_006,D06_P020_T01,13,0.0002886253350879997,0.0004398836463224143,0.0006715701892971992,0.00015606518718414009,0.00029741981416009367,0.00029889537836425006,0.00046526806545443833,0.0007001897320151329,0.00016261960263364017,0.00030995969427749515
dance_007,D07_P002_T01,11,0.01661011390388012,0.012512951157987118,0.1021265983581543,0.008125314489006996,0.20067399740219116,0.07424286007881165,0.05744523927569389,0.9977148771286011,0.0484376922249794,0.9985383749008179
dance_007,D07_P003_T01,10,0.00028644080157391727,0.000441024691099301,0.0006715373019687831,0.00015659997006878257,0.0002981229336000979,0.00029747479129582644,0.00044853962026536465,0.0006933483527973294,0.00016212384798564017,0.00030489396885968745
dance_007,D07_P004_T01,11,0.0002909435424953699,0.0004488704726099968,0.000666311476379633,0.000158179274876602,0.0003013622190337628,0.0002973449300043285,0.0004635621444322169,0.0006776610389351845,0.00016209541354328394,0.0003069326048716903
dance_007,D07_P005_T01,8,0.00028771167853847146,0.00043820159044116735,0.0006646325928159058,0.00015460382564924657,0.00029657373670488596,0.00029202221776358783,0.00044506564154289663,0.0006870394572615623,0.00015750383317936212,0.0003020536678377539
dance_007,D07_P006_T01,11,0.00028710043989121914,0.00043896143324673176,0.0006673489115200937,0.00015558690938632935,0.00029735383577644825,0.0002917800738941878,0.0004518319037742913,0.0006851246580481529,0.00016002601478248835,0.00030621388577856123
dance_007,D07_P007_T01,11,0.018042663112282753,0.008918531239032745,0.11300893127918243,0.09883023053407669,0.11851140111684799,0.08112788945436478,0.04075096175074577,0.9891630411148071,0.9971181154251099,0.9929574728012085
dance_007,D07_P008_T01,11,0.15891626477241516,0.132322758436203,0.025330763310194016,0.15720058977603912,0.022549064829945564,0.9948941469192505,0.9926935434341431,0.11547011137008667,0.9854737520217896,0.10678950697183609
dance_007,D07_P009_T01,11,0.00028914911672472954,0.00043890386587008834,0.0006758699892088771,0.0001567057624924928,0.0002976508694700897,0.00029854621971026063,0.0004577950749080628,0.0007039959309622645,0.0001642339921090752,0.00031120123458094895
dance_007,D07_P010_T01,11,0.0002901003754232079,0.0004449186671990901,0.0006678301142528653,0.00015683620586059988,0.0002991500950884074,0.0002961995778605342,0.000463727890746668,0.0006935191922821105,0.00016145863628480583,0.00030889533809386194
dance_007,D07_P011_T01,10,0.11157593876123428,0.006549975369125605,0.011365259066224098,0.0090028690174222,0.009783059358596802,0.9972320199012756,0.053522903472185135,0.0987929180264473,0.0837937444448471,0.08694504201412201
dance_007,D07_P012_T01,11,0.010318760760128498,0.007594781927764416,0.011471682228147984,0.1866963803768158,0.004387558437883854,0.05347459018230438,0.03762136399745941,0.05895308405160904,0.9972381591796875,0.02087775431573391
dance_007,D07_P013_T01,11,0.030241673812270164,0.005577195901423693,0.39806732535362244,0.11785463988780975,0.011861687526106834,0.0753602385520935,0.028234368190169334,0.9973005652427673,0.9816772937774658,0.026818091049790382
dance_007,D07_P014_T01,11,0.0002886652073357254,0.00044154186616651714,0.0006772771012037992,0.00015772832557559013,0.00029798634932376444,0.0002964058076031506,0.0004735562833957374,0.0006982004269957542,0.0001645358861424029,0.00031753149232827127
dance_007,D07_P015_T01,11,0.007589901797473431,0.0011825381079688668,0.10173103213310242,0.004971435759216547,0.0031076062005013227,0.07538740336894989,0.005521867889910936,0.9977732300758362,0.049077898263931274,0.024693060666322708
dance_007,D07_P016_T01,11,0.007607690524309874,0.001179847284220159,0.10185698419809341,0.004993344657123089,0.0031064669601619244,0.07562311738729477,0.005530935246497393,0.9977937936782837,0.04932330921292305,0.02471930906176567
dance_007,D07_P017_T01,11,0.09997253865003586,0.005850343964993954,0.010157153941690922,0.00797553826123476,0.008681653067469597,0.9970993995666504,0.05242682993412018,0.09687889367341995,0.08171769976615906,0.08488911390304565
dance_007,D07_P018_T01,11,0.0002915380464401096,0.00044621125562116504,0.0006746405269950628,0.00015792372869327664,0.00030157604487612844,0.00029626625473611057,0.000457376561826095,0.0006988827954046428,0.0001650073827477172,0.0003103429335169494
dance_007,D07_P019_T01,11,0.005052151158452034,0.006264868192374706,0.004198916256427765,0.0018954980187118053,0.09861274808645248,0.04956477880477905,0.056861113756895065,0.035538047552108765,0.017455531284213066,0.9984984397888184
dance_007,D07_P020_T01,11,0.0002894449862651527,0.000436622416600585,0.0006725448183715343,0.0001563705300213769,0.0002962011785712093,0.00029495067428797483,0.000445890094852075,0.0006900026346556842,0.00015987000369932503,0.0003007505147252232
dance_008,D08_P002_T01,19,0.2589436173439026,0.023907814174890518,0.030604911968111992,0.14457200467586517,0.17946943640708923,0.9973600506782532,0.06755789369344711,0.1240888386964798,0.9926268458366394,0.9984660148620605
dance_008,D08_P003_T01,15,0.00029396419995464385,0.00044616349623538554,0.000677925068885088,0.00015910434012766927,0.00030154254636727273,0.00030368685838766396,0.00045667513040825725,0.0007088913698680699,0.00016582391981501132,0.0003107378724962473
dance_008,D08_P004_T01,19,0.0002935822994913906,0.0004485554527491331,0.0006742902914993465,0.00015952935791574419,0.0003016964765265584,0.00030137767316773534,0.0004656283126678318,0.0006960780592635274,0.00016500343917869031,0.00031057969317771494
dance_008,D08_P005_T01,8,0.0002885438734665513,0.00044713125680573285,0.0006642294465564191,0.00015590823022648692,0.00029957678634673357,0.0003000708529725671,0.0004666273598559201,0.0006800541304983199,0.00016167615831363946,0.00031283049611374736
dance_008,D08_P006_T01,19,0.1124747097492218,0.06386952102184296,0.0761682316660881,0.09395021945238113,0.014850808307528496,0.9971950054168701,0.9929521679878235,0.9958264231681824,0.9964722394943237,0.08656042069196701
dance_008,D08_P007_T01,14,0.019360456615686417,0.0074942102655768394,0.11376874893903732,0.09115412086248398,0.09280726313591003,0.09973746538162231,0.05462895333766937,0.9959718585014343,0.9629055857658386,0.9920247793197632
dance_008,D08_P008_T01,19,0.07055024802684784,0.07396886497735977,0.018446432426571846,0.17993487417697906,0.013146944344043732,0.9973602890968323,0.9947304725646973,0.10140205174684525,0.997312068939209,0.08853869885206223
dance_008,D08_P009_T01,19,0.07353518158197403,0.07021354883909225,0.09713014960289001,0.1469886600971222,0.014247060753405094,0.9973927736282349,0.9911794066429138,0.9945880174636841,0.9973222613334656,0.08911679685115814
dance_008,D08_P010_T01,11,0.005648559425026178,0.004282258450984955,0.00643491605296731,0.09438788890838623,0.002507132710888982,0.05459078773856163,0.03824533149600029,0.06029050052165985,0.9973467588424683,0.021273432299494743
dance_008,D08_P011_T01,15,0.0002913452626671642,0.0004431836132425815,0.0006758747040294111,0.00015883649757597595,0.00029886909760534763,0.0003038774011656642,0.00046007800847291946,0.0007008336833678186,0.00016736396355554461,0.00031249067978933454
dance_008,D08_P012_T01,19,0.0026498795486986637,0.003327519167214632,0.002446744590997696,0.001009340863674879,0.054337278008461,0.04389561340212822,0.05201040208339691,0.03282460942864418,0.015593020245432854,0.9981643557548523
dance_008,D08_P013_T01,19,0.0019137617200613022,0.058755822479724884,0.001971908612176776,0.0030263783410191536,0.003987716976553202,0.027440335601568222,0.9984128475189209,0.021572623401880264,0.05221555009484291,0.06446506083011627
dance_008,D08_P014_T01,19,0.008400083519518375,0.0061081028543412685,0.005485309287905693,0.061430346220731735,0.06150005757808685,0.08765432238578796,0.05642283707857132,0.05119531601667404,0.9890772104263306,0.9920761585235596
dance_008,D08_P015_T01,19,0.00029167687171138823,0.0004527724231593311,0.0006632782169617712,0.0001576513604959473,0.00030378607334569097,0.00030031814821995795,0.00047542271204292774,0.0006871785735711455,0.00016430355026386678,0.0003118549648206681
dance_008,D08_P016_T01,19,0.00029542719130404294,0.0004512655723374337,0.000687880499754101,0.0001610699837328866,0.0003058803267776966,0.00030818788218311965,0.00047580033424310386,0.0007235455559566617,0.00017074932111427188,0.0003234750183764845
dance_008,D08_P017_T01,19,0.0002930637856479734,0.0004489491693675518,0.0006843455485068262,0.0001602595002623275,0.000304711633361876,0.00032153521897271276,0.0004838514141738415,0.000733792781829834,0.00016990804579108953,0.00033674630685709417
dance_008,D08_P018_T01,14,0.08138210326433182,0.004837307147681713,0.008360208943486214,0.006507288198918104,0.0071154749020934105,0.9972260594367981,0.053441379219293594,0.09869246184825897,0.08376472443342209,0.08683279901742935
dance_008,D08_P019_T01,9,0.00028752032085321844,0.00044127137516625226,0.0006564480718225241,0.00015368238382507116,0.00029841711511835456,0.00029391146381385624,0.0004475188616197556,0.0006777181988582015,0.0001583868288435042,0.0003022181335836649
dance_008,D08_P020_T01,19,0.06642400473356247,0.009172209538519382,0.010521095246076584,0.06378912925720215,0.067349374294281,0.996697187423706,0.06372170895338058,0.0914527028799057,0.9787227511405945,0.995094895362854
dance_009,D09_P002_T01,10,0.009120436385273933,0.011040895245969296,0.00720359617844224,0.00342032453045249,0.20675131678581238,0.043627042323350906,0.05002843588590622,0.03245587274432182,0.015909764915704727,0.99781334400177
dance_009,D09_P003_T01,9,0.15818879008293152,0.01870053820312023,0.020472388714551926,0.014574101194739342,0.14780931174755096,0.9956270456314087,0.08551933616399765,0.12542001903057098,0.10174908488988876,0.9899386167526245
dance_009,D09_P004_T01,10,0.00028673166525550187,0.00044122515828348696,0.0006685837870463729,0.00015603922656737268,0.00029740174068138003,0.000300064857583493,0.0004773062246385962,0.0006904026377014816,0.00016390593373216689,0.0003193810407537967
dance_009,D09_P005_T01,7,0.0002867010189220309,0.0004409161629155278,0.0006552712875418365,0.00015559069288428873,0.00029428378911688924,0.0002897619269788265,0.00044492585584521294,0.0006700152298435569,0.0001577289804117754,0.00029774036374874413
dance_009,D09_P006_T01,12,0.011382011696696281,0.004433413501828909,0.09785402566194534,0.0060950228944420815,0.10126738250255585,0.0813126489520073,0.03745665401220322,0.9901068210601807,0.04719329997897148,0.9911676645278931
dance_009,D09_P007_T01,8,0.007364134769886732,0.0054528857581317425,0.008369001559913158,0.1270626038312912,0.0031330338679254055,0.054581765085458755,0.03832796588540077,0.06042200326919556,0.9973610043525696,0.021307434886693954
dance_009,D09_P008_T01,12,0.00029042246751487255,0.0004511040751822293,0.0006673941970802844,0.00015722315583843738,0.0003044990007765591,0.0002996129042003304,0.00047546575660817325,0.0006859419518150389,0.0001622614945517853,0.0003196073812432587
dance_009,D09_P009_T01,12,0.000290555675746873,0.0004429931868799031,0.0006760300020687282,0.00015750214515719563,0.00029894575709477067,0.00029979064129292965,0.00046666921116411686,0.0006960521568544209,0.00016293265798594803,0.00031248442246578634
dance_009,D09_P010_T01,9,0.000290899071842432,0.000445088924607262,0.0006736782961525023,0.0001571809989400208,0.00029928662115707994,0.0003002523153554648,0.0004574312479235232,0.0007056405302137136,0.00016221648547798395,0.0003018052375409752
dance_009,D09_P011_T01,9,0.00029166010790504515,0.00043792754877358675,0.000675214221701026,0.00015801061817910522,0.00029748023371212184,0.00029539247043430805,0.000446187739726156,0.0006938084261491895,0.00016098884225357324,0.00030684101511724293
dance_009,D09_P012_T01,12,0.2307308316230774,0.28450796008110046,0.12792116403579712,0.03932097554206848,0.24964939057826996,0.99616938829422,0.9983649849891663,0.9952013492584229,0.10448227822780609,0.9934402108192444
dance_009,D09_P013_T01,12,0.10087741911411285,0.1018415167927742,0.01874210685491562,0.13258780539035797,0.016394326463341713,0.9973873496055603,0.9926700592041016,0.10216483473777771,0.9930985569953918,0.08908849954605103
dance_009,D09_P014_T01,12,0.00029325703508220613,0.00045071315253153443,0.0006700364174321294,0.00015780200192239136,0.0003040471056010574,0.00030427283491007984,0.0004706282925326377,0.0006943921907804906,0.00016426907677669078,0.00031967044924385846
dance_009,D09_P015_T01,11,0.000291576812742278,0.00044777424773201346,0.0006705361884087324,0.00015798852837178856,0.0003025001205969602,0.00030576318386010826,0.0004805832577403635,0.0006973056588321924,0.000167356469319202,0.0003287077124696225
dance_009,D09_P016_T01,12,0.00029064484988339245,0.00044296993291936815,0.0006751115433871746,0.00015755501226522028,0.000298167928121984,0.0003035588888451457,0.0004767689679283649,0.0006956374272704124,0.00016607521683909,0.00031809869688004255
dance_009,D09_P017_T01,9,0.00028870973619632423,0.0004460774944163859,0.000668917375151068,0.00015811817138455808,0.0002984460152219981,0.00029621314024552703,0.000457008252851665,0.0006883915630169213,0.00016232370398938656,0.0003043955657631159
dance_009,D09_P018_T01,12,0.00028842833125963807,0.00044292386155575514,0.0006774742505513132,0.00015753638581372797,0.00029883894603699446,0.0003011524968314916,0.0004611403273884207,0.0007143744151107967,0.00016756948025431484,0.0003097121661994606
dance_009,D09_P019_T01,12,0.12393327802419662,0.01778375171124935,0.021007541567087173,0.09775234013795853,0.11331846565008163,0.9959281086921692,0.0861489474773407,0.12734714150428772,0.9973459243774414,0.9902170896530151
dance_009,D09_P020_T01,10,0.00028697733068838716,0.0004467039543669671,0.0006599010084755719,0.00015438107948284596,0.0002994566166307777,0.00029688660288229585,0.00045878233504481614,0.0006918812869116664,0.00016333429084625095,0.0003085483331233263
dance_010,D10_P002_T01,13,0.012196631170809269,0.008544272743165493,0.007568588014692068,0.08946394920349121,0.08810719847679138,0.0891675278544426,0.05654917657375336,0.04974780231714249,0.9879719614982605,0.9925559163093567
dance_010,D10_P003_T01,11,0.000289324700133875,0.00044230950879864395,0.0006706896820105612,0.00015696628543082625,0.0002995267859660089,0.00030112435342743993,0.0004643710271921009,0.0006949426024220884,0.00016543699894100428,0.00031462687184102833
dance_010,D10_P004_T01,13,0.14530223608016968,0.13098877668380737,0.018392346799373627,0.016572866588830948,0.13133317232131958,0.995664656162262,0.9909340143203735,0.12611810863018036,0.10273794084787369,0.9805105328559875
dance_010,D10_P005_T01,8,0.00028783854213543236,0.0004398513992782682,0.0006673825555481017,0.00015490992518607527,0.00029819909832440317,0.00029048664146102965,0.00045050642802380025,0.0006784930010326207,0.0001570907625136897,0.00030465336749330163
dance_010,D10_P006_T01,13,0.012018953450024128,0.09817085415124893,0.015621793456375599,0.19594897329807281,0.009604203514754772,0.06929530203342438,0.9913967251777649,0.10200931876897812,0.9969151020050049,0.06678986549377441
dance_010,D10_P007_T01,13,0.5995337963104248,0.04760800674557686,0.16475175321102142,0.16185064613819122,0.2881733179092407,0.9973468780517578,0.0866687148809433,0.9902239441871643,0.925344705581665,0.9982185959815979
dance_010,D10_P008_T01,13,0.00029057206120342016,0.00045471577323041856,0.0006810839986428618,0.0001590660831425339,0.00030711968429386616,0.0003137851308565587,0.000487867568153888,0.0007123417453840375,0.00017242386820726097,0.00032862622174434364
dance_010,D10_P009_T01,13,0.0002910078037530184,0.0004528278368525207,0.000669226807076484,0.00015738325600977987,0.0003044240002054721,0.00030810327734798193,0.0004680549609474838,0.0007282554870471358,0.00016939378110691905,0.00032320499303750694
dance_010,D10_P010_T01,11,0.000289510702714324,0.0004440272459760308,0.0006631951546296477,0.00015532739053014666,0.00030018106917850673,0.00029545387951657176,0.0004594456113409251,0.0006824088632129133,0.00015838215767871588,0.0003103645285591483
dance_010,D10_P011_T01,11,0.002628342481330037,0.09514771401882172,0.002491367282345891,0.0042805480770766735,0.005674956366419792,0.02437617816030979,0.9979209303855896,0.019094599410891533,0.04444928839802742,0.056752413511276245
dance_010,D10_P012_T01,13,0.019710199907422066,0.20304915308952332,0.10521402209997177,0.023060249164700508,0.018093636259436607,0.1438693404197693,0.9893965125083923,0.995599627494812,0.1624249517917633,0.0784362405538559
dance_010,D10_P013_T01,13,0.0037935159634798765,0.004740050528198481,0.0033204476349055767,0.001431341515854001,0.08081202954053879,0.04413701966404915,0.05214141681790352,0.03284517303109169,0.01571410521864891,0.9981788396835327
dance_010,D10_P014_T01,13,0.00028906503575854003,0.00044377282029017806,0.0006667766720056534,0.0001547239371575415,0.00029978746897540987,0.0002923835418187082,0.0004566489951685071,0.0006840758724138141,0.00015772596816532314,0.0003075260319747031
dance_010,D10_P015_T01,13,0.00028943197685293853,0.00044330261880531907,0.0006614011945202947,0.00015582948981318623,0.000299047096632421,0.00029487250139936805,0.00046147475950419903,0.0006818313268013299,0.00015887038898654282,0.0003108095552306622
dance_010,D10_P016_T01,13,0.00029225865728221834,0.00044282153248786926,0.0006814200896769762,0.00015871264622546732,0.00029868760611861944,0.0003033095272257924,0.0004497340996749699,0.0007117931381799281,0.00016295566456392407,0.00030732498271390796
dance_010,D10_P017_T01,11,0.00029283203184604645,0.00044715849799104035,0.0006829083431512117,0.00015979952877387404,0.0003025556216016412,0.000304199755191803,0.0004607762966770679,0.0007316292030736804,0.00016818319272715598,0.0003185226523783058
dance_010,D10_P018_T01,13,0.0002892185002565384,0.0004423857608344406,0.0006748221931047738,0.00015805622388143092,0.00029795069713145494,0.0002966721076518297,0.00046050449600443244,0.0007020345656201243,0.00016426609363406897,0.00030857478850521147
dance_010,D10_P019_T01,9,0.006247467361390591,0.004647085443139076,0.007118403445929289,0.11284396052360535,0.002690630964934826,0.051686983555555344,0.036125537008047104,0.05687404051423073,0.9969980716705322,0.02022361010313034
dance_010,D10_P020_T01,13,0.004772750195115805,0.0036717934999614954,0.005498241633176804,0.07963498681783676,0.0021531577222049236,0.054002612829208374,0.03797707334160805,0.05961524322628975,0.9972929358482361,0.021087612956762314
dance_011,D11_P002_T01,16,0.2874514162540436,0.3130963146686554,0.11519760638475418,0.23982296884059906,0.049242980778217316,0.9973117113113403,0.9936354160308838,0.9972857236862183,0.9969310760498047,0.16865749657154083
dance_011,D11_P003_T01,13,0.0002935343363787979,0.0004473995650187135,0.000678796146530658,0.0001585923891980201,0.00030258006881922483,0.00030414812499657273,0.000461376243038103,0.0007012930000200868,0.0001650311314733699,0.00031105440575629473
dance_011,D11_P004_T01,12,0.1752261221408844,0.009750334545969963,0.0175222996622324,0.014051247388124466,0.015119388699531555,0.9968835711479187,0.053291354328393936,0.10024479776620865,0.08335509151220322,0.08709946274757385
dance_011,D11_P005_T01,8,0.00028755085077136755,0.00043987686512991786,0.000668110849801451,0.00015627559332642704,0.00029534901841543615,0.000292516517220065,0.00045054638758301735,0.0006791914347559214,0.00016048934776335955,0.00030108532519079745
dance_011,D11_P006_T01,16,0.003665915224701166,0.004539132118225098,0.0031371505465358496,0.0013776399428024888,0.0691843330860138,0.050882939249277115,0.057670436799526215,0.03576255217194557,0.017711078748106956,0.9985395669937134
dance_011,D11_P007_T01,16,0.1342330276966095,0.10779917240142822,0.11474303901195526,0.1156456246972084,0.14418166875839233,0.9941496849060059,0.9577524662017822,0.9928674697875977,0.9651277661323547,0.9858757853507996
dance_011,D11_P008_T01,16,0.1962047517299652,0.2646985352039337,0.033617354929447174,0.030372047796845436,0.05250108242034912,0.9926519989967346,0.9887580871582031,0.23255595564842224,0.17155992984771729,0.3161277174949646
dance_011,D11_P009_T01,14,0.0002893374185077846,0.0004469785781111568,0.0006684645195491612,0.0001577175862621516,0.000299569423077628,0.0003010379441548139,0.0004741161537822336,0.0006971455877646804,0.0001615151559235528,0.00031499125179834664
dance_011,D11_P010_T01,11,0.000290117779513821,0.00044331097160466015,0.0006699233781546354,0.0001565507845953107,0.0003008477215189487,0.00030877726385369897,0.000479529844596982,0.0006916940910741687,0.00016672701167408377,0.0003276426868978888
dance_011,D11_P011_T01,13,0.00029043827089481056,0.00044004066148772836,0.0006715112831443548,0.00015741914103273302,0.0002971528156194836,0.00029644733876921237,0.00045021279947832227,0.0006893998943269253,0.00015955689013935626,0.0003029508807230741
dance_011,D11_P012_T01,16,0.007552726659923792,0.1171458512544632,0.00758244888857007,0.11145982146263123,0.007672291249036789,0.05694356560707092,0.998181939125061,0.06500274688005447,0.997421145439148,0.06247615069150925
dance_011,D11_P013_T01,16,0.0071011814288794994,0.07030437886714935,0.06756973266601562,0.006773053202778101,0.006417217198759317,0.07588186860084534,0.9984087347984314,0.9978152513504028,0.05213027447462082,0.06469558924436569
dance_011,D11_P014_T01,16,0.0002913135976996273,0.00044447334948927164,0.0006829673075117171,0.00015869391791056842,0.00030018974211998284,0.00030466675525531173,0.00045680574839934707,0.0007138997898437083,0.00016819426673464477,0.000312594958813861
dance_011,D11_P015_T01,16,0.003628207603469491,0.004520743153989315,0.003142288187518716,0.0013716142857447267,0.06919708847999573,0.050236962735652924,0.05732158571481705,0.03565067797899246,0.017560439184308052,0.998515784740448
dance_011,D11_P016_T01,16,0.0036709627602249384,0.004545229487121105,0.0031450854148715734,0.0013836838770657778,0.06927622854709625,0.05094034969806671,0.057691264897584915,0.03587782382965088,0.017773088067770004,0.9985424280166626
dance_011,D11_P017_T01,13,0.0002916429366450757,0.0004497355257626623,0.0006661887746304274,0.00015796352818142623,0.000301215797662735,0.0002972582005895674,0.0004614945501089096,0.0006811633356846869,0.00016293249791488051,0.0003086201031692326
dance_011,D11_P018_T01,16,0.0002908307360485196,0.00044268163037486374,0.0006780538242310286,0.00015729450387880206,0.0003000479191541672,0.00030054699163883924,0.00045342036173678935,0.0007093282183632255,0.0001650078484090045,0.00030815115314908326
dance_011,D11_P019_T01,8,0.0002924789150711149,0.0004446811508387327,0.0006739145610481501,0.00015839269326534122,0.00030061075813136995,0.0002995266404468566,0.00045502607827074826,0.0006853280356153846,0.00016057705215644091,0.0003069563244935125
dance_011,D11_P020_T01,13,0.0002876465441659093,0.0004376195138320327,0.000668301887344569,0.0001554337504785508,0.0002966366591863334,0.000296021462418139,0.00045222335029393435,0.0006930626113899052,0.00016350961232092232,0.00030270894058048725
dance_012,D12_P002_T01,13,0.008990883827209473,0.32590484619140625,0.007182199973613024,0.014972858130931854,0.02023160830140114,0.0294219721108675,0.998428225517273,0.02227800525724888,0.05381349101662636,0.06737411022186279
dance_012,D12_P003_T01,11,0.0002886883157771081,0.000433807959780097,0.0006719836383126676,0.00015525984053965658,0.0002935105003416538,0.0002950158959720284,0.00044193820212967694,0.0006896062986925244,0.000157693779328838,0.0002980541903525591
dance_012,D12_P004_T01,11,0.004781508818268776,0.0057945516891777515,0.003932948224246502,0.0017645618645474315,0.09403865039348602,0.04833242669701576,0.055977754294872284,0.03484509885311127,0.017039446160197258,0.9984281063079834
dance_012,D12_P005_T01,8,0.0002868316078092903,0.000437048205640167,0.0006689091096632183,0.00015455378161277622,0.00029562378767877817,0.0002909062313847244,0.0004519547219388187,0.0007041224162094295,0.0001597176305949688,0.0003025479381904006
dance_012,D12_P006_T01,13,0.00029057642677798867,0.000444205739768222,0.000667255895677954,0.00015656328469049186,0.0003004578175023198,0.00029484552214853466,0.00045762950321659446,0.0006861972506158054,0.00015911326045170426,0.00031245462014339864
dance_012,D12_P007_T01,13,0.010533724911510944,0.006003915797919035,0.08726607263088226,0.0056660911068320274,0.08836385607719421,0.07610622048377991,0.05751630663871765,0.9978224039077759,0.049629680812358856,0.9985369443893433
dance_012,D12_P008_T01,13,0.33490729331970215,0.33167514204978943,0.16672703623771667,0.3491017818450928,0.3764178156852722,0.9912522435188293,0.9949923157691956,0.9845743775367737,0.9904907941818237,0.9985166192054749
dance_012,D12_P009_T01,13,0.00028642863617278636,0.0004392457485664636,0.0006693702307529747,0.00015559716848656535,0.0002973839291371405,0.0002946266031358391,0.00045233502169139683,0.000689410138875246,0.000160720432177186,0.00030559152946807444
dance_012,D12_P010_T01,11,0.0002905188302975148,0.00044214550871402025,0.0006738418596796691,0.00015790916222613305,0.0002982341102324426,0.0003030115331057459,0.00046380923595279455,0.0007102969102561474,0.00016831635730341077,0.0003062947653234005
dance_012,D12_P011_T01,11,0.00028839922742918134,0.00044530100421980023,0.0006648364360444248,0.0001564382400829345,0.00029911112505942583,0.0002963317674584687,0.0004633832140825689,0.0006752508343197405,0.00016095046885311604,0.00031084660440683365
dance_012,D12_P012_T01,13,0.08560709655284882,0.005213987082242966,0.009074687957763672,0.007089326158165932,0.007720248308032751,0.9973493814468384,0.054401010274887085,0.10105942189693451,0.08544675260782242,0.08851241320371628
dance_012,D12_P013_T01,13,0.00029611148056574166,0.00045091024367138743,0.0006852936348877847,0.00016057172615546733,0.0003062934847548604,0.0003147183742839843,0.0004768662329297513,0.0007179688545875251,0.00017044009291566908,0.00032225396716967225
dance_012,D12_P014_T01,13,0.08131047338247299,0.004908827133476734,0.008780170232057571,0.006938667967915535,0.007410138379782438,0.9973704814910889,0.05456557869911194,0.10168451070785522,0.08589866012334824,0.08872762322425842
dance_012,D12_P015_T01,13,0.00028971783467568457,0.0004375864227768034,0.0006710138986818492,0.00015739124501124024,0.0002956367679871619,0.0002948306209873408,0.0004500394279602915,0.0006818939582444727,0.0001629303296795115,0.0003034445981029421
dance_012,D12_P016_T01,13,0.11284685134887695,0.008515452034771442,0.01282434444874525,0.10061746835708618,0.010527483187615871,0.9955874681472778,0.06315268576145172,0.11222424358129501,0.9675297737121582,0.1007121279835701
dance_012,D12_P017_T01,13,0.0025118764024227858,0.08054099231958389,0.0023959458339959383,0.00421020295470953,0.0054412889294326305,0.027506152167916298,0.9983935952186584,0.021422507241368294,0.05179070308804512,0.06457509845495224
dance_012,D12_P018_T01,13,0.00028833741089329123,0.00044471974251791835,0.0006658674101345241,0.00015558672021143138,0.00029981209081597626,0.0002934780204668641,0.00045310775749385357,0.0006941059837117791,0.00016204487474169582,0.0003092966799158603
dance_012,D12_P019_T01,7,0.00028758085682056844,0.0004361887404229492,0.0006706195999868214,0.00015567871741950512,0.000296460377285257,0.0002927486493717879,0.00044954055920243263,0.0006791360792703927,0.000159485251060687,0.0003044330223929137
dance_012,D12_P020_T01,13,0.0042495219968259335,0.005102418828755617,0.003517674980685115,0.00156775105278939,0.08041754364967346,0.05022867023944855,0.05725923925638199,0.03572084754705429,0.01760559342801571,0.9985247254371643
