data,model,error_type,precision,recall,f1,support,accuracy,tp,fp,fn
synthetic,dl,off_beat,0.7647058823529411,1.0,0.8666666666666666,13.0,0.9929701230228472,13.0,4.0,0.0
synthetic,dl,wrong_move,0.7647058823529411,1.0,0.8666666666666666,13.0,0.9929701230228472,13.0,4.0,0.0
synthetic,dl,low_amplitude,1.0,1.0,1.0,9.0,1.0,9.0,0.0,0.0
synthetic,dl,wrong_direction,0.7142857142857143,1.0,0.8333333333333333,10.0,0.9929701230228472,10.0,4.0,0.0
synthetic,dl,missed_move,0.6923076923076923,1.0,0.8181818181818181,9.0,0.9929701230228472,9.0,4.0,0.0
synthetic,dl,__macro__,0.7872010342598579,1.0,0.876969696969697,54.0,0.9943760984182777,54.0,16.0,0.0
synthetic,dl,__micro__,0.7714285714285715,1.0,0.870967741935484,54.0,0.9943760984182777,54.0,16.0,0.0
synthetic,dl,__any_error__,0.9152542372881356,1.0,0.9557522123893806,54.0,0.9912126537785588,54.0,5.0,0.0
synthetic,rule_dtw,off_beat,0.24074074074074073,1.0,0.3880597014925373,13.0,0.9279437609841827,13.0,41.0,0.0
synthetic,rule_dtw,wrong_move,0.24074074074074073,1.0,0.3880597014925373,13.0,0.9279437609841827,13.0,41.0,0.0
synthetic,rule_dtw,low_amplitude,0.16666666666666666,1.0,0.2857142857142857,9.0,0.9209138840070299,9.0,45.0,0.0
synthetic,rule_dtw,wrong_direction,0.18518518518518517,1.0,0.3125,10.0,0.9226713532513181,10.0,44.0,0.0
synthetic,rule_dtw,missed_move,0.16666666666666666,1.0,0.2857142857142857,9.0,0.9209138840070299,9.0,45.0,0.0
synthetic,rule_dtw,__macro__,0.19999999999999998,1.0,0.3320095948827292,54.0,0.9240773286467487,54.0,216.0,0.0
synthetic,rule_dtw,__micro__,0.2,1.0,0.33333333333333337,54.0,0.9240773286467486,54.0,216.0,0.0
synthetic,rule_dtw,__any_error__,1.0,1.0,1.0,54.0,1.0,54.0,0.0,0.0
