epoch,train_loss,val_loss,lr,seconds
1,0.37728015997193076,0.30701504844396854,0.001,36.40825390815735
2,0.2843029534274882,0.24825510019578303,0.001,36.68104434013367
3,0.2768592447042465,0.24549648369931934,0.001,36.65284824371338
4,0.26521444781260056,0.22885893035661145,0.001,35.01137685775757
5,0.2596371656114405,0.23713393592592424,0.001,34.3550238609314
6,0.25452330735596745,0.22577902909160266,0.001,34.39349699020386
7,0.25062105682763186,0.21219805881456674,0.001,33.52508878707886
8,0.2413264120166952,0.2183122216596216,0.001,33.830748319625854
9,0.23379905765706843,0.2204282307987891,0.001,34.20953035354614
10,0.24454091868617317,0.21457558469421367,0.0005,33.57867503166199
11,0.22946900752457705,0.20248644492650394,0.0005,34.65751028060913
12,0.23295033303174106,0.19592613692816138,0.0005,34.34079623222351
13,0.2263795728033239,0.21030094614488826,0.0005,34.37574768066406
14,0.22338772009719501,0.203806463383176,0.0005,33.8051335811615
15,0.21269766011021354,0.2063822644162299,0.00025,33.324217081069946
16,0.2125142977996306,0.18371210999900314,0.00025,33.30648112297058
17,0.22179926173253492,0.18587766285172574,0.00025,33.654301166534424
18,0.20892045118592,0.18732514213486975,0.00025,34.18510675430298
19,0.21020050942897797,0.17987615588655326,0.00025,33.914963722229004
20,0.2046822881156748,0.17525807590351491,0.00025,33.53359532356262
21,0.20847687396136197,0.18493706419080647,0.00025,33.6293363571167
22,0.20334598286585373,0.18540527236643176,0.00025,33.965781927108765
23,0.20458141511136835,0.1914669303270766,0.000125,33.55265426635742
24,0.20464328202334317,0.1727377648280962,0.000125,33.74959850311279
25,0.20369491522962396,0.1771189215673408,0.000125,33.465091943740845
26,0.19543462097644806,0.1812727339376653,0.000125,33.75287175178528
27,0.2015434663404118,0.16796825175660515,0.000125,34.261558294296265
28,0.19675400988622146,0.17716580304094984,0.000125,33.81069040298462
29,0.1912274433807893,0.18131662988420671,0.000125,33.991894006729126
30,0.20159768570553172,0.17951968486236436,6.25e-05,33.76271438598633
31,0.1927523813464425,0.17424045488011414,6.25e-05,33.57371425628662
32,0.19222332428802144,0.1645396929707019,6.25e-05,33.921393156051636
33,0.19730225530537693,0.17116422504943035,6.25e-05,33.96849799156189
34,0.1913845419883728,0.17364388008408135,6.25e-05,33.93033146858215
35,0.19221536760980432,0.1691240486759825,3.125e-05,33.48398542404175
36,0.19321242570877076,0.16032854600001106,3.125e-05,33.73485541343689
37,0.19037523540583523,0.17009630632884612,3.125e-05,33.89789628982544
38,0.18915809365836056,0.17760891803932674,3.125e-05,34.24602437019348
39,0.19041892913254824,0.171913649603195,1.5625e-05,33.32760238647461
40,0.19162103587930854,0.16470694783980472,1.5625e-05,33.400742292404175
