dance_id,video_id,person_id,khop_dong_tac,khop_nhip,nang_luong,tong_diem,diff_path,embed_dim,ckpt_epoch,ckpt_target,pca_1,pca_2,tsne_1,tsne_2
dance_001,D01_P001_T01,P001,26.0,75.9,69.8,149.1,poses/diffs\dance_001\D01_P001_T01_diff.npy,256,15,khop_dong_tac,5.9311714,-7.47597,5.756045,-7.229837
dance_001,D01_P002_T01,P002,36.8,77.9,95.3,182.4,poses/diffs\dance_001\D01_P002_T01_diff.npy,256,15,khop_dong_tac,-2.387444,-5.5335402,1.1543102,1.6804777
dance_001,D01_P003_T01,P003,100.0,100.0,100.0,300.0,poses/diffs\dance_001\D01_P003_T01_diff.npy,256,15,khop_dong_tac,10.2553835,2.949072,10.476548,-4.4738717
dance_001,D01_P004_T01,P004,36.8,77.9,95.3,182.4,poses/diffs\dance_001\D01_P004_T01_diff.npy,256,15,khop_dong_tac,-2.387436,-5.533552,1.1544453,1.6809924
dance_001,D01_P005_T01,P005,44.9,77.7,83.1,187.2,poses/diffs\dance_001\D01_P005_T01_diff.npy,256,15,khop_dong_tac,15.176916,7.749128,22.774824,-7.357153
dance_001,D01_P006_T01,P006,42.1,80.6,82.4,185.1,poses/diffs\dance_001\D01_P006_T01_diff.npy,256,15,khop_dong_tac,9.34326,-2.9014134,12.820649,-5.5673122
dance_001,D01_P007_T01,P007,24.3,74.1,75.7,148.5,poses/diffs\dance_001\D01_P007_T01_diff.npy,256,15,khop_dong_tac,-12.029941,-5.2560596,-10.110995,3.679769
dance_001,D01_P008_T01,P008,43.6,79.6,78.5,184.2,poses/diffs\dance_001\D01_P008_T01_diff.npy,256,15,khop_dong_tac,8.665559,-0.86876076,13.813491,0.26424205
dance_001,D01_P009_T01,P009,29.5,70.6,87.4,160.2,poses/diffs\dance_001\D01_P009_T01_diff.npy,256,15,khop_dong_tac,3.877186,-0.059418347,7.4832306,7.186182
dance_001,D01_P010_T01,P010,38.6,75.2,85.8,177.0,poses/diffs\dance_001\D01_P010_T01_diff.npy,256,15,khop_dong_tac,12.558497,4.6386113,20.934223,-3.6031106
dance_001,D01_P011_T01,P011,37.3,75.4,85.3,174.9,poses/diffs\dance_001\D01_P011_T01_diff.npy,256,15,khop_dong_tac,9.2401085,-3.4060757,10.397773,-7.2863708
dance_001,D01_P013_T01,P013,43.1,78.7,84.2,186.0,poses/diffs\dance_001\D01_P013_T01_diff.npy,256,15,khop_dong_tac,14.084983,5.8676004,21.955069,-7.9429693
dance_001,D01_P014_T01,P014,46.4,80.7,76.0,187.8,poses/diffs\dance_001\D01_P014_T01_diff.npy,256,15,khop_dong_tac,8.95376,1.3311906,15.88029,1.9772714
dance_001,D01_P015_T01,P015,33.1,66.9,80.2,158.1,poses/diffs\dance_001\D01_P015_T01_diff.npy,256,15,khop_dong_tac,-1.9252998,0.0799798,6.9984436,7.954114
dance_001,D01_P016_T01,P016,22.5,74.7,93.9,157.5,poses/diffs\dance_001\D01_P016_T01_diff.npy,256,15,khop_dong_tac,11.608399,5.102391,19.726988,-1.2008114
dance_001,D01_P017_T01,P017,34.0,76.1,94.8,176.4,poses/diffs\dance_001\D01_P017_T01_diff.npy,256,15,khop_dong_tac,-1.0352445,-5.7037587,2.612933,2.8599727
dance_001,D01_P018_T01,P018,34.9,77.0,75.5,166.8,poses/diffs\dance_001\D01_P018_T01_diff.npy,256,15,khop_dong_tac,-3.141645,-5.5815897,1.7002369,2.6435356
dance_001,D01_P019_T01,P019,39.2,72.9,69.7,166.2,poses/diffs\dance_001\D01_P019_T01_diff.npy,256,15,khop_dong_tac,-0.2424193,-1.1348447,6.8696184,7.465805
dance_001,D01_P020_T01,P020,37.9,76.2,84.7,176.1,poses/diffs\dance_001\D01_P020_T01_diff.npy,256,15,khop_dong_tac,4.2671676,-2.7258425,6.9815483,4.557427
dance_002,D02_P002_T01,P002,21.8,75.9,77.3,147.3,poses/diffs\dance_002\D02_P002_T01_diff.npy,256,15,khop_dong_tac,-11.395614,13.398919,-25.185234,4.816274
dance_002,D02_P003_T01,P003,16.5,67.7,81.3,134.4,poses/diffs\dance_002\D02_P003_T01_diff.npy,256,15,khop_dong_tac,3.556276,-7.291091,-0.96217275,11.406144
dance_002,D02_P004_T01,P004,18.7,76.3,87.4,149.1,poses/diffs\dance_002\D02_P004_T01_diff.npy,256,15,khop_dong_tac,-10.743447,10.897555,-24.530449,9.206333
dance_002,D02_P005_T01,P005,31.0,76.8,95.6,173.1,poses/diffs\dance_002\D02_P005_T01_diff.npy,256,15,khop_dong_tac,-0.6642902,-4.7374864,0.79700065,10.2125225
dance_002,D02_P006_T01,P006,29.1,75.8,77.2,158.1,poses/diffs\dance_002\D02_P006_T01_diff.npy,256,15,khop_dong_tac,4.00795,-6.120871,-1.7403218,10.724048
dance_002,D02_P007_T01,P007,19.0,76.4,72.3,140.7,poses/diffs\dance_002\D02_P007_T01_diff.npy,256,15,khop_dong_tac,-12.187471,11.884027,-25.19519,5.8812613
dance_002,D02_P008_T01,P008,23.4,78.4,90.6,159.9,poses/diffs\dance_002\D02_P008_T01_diff.npy,256,15,khop_dong_tac,-12.561837,9.875316,-24.438646,7.713475
dance_002,D02_P009_T01,P009,25.7,76.8,92.5,163.2,poses/diffs\dance_002\D02_P009_T01_diff.npy,256,15,khop_dong_tac,-12.74825,11.397355,-23.664318,10.959265
dance_002,D02_P010_T01,P010,24.6,78.4,97.6,165.9,poses/diffs\dance_002\D02_P010_T01_diff.npy,256,15,khop_dong_tac,2.7367876,-0.7407056,3.242416,11.388017
dance_002,D02_P011_T01,P011,26.3,73.9,80.2,153.9,poses/diffs\dance_002\D02_P011_T01_diff.npy,256,15,khop_dong_tac,-12.375562,3.153859,-14.533867,7.099654
dance_002,D02_P012_T01,P012,21.0,72.4,68.4,137.7,poses/diffs\dance_002\D02_P012_T01_diff.npy,256,15,khop_dong_tac,3.289952,-5.286661,-0.37445068,10.951637
dance_002,D02_P013_T01,P013,17.4,74.7,92.8,148.8,poses/diffs\dance_002\D02_P013_T01_diff.npy,256,15,khop_dong_tac,-10.541484,-0.9253147,-13.24415,9.001296
dance_002,D02_P014_T01,P014,31.3,78.7,92.8,173.4,poses/diffs\dance_002\D02_P014_T01_diff.npy,256,15,khop_dong_tac,-6.85218,-0.5877602,-10.549472,10.360862
dance_002,D02_P015_T01,P015,22.5,74.1,93.4,156.6,poses/diffs\dance_002\D02_P015_T01_diff.npy,256,15,khop_dong_tac,-13.150953,11.819073,-24.120594,10.450333
dance_002,D02_P016_T01,P016,18.4,75.2,89.6,149.1,poses/diffs\dance_002\D02_P016_T01_diff.npy,256,15,khop_dong_tac,-13.17398,9.535649,-22.567837,10.523431
dance_002,D02_P017_T01,P017,23.3,75.9,72.9,147.0,poses/diffs\dance_002\D02_P017_T01_diff.npy,256,15,khop_dong_tac,-11.751031,10.693116,-23.71649,8.931878
dance_002,D02_P018_T01,P018,21.0,75.1,80.3,147.3,poses/diffs\dance_002\D02_P018_T01_diff.npy,256,15,khop_dong_tac,-13.107133,9.114714,-22.00105,11.306764
dance_002,D02_P019_T01,P019,36.8,76.8,78.7,171.6,poses/diffs\dance_002\D02_P019_T01_diff.npy,256,15,khop_dong_tac,-12.686516,9.076962,-22.483587,11.632477
dance_002,D02_P020_T01,P020,16.2,77.4,95.9,151.5,poses/diffs\dance_002\D02_P020_T01_diff.npy,256,15,khop_dong_tac,-12.229561,11.437838,-23.284107,10.129041
dance_003,D03_P002_T01,P002,17.2,73.2,69.1,132.9,poses/diffs\dance_003\D03_P002_T01_diff.npy,256,15,khop_dong_tac,-3.9077768,-9.431157,-3.1815374,-10.292577
dance_003,D03_P003_T01,P003,36.3,78.5,97.9,183.9,poses/diffs\dance_003\D03_P003_T01_diff.npy,256,15,khop_dong_tac,15.175381,9.128544,24.01045,-6.5317974
dance_003,D03_P004_T01,P004,43.0,78.8,86.4,187.5,poses/diffs\dance_003\D03_P004_T01_diff.npy,256,15,khop_dong_tac,-0.9041536,-7.2403126,2.0785286,-0.48996145
dance_003,D03_P005_T01,P005,30.6,76.9,97.1,173.4,poses/diffs\dance_003\D03_P005_T01_diff.npy,256,15,khop_dong_tac,13.661019,5.702388,20.470686,-6.2662306
dance_003,D03_P006_T01,P006,42.5,80.8,94.5,193.2,poses/diffs\dance_003\D03_P006_T01_diff.npy,256,15,khop_dong_tac,12.095955,0.27223867,14.040752,-6.471588
dance_003,D03_P008_T01,P008,13.2,76.0,98.8,147.6,poses/diffs\dance_003\D03_P008_T01_diff.npy,256,15,khop_dong_tac,12.17032,7.347307,26.143261,-10.576784
dance_003,D03_P009_T01,P009,29.4,75.5,84.0,162.6,poses/diffs\dance_003\D03_P009_T01_diff.npy,256,15,khop_dong_tac,13.658012,5.5714264,18.545507,-3.3722548
dance_003,D03_P010_T01,P010,34.4,73.2,83.9,167.7,poses/diffs\dance_003\D03_P010_T01_diff.npy,256,15,khop_dong_tac,13.850776,9.785161,27.124111,-8.699526
dance_003,D03_P011_T01,P011,42.5,78.5,74.8,179.4,poses/diffs\dance_003\D03_P011_T01_diff.npy,256,15,khop_dong_tac,4.4156075,-5.9307694,5.5164943,-2.818743
dance_003,D03_P012_T01,P012,25.7,73.0,72.9,147.9,poses/diffs\dance_003\D03_P012_T01_diff.npy,256,15,khop_dong_tac,-6.4210362,-9.539397,-4.164062,-11.35879
dance_003,D03_P013_T01,P013,43.5,78.8,98.4,195.3,poses/diffs\dance_003\D03_P013_T01_diff.npy,256,15,khop_dong_tac,8.78837,-1.0012162,11.940652,2.0482018
dance_003,D03_P014_T01,P014,43.0,77.2,91.9,189.0,poses/diffs\dance_003\D03_P014_T01_diff.npy,256,15,khop_dong_tac,11.590023,5.90099,18.181826,-1.0733587
dance_003,D03_P015_T01,P015,41.0,78.7,88.6,185.4,poses/diffs\dance_003\D03_P015_T01_diff.npy,256,15,khop_dong_tac,12.960723,4.6209927,17.217937,-2.372314
dance_003,D03_P016_T01,P016,38.4,75.2,93.1,181.2,poses/diffs\dance_003\D03_P016_T01_diff.npy,256,15,khop_dong_tac,14.578809,7.418007,22.992382,-6.3398323
dance_003,D03_P017_T01,P017,42.1,76.7,98.4,191.1,poses/diffs\dance_003\D03_P017_T01_diff.npy,256,15,khop_dong_tac,4.41481,-5.580903,5.2290754,-3.549508
dance_003,D03_P018_T01,P018,43.5,77.9,99.3,195.0,poses/diffs\dance_003\D03_P018_T01_diff.npy,256,15,khop_dong_tac,12.982252,5.0050306,19.852404,-2.4940326
dance_003,D03_P019_T01,P019,48.9,78.6,77.3,190.5,poses/diffs\dance_003\D03_P019_T01_diff.npy,256,15,khop_dong_tac,6.723129,0.5834997,14.318463,2.7809763
dance_003,D03_P020_T01,P020,37.4,77.9,95.0,183.0,poses/diffs\dance_003\D03_P020_T01_diff.npy,256,15,khop_dong_tac,13.156071,3.2132032,17.360802,-3.8990355
dance_004,D04_P002_T01,P002,24.7,74.4,72.1,147.3,poses/diffs\dance_004\D04_P002_T01_diff.npy,256,15,khop_dong_tac,-6.6185856,-10.565481,-4.648056,6.9613304
dance_004,D04_P003_T01,P003,22.3,69.4,97.2,154.2,poses/diffs\dance_004\D04_P003_T01_diff.npy,256,15,khop_dong_tac,-4.9846244,-8.572063,-1.8693615,-9.786017
dance_004,D04_P004_T01,P004,29.7,75.4,93.6,168.6,poses/diffs\dance_004\D04_P004_T01_diff.npy,256,15,khop_dong_tac,1.3731887,-6.688594,0.1630855,9.796745
dance_004,D04_P005_T01,P005,35.3,77.4,96.9,180.6,poses/diffs\dance_004\D04_P005_T01_diff.npy,256,15,khop_dong_tac,-3.298648,-9.608519,-3.8785338,8.112833
dance_004,D04_P006_T01,P006,24.7,77.1,96.3,164.1,poses/diffs\dance_004\D04_P006_T01_diff.npy,256,15,khop_dong_tac,-0.3088539,-9.942105,-3.1125605,8.609951
dance_004,D04_P008_T01,P008,21.1,69.5,97.8,153.0,poses/diffs\dance_004\D04_P008_T01_diff.npy,256,15,khop_dong_tac,-1.5156097,-8.176104,-1.2307521,9.206963
dance_004,D04_P009_T01,P009,27.3,70.2,89.4,157.8,poses/diffs\dance_004\D04_P009_T01_diff.npy,256,15,khop_dong_tac,-11.913322,-4.786903,-10.803872,5.2061586
dance_004,D04_P010_T01,P010,33.6,73.3,88.6,169.5,poses/diffs\dance_004\D04_P010_T01_diff.npy,256,15,khop_dong_tac,-1.3245836,-4.1366863,3.2682147,10.305676
dance_004,D04_P011_T01,P011,37.2,77.4,92.3,180.9,poses/diffs\dance_004\D04_P011_T01_diff.npy,256,15,khop_dong_tac,1.2849418,-4.4000173,1.7958465,9.247309
dance_004,D04_P012_T01,P012,20.7,71.9,73.0,139.5,poses/diffs\dance_004\D04_P012_T01_diff.npy,256,15,khop_dong_tac,-5.730288,-10.014834,-4.547157,6.85153
dance_004,D04_P013_T01,P013,27.9,70.6,91.4,160.2,poses/diffs\dance_004\D04_P013_T01_diff.npy,256,15,khop_dong_tac,-1.0041499,-6.634667,0.30384612,9.019137
dance_004,D04_P014_T01,P014,20.6,72.1,90.1,149.7,poses/diffs\dance_004\D04_P014_T01_diff.npy,256,15,khop_dong_tac,-3.661649,-5.841092,3.4707587,9.382727
dance_004,D04_P015_T01,P015,31.3,72.0,91.3,166.5,poses/diffs\dance_004\D04_P015_T01_diff.npy,256,15,khop_dong_tac,-1.5954984,-7.6154327,-0.9101467,9.1670265
dance_004,D04_P016_T01,P016,30.1,74.0,95.8,169.2,poses/diffs\dance_004\D04_P016_T01_diff.npy,256,15,khop_dong_tac,-11.366555,-1.0602937,-11.370651,8.408877
dance_004,D04_P017_T01,P017,2.8,66.9,96.6,122.4,poses/diffs\dance_004\D04_P017_T01_diff.npy,256,15,khop_dong_tac,-12.625293,10.256098,-22.51415,9.109803
dance_004,D04_P018_T01,P018,25.7,70.9,93.4,158.4,poses/diffs\dance_004\D04_P018_T01_diff.npy,256,15,khop_dong_tac,-1.5821382,-6.4945674,3.3070166,9.150133
dance_004,D04_P019_T01,P019,17.7,71.5,92.7,146.4,poses/diffs\dance_004\D04_P019_T01_diff.npy,256,15,khop_dong_tac,-13.021676,7.693905,-21.643427,9.753757
dance_004,D04_P020_T01,P020,27.2,75.7,85.8,160.2,poses/diffs\dance_004\D04_P020_T01_diff.npy,256,15,khop_dong_tac,-10.555721,2.6111908,-17.175257,3.7064326
dance_005,D05_P002_T01,P002,34.0,77.6,75.1,165.9,poses/diffs\dance_005\D05_P002_T01_diff.npy,256,15,khop_dong_tac,-4.527767,-9.094834,-3.072394,-11.128825
dance_005,D05_P003_T01,P003,48.4,81.0,85.6,197.1,poses/diffs\dance_005\D05_P003_T01_diff.npy,256,15,khop_dong_tac,5.3463764,-5.9234147,6.633104,-3.352145
dance_005,D05_P004_T01,P004,47.8,77.1,94.0,197.4,poses/diffs\dance_005\D05_P004_T01_diff.npy,256,15,khop_dong_tac,-3.9412808,-9.431083,-1.0089039,-7.41325
dance_005,D05_P005_T01,P005,48.5,76.1,83.0,191.1,poses/diffs\dance_005\D05_P005_T01_diff.npy,256,15,khop_dong_tac,10.451674,6.5820794,28.061893,-11.059985
dance_005,D05_P006_T01,P006,51.0,81.6,98.2,208.8,poses/diffs\dance_005\D05_P006_T01_diff.npy,256,15,khop_dong_tac,9.952179,2.8108997,18.081636,-10.418138
dance_005,D05_P007_T01,P007,34.2,77.5,71.2,163.8,poses/diffs\dance_005\D05_P007_T01_diff.npy,256,15,khop_dong_tac,-4.638316,-9.141829,-2.3247197,-11.052892
dance_005,D05_P008_T01,P008,29.4,75.6,79.9,159.9,poses/diffs\dance_005\D05_P008_T01_diff.npy,256,15,khop_dong_tac,12.638957,9.958524,27.730902,-9.688337
dance_005,D05_P009_T01,P009,43.5,81.6,90.4,192.9,poses/diffs\dance_005\D05_P009_T01_diff.npy,256,15,khop_dong_tac,10.48973,0.9623246,15.3445,-5.2691693
dance_005,D05_P010_T01,P010,30.1,77.3,80.5,162.9,poses/diffs\dance_005\D05_P010_T01_diff.npy,256,15,khop_dong_tac,14.339209,7.1493583,22.002579,-4.032053
dance_005,D05_P011_T01,P011,43.8,81.4,89.7,192.6,poses/diffs\dance_005\D05_P011_T01_diff.npy,256,15,khop_dong_tac,12.96057,6.876521,25.17155,-9.840664
dance_005,D05_P012_T01,P012,29.0,72.8,73.1,153.0,poses/diffs\dance_005\D05_P012_T01_diff.npy,256,15,khop_dong_tac,-4.599313,-8.663685,-4.052741,-12.344716
dance_005,D05_P013_T01,P013,39.0,79.6,85.3,181.5,poses/diffs\dance_005\D05_P013_T01_diff.npy,256,15,khop_dong_tac,11.38119,0.23769796,12.90055,-3.256704
dance_005,D05_P014_T01,P014,39.0,80.2,97.0,188.7,poses/diffs\dance_005\D05_P014_T01_diff.npy,256,15,khop_dong_tac,14.524916,6.9697175,23.782711,-8.14159
dance_005,D05_P015_T01,P015,46.4,82.0,93.9,199.8,poses/diffs\dance_005\D05_P015_T01_diff.npy,256,15,khop_dong_tac,-1.1515731,-7.158053,0.44099507,-9.879615
dance_005,D05_P016_T01,P016,36.8,78.9,92.2,181.5,poses/diffs\dance_005\D05_P016_T01_diff.npy,256,15,khop_dong_tac,13.965283,7.2146063,23.909138,-7.7039585
dance_005,D05_P017_T01,P017,31.2,79.2,98.3,177.0,poses/diffs\dance_005\D05_P017_T01_diff.npy,256,15,khop_dong_tac,11.951199,7.872737,26.734238,-11.105804
dance_005,D05_P018_T01,P018,44.6,78.9,88.9,191.4,poses/diffs\dance_005\D05_P018_T01_diff.npy,256,15,khop_dong_tac,10.596566,1.3838346,15.877195,-4.1912184
dance_005,D05_P019_T01,P019,44.3,80.6,84.9,189.9,poses/diffs\dance_005\D05_P019_T01_diff.npy,256,15,khop_dong_tac,9.550828,0.7621595,15.453304,0.09009712
dance_005,D05_P020_T01,P020,38.3,79.4,93.8,185.1,poses/diffs\dance_005\D05_P020_T01_diff.npy,256,15,khop_dong_tac,4.0333714,-5.2609563,4.6660614,-9.156855
dance_006,D06_P003_T01,P003,35.5,77.2,92.1,177.9,poses/diffs\dance_006\D06_P003_T01_diff.npy,256,15,khop_dong_tac,-8.780537,10.156475,-24.26574,2.5656629
dance_006,D06_P004_T01,P004,55.0,80.6,97.5,213.6,poses/diffs\dance_006\D06_P004_T01_diff.npy,256,15,khop_dong_tac,-9.680635,10.230649,-24.890882,1.3589101
dance_006,D06_P005_T01,P005,46.6,79.9,95.2,198.9,poses/diffs\dance_006\D06_P005_T01_diff.npy,256,15,khop_dong_tac,-10.337128,5.207955,-22.250385,0.26550332
dance_006,D06_P006_T01,P006,48.7,81.3,86.0,197.7,poses/diffs\dance_006\D06_P006_T01_diff.npy,256,15,khop_dong_tac,-9.464233,5.7747383,-22.78462,0.98191494
dance_006,D06_P007_T01,P007,26.7,70.6,70.7,146.1,poses/diffs\dance_006\D06_P007_T01_diff.npy,256,15,khop_dong_tac,-9.474676,5.0326543,-18.594212,-5.6579623
dance_006,D06_P008_T01,P008,24.4,78.0,88.8,159.9,poses/diffs\dance_006\D06_P008_T01_diff.npy,256,15,khop_dong_tac,-7.747961,1.5098599,-19.797165,-1.600692
dance_006,D06_P009_T01,P009,36.3,80.5,92.5,182.4,poses/diffs\dance_006\D06_P009_T01_diff.npy,256,15,khop_dong_tac,-8.505246,6.711564,-23.665422,0.38637912
dance_006,D06_P010_T01,P010,34.3,76.1,89.7,173.7,poses/diffs\dance_006\D06_P010_T01_diff.npy,256,15,khop_dong_tac,-9.961435,11.097433,-28.633163,1.902069
dance_006,D06_P011_T01,P011,37.3,78.0,83.9,176.4,poses/diffs\dance_006\D06_P011_T01_diff.npy,256,15,khop_dong_tac,-9.14886,-4.6165614,-10.667249,2.3297875
dance_006,D06_P013_T01,P013,39.8,81.5,93.6,189.3,poses/diffs\dance_006\D06_P013_T01_diff.npy,256,15,khop_dong_tac,-9.778967,5.0190315,-21.634953,-0.4351382
dance_006,D06_P014_T01,P014,46.1,81.5,92.3,198.0,poses/diffs\dance_006\D06_P014_T01_diff.npy,256,15,khop_dong_tac,-8.501406,6.551731,-21.247602,2.3681834
dance_006,D06_P015_T01,P015,44.8,79.2,92.4,193.8,poses/diffs\dance_006\D06_P015_T01_diff.npy,256,15,khop_dong_tac,-11.477583,11.807776,-26.141218,3.609552
dance_006,D06_P016_T01,P016,33.9,77.9,98.6,180.0,poses/diffs\dance_006\D06_P016_T01_diff.npy,256,15,khop_dong_tac,-8.968976,8.90388,-24.086246,1.4398291
dance_006,D06_P017_T01,P017,49.9,79.3,92.0,201.6,poses/diffs\dance_006\D06_P017_T01_diff.npy,256,15,khop_dong_tac,-9.184349,8.882432,-21.926208,2.7065668
dance_006,D06_P018_T01,P018,44.2,80.5,96.9,197.1,poses/diffs\dance_006\D06_P018_T01_diff.npy,256,15,khop_dong_tac,-10.766282,10.105666,-28.100098,1.5782161
dance_006,D06_P019_T01,P019,46.5,80.0,88.3,194.7,poses/diffs\dance_006\D06_P019_T01_diff.npy,256,15,khop_dong_tac,-10.665601,11.38976,-27.034399,1.6107651
dance_006,D06_P020_T01,P020,51.7,79.8,96.6,207.3,poses/diffs\dance_006\D06_P020_T01_diff.npy,256,15,khop_dong_tac,-10.267786,10.18966,-25.57617,1.4421873
dance_007,D07_P002_T01,P002,46.8,76.4,71.6,181.8,poses/diffs\dance_007\D07_P002_T01_diff.npy,256,15,khop_dong_tac,-2.7149475,-11.266844,-2.9865506,-8.169243
dance_007,D07_P003_T01,P003,52.6,81.2,84.3,202.5,poses/diffs\dance_007\D07_P003_T01_diff.npy,256,15,khop_dong_tac,9.202555,-1.9267569,9.828954,-3.1737225
dance_007,D07_P004_T01,P004,41.1,72.6,94.8,183.9,poses/diffs\dance_007\D07_P004_T01_diff.npy,256,15,khop_dong_tac,-10.128417,8.845607,-26.640755,-1.7337465
dance_007,D07_P005_T01,P005,37.6,70.5,85.5,171.0,poses/diffs\dance_007\D07_P005_T01_diff.npy,256,15,khop_dong_tac,3.6255338,-9.350629,3.0904734,-6.2794666
dance_007,D07_P006_T01,P006,50.9,77.9,89.4,200.1,poses/diffs\dance_007\D07_P006_T01_diff.npy,256,15,khop_dong_tac,6.0724745,-5.444857,6.445828,-4.8206267
dance_007,D07_P008_T01,P008,44.4,76.4,92.3,190.8,poses/diffs\dance_007\D07_P008_T01_diff.npy,256,15,khop_dong_tac,8.081723,-3.668526,8.454776,-1.8408439
dance_007,D07_P009_T01,P009,49.6,76.3,88.5,196.2,poses/diffs\dance_007\D07_P009_T01_diff.npy,256,15,khop_dong_tac,-0.2809784,-7.188809,0.64140326,-6.90102
dance_007,D07_P010_T01,P010,46.6,63.0,93.2,182.4,poses/diffs\dance_007\D07_P010_T01_diff.npy,256,15,khop_dong_tac,2.520576,-3.9028432,5.4635983,5.3685555
dance_007,D07_P011_T01,P011,26.8,69.6,80.5,151.2,poses/diffs\dance_007\D07_P011_T01_diff.npy,256,15,khop_dong_tac,3.980241,-1.7918,7.3305106,3.6805322
dance_007,D07_P012_T01,P012,40.4,77.5,71.0,172.8,poses/diffs\dance_007\D07_P012_T01_diff.npy,256,15,khop_dong_tac,-3.908141,-11.404029,-3.2357838,-8.950177
dance_007,D07_P013_T01,P013,26.5,71.5,91.6,159.0,poses/diffs\dance_007\D07_P013_T01_diff.npy,256,15,khop_dong_tac,5.2721057,-4.0287967,10.952281,3.5569186
dance_007,D07_P014_T01,P014,30.6,72.0,89.8,164.7,poses/diffs\dance_007\D07_P014_T01_diff.npy,256,15,khop_dong_tac,-7.3619347,-7.039106,-9.6122055,2.1757755
dance_007,D07_P015_T01,P015,50.0,75.7,91.5,198.0,poses/diffs\dance_007\D07_P015_T01_diff.npy,256,15,khop_dong_tac,-4.1933002,-8.597675,-4.9707394,8.660589
dance_007,D07_P016_T01,P016,30.4,66.9,93.8,162.0,poses/diffs\dance_007\D07_P016_T01_diff.npy,256,15,khop_dong_tac,-10.888666,11.229871,-26.087044,2.6495094
dance_007,D07_P017_T01,P017,45.0,75.8,98.0,194.4,poses/diffs\dance_007\D07_P017_T01_diff.npy,256,15,khop_dong_tac,3.713367,-6.0124097,4.117735,2.3229861
dance_007,D07_P018_T01,P018,44.0,75.0,78.9,180.9,poses/diffs\dance_007\D07_P018_T01_diff.npy,256,15,khop_dong_tac,9.65659,-3.9585452,9.357519,-3.8941667
dance_007,D07_P019_T01,P019,46.1,75.9,93.1,193.2,poses/diffs\dance_007\D07_P019_T01_diff.npy,256,15,khop_dong_tac,-9.870181,10.758774,-25.66284,0.2633015
dance_007,D07_P020_T01,P020,51.8,76.3,82.1,195.6,poses/diffs\dance_007\D07_P020_T01_diff.npy,256,15,khop_dong_tac,8.780385,-4.427537,7.929957,-4.696446
dance_008,D08_P002_T01,P002,34.5,80.1,78.4,171.0,poses/diffs\dance_008\D08_P002_T01_diff.npy,256,15,khop_dong_tac,-8.636617,3.106156,-17.58843,-5.444216
dance_008,D08_P003_T01,P003,33.0,78.4,81.8,169.2,poses/diffs\dance_008\D08_P003_T01_diff.npy,256,15,khop_dong_tac,-8.91977,4.5787916,-22.337084,-2.3296058
dance_008,D08_P004_T01,P004,41.6,81.7,92.8,191.7,poses/diffs\dance_008\D08_P004_T01_diff.npy,256,15,khop_dong_tac,-9.010004,12.214441,-27.077456,-0.029471017
dance_008,D08_P005_T01,P005,40.1,82.5,78.7,181.5,poses/diffs\dance_008\D08_P005_T01_diff.npy,256,15,khop_dong_tac,-1.0869671,-8.69511,-0.82692176,-10.558503
dance_008,D08_P006_T01,P006,31.0,76.9,30.3,133.8,poses/diffs\dance_008\D08_P006_T01_diff.npy,256,15,khop_dong_tac,1.9305329,-8.313081,4.6770973,-7.375413
dance_008,D08_P007_T01,P007,33.3,77.8,77.7,166.5,poses/diffs\dance_008\D08_P007_T01_diff.npy,256,15,khop_dong_tac,-8.689128,4.0771766,-18.188332,-5.1347756
dance_008,D08_P008_T01,P008,30.9,78.1,88.1,169.5,poses/diffs\dance_008\D08_P008_T01_diff.npy,256,15,khop_dong_tac,-7.0640745,-1.950729,-19.481043,-2.2335615
dance_008,D08_P009_T01,P009,36.1,78.7,92.6,180.6,poses/diffs\dance_008\D08_P009_T01_diff.npy,256,15,khop_dong_tac,-8.155588,6.964026,-23.398397,-1.049189
dance_008,D08_P010_T01,P010,47.4,82.3,97.7,203.7,poses/diffs\dance_008\D08_P010_T01_diff.npy,256,15,khop_dong_tac,5.142554,-6.413805,5.5914664,-8.342845
dance_008,D08_P011_T01,P011,45.1,83.8,94.0,199.5,poses/diffs\dance_008\D08_P011_T01_diff.npy,256,15,khop_dong_tac,7.494218,-4.7715282,7.9491343,-7.74838
dance_008,D08_P012_T01,P012,36.2,78.1,80.3,172.8,poses/diffs\dance_008\D08_P012_T01_diff.npy,256,15,khop_dong_tac,-8.683941,3.427279,-17.804245,-5.934579
dance_008,D08_P013_T01,P013,42.2,82.3,91.7,192.3,poses/diffs\dance_008\D08_P013_T01_diff.npy,256,15,khop_dong_tac,7.3378787,-5.3240457,7.029181,-8.407368
dance_008,D08_P014_T01,P014,33.1,78.4,75.7,165.6,poses/diffs\dance_008\D08_P014_T01_diff.npy,256,15,khop_dong_tac,-9.364829,1.5210029,-14.803669,5.5042877
dance_008,D08_P015_T01,P015,41.0,77.9,95.8,189.0,poses/diffs\dance_008\D08_P015_T01_diff.npy,256,15,khop_dong_tac,-9.12218,12.005587,-26.176025,-0.5699416
dance_008,D08_P016_T01,P016,33.3,78.0,67.0,160.5,poses/diffs\dance_008\D08_P016_T01_diff.npy,256,15,khop_dong_tac,-8.42996,1.0654036,-21.211102,-2.5849626
dance_008,D08_P017_T01,P017,39.4,80.1,92.9,186.9,poses/diffs\dance_008\D08_P017_T01_diff.npy,256,15,khop_dong_tac,-8.792852,5.946205,-22.60835,-1.4681432
dance_008,D08_P018_T01,P018,36.8,80.8,93.5,184.2,poses/diffs\dance_008\D08_P018_T01_diff.npy,256,15,khop_dong_tac,-8.841175,7.454267,-23.784292,-1.7322656
dance_008,D08_P019_T01,P019,51.3,83.7,80.1,200.4,poses/diffs\dance_008\D08_P019_T01_diff.npy,256,15,khop_dong_tac,-8.255231,9.076878,-24.901108,-1.4675312
dance_008,D08_P020_T01,P020,40.2,80.9,95.3,190.2,poses/diffs\dance_008\D08_P020_T01_diff.npy,256,15,khop_dong_tac,-8.984251,8.679184,-24.710552,-0.7089183
dance_009,D09_P002_T01,P002,9.2,65.4,65.1,111.6,poses/diffs\dance_009\D09_P002_T01_diff.npy,256,15,khop_dong_tac,-10.693533,-5.4723806,-14.7307415,-5.125817
dance_009,D09_P003_T01,P003,7.4,70.6,77.5,121.2,poses/diffs\dance_009\D09_P003_T01_diff.npy,256,15,khop_dong_tac,-10.5180645,-8.470756,-8.73644,4.263733
dance_009,D09_P004_T01,P004,20.3,76.7,83.2,149.4,poses/diffs\dance_009\D09_P004_T01_diff.npy,256,15,khop_dong_tac,-12.613266,-0.8431669,-13.149159,6.709983
dance_009,D09_P005_T01,P005,20.0,74.0,79.9,144.6,poses/diffs\dance_009\D09_P005_T01_diff.npy,256,15,khop_dong_tac,-3.2903047,-7.140318,-1.0892006,6.602337
dance_009,D09_P006_T01,P006,15.2,71.5,85.8,138.6,poses/diffs\dance_009\D09_P006_T01_diff.npy,256,15,khop_dong_tac,-10.647069,-7.1458454,-9.158227,4.4018226
dance_009,D09_P008_T01,P008,22.3,70.5,78.2,144.0,poses/diffs\dance_009\D09_P008_T01_diff.npy,256,15,khop_dong_tac,-1.7926741,-4.694883,1.1521914,7.901185
dance_009,D09_P009_T01,P009,21.6,73.2,80.3,146.4,poses/diffs\dance_009\D09_P009_T01_diff.npy,256,15,khop_dong_tac,-8.352916,-3.9981482,-10.409431,8.412251
dance_009,D09_P010_T01,P010,16.9,72.5,74.3,135.0,poses/diffs\dance_009\D09_P010_T01_diff.npy,256,15,khop_dong_tac,11.301337,3.6611135,18.866096,-9.914825
dance_009,D09_P011_T01,P011,14.9,72.0,72.5,130.8,poses/diffs\dance_009\D09_P011_T01_diff.npy,256,15,khop_dong_tac,-10.715125,-6.227926,-8.761951,5.765649
dance_009,D09_P013_T01,P013,10.3,67.9,73.6,120.6,poses/diffs\dance_009\D09_P013_T01_diff.npy,256,15,khop_dong_tac,-0.3251711,-7.418606,0.50634074,6.8866906
dance_009,D09_P014_T01,P014,24.6,75.8,77.3,151.5,poses/diffs\dance_009\D09_P014_T01_diff.npy,256,15,khop_dong_tac,-8.07863,-2.2669008,-10.344064,9.605677
dance_009,D09_P015_T01,P015,14.6,71.4,77.0,132.3,poses/diffs\dance_009\D09_P015_T01_diff.npy,256,15,khop_dong_tac,-10.941366,5.7455935,-20.61515,9.983601
dance_009,D09_P016_T01,P016,21.9,74.2,85.0,150.6,poses/diffs\dance_009\D09_P016_T01_diff.npy,256,15,khop_dong_tac,-12.604736,-1.1037749,-12.125591,4.717927
dance_009,D09_P017_T01,P017,19.3,76.4,87.9,150.6,poses/diffs\dance_009\D09_P017_T01_diff.npy,256,15,khop_dong_tac,-9.325624,-3.84041,-11.283964,6.043114
dance_009,D09_P018_T01,P018,17.1,69.6,72.6,131.7,poses/diffs\dance_009\D09_P018_T01_diff.npy,256,15,khop_dong_tac,-7.530615,-4.5844502,-1.7896608,5.99391
dance_009,D09_P019_T01,P019,22.7,75.8,73.7,146.4,poses/diffs\dance_009\D09_P019_T01_diff.npy,256,15,khop_dong_tac,-11.343368,-3.8318124,-10.131892,6.559839
dance_009,D09_P020_T01,P020,18.0,74.0,76.3,139.5,poses/diffs\dance_009\D09_P020_T01_diff.npy,256,15,khop_dong_tac,-11.177044,-4.7971215,-9.707962,6.068568
dance_010,D10_P002_T01,P002,21.2,74.4,72.5,142.2,poses/diffs\dance_010\D10_P002_T01_diff.npy,256,15,khop_dong_tac,-4.0186048,-9.574346,-3.0042577,-12.05958
dance_010,D10_P003_T01,P003,38.4,78.3,91.6,183.0,poses/diffs\dance_010\D10_P003_T01_diff.npy,256,15,khop_dong_tac,6.022805,-5.484039,6.4947624,-9.341829
dance_010,D10_P004_T01,P004,29.8,79.2,95.5,173.4,poses/diffs\dance_010\D10_P004_T01_diff.npy,256,15,khop_dong_tac,-11.663692,1.068436,-13.858887,3.2471957
dance_010,D10_P005_T01,P005,26.3,78.3,92.5,165.6,poses/diffs\dance_010\D10_P005_T01_diff.npy,256,15,khop_dong_tac,-11.203027,-4.250691,-11.933766,3.105649
dance_010,D10_P006_T01,P006,33.9,81.2,84.9,174.6,poses/diffs\dance_010\D10_P006_T01_diff.npy,256,15,khop_dong_tac,-3.7400696,-8.787227,-1.2518982,-6.185143
dance_010,D10_P008_T01,P008,35.9,78.2,91.4,179.1,poses/diffs\dance_010\D10_P008_T01_diff.npy,256,15,khop_dong_tac,7.8203197,-2.554865,13.897406,-9.559612
dance_010,D10_P009_T01,P009,35.9,80.9,80.5,174.9,poses/diffs\dance_010\D10_P009_T01_diff.npy,256,15,khop_dong_tac,9.238011,-1.3132592,15.87915,-9.45922
dance_010,D10_P010_T01,P010,49.8,78.0,85.1,195.9,poses/diffs\dance_010\D10_P010_T01_diff.npy,256,15,khop_dong_tac,9.062113,0.1463806,16.94285,-9.919348
dance_010,D10_P011_T01,P011,42.6,80.6,77.8,183.0,poses/diffs\dance_010\D10_P011_T01_diff.npy,256,15,khop_dong_tac,12.447663,2.5785065,18.358006,-8.280964
dance_010,D10_P012_T01,P012,22.4,76.5,75.4,147.6,poses/diffs\dance_010\D10_P012_T01_diff.npy,256,15,khop_dong_tac,-11.115009,0.09016737,-16.258675,-5.20115
dance_010,D10_P013_T01,P013,29.1,80.3,88.5,168.9,poses/diffs\dance_010\D10_P013_T01_diff.npy,256,15,khop_dong_tac,-11.983947,0.80404127,-13.493036,4.35336
dance_010,D10_P014_T01,P014,26.9,74.7,95.4,164.7,poses/diffs\dance_010\D10_P014_T01_diff.npy,256,15,khop_dong_tac,-7.46593,-7.4663644,-7.803317,2.5537925
dance_010,D10_P015_T01,P015,29.4,77.1,96.4,171.3,poses/diffs\dance_010\D10_P015_T01_diff.npy,256,15,khop_dong_tac,-11.728287,1.0509306,-13.958987,4.2541957
dance_010,D10_P016_T01,P016,38.2,78.9,96.3,186.0,poses/diffs\dance_010\D10_P016_T01_diff.npy,256,15,khop_dong_tac,5.3116035,-4.2290735,9.97085,2.8495543
dance_010,D10_P017_T01,P017,28.2,79.0,95.1,170.4,poses/diffs\dance_010\D10_P017_T01_diff.npy,256,15,khop_dong_tac,-3.5634902,-8.184751,0.4557163,0.27818102
dance_010,D10_P018_T01,P018,49.3,81.5,85.4,198.6,poses/diffs\dance_010\D10_P018_T01_diff.npy,256,15,khop_dong_tac,2.1329443,-7.6065254,2.5794687,-3.877722
dance_010,D10_P019_T01,P019,41.2,80.9,87.3,186.9,poses/diffs\dance_010\D10_P019_T01_diff.npy,256,15,khop_dong_tac,-10.218304,-5.443553,-11.53195,2.6039796
dance_010,D10_P020_T01,P020,28.7,80.2,90.0,169.2,poses/diffs\dance_010\D10_P020_T01_diff.npy,256,15,khop_dong_tac,-8.93355,-6.7534213,-8.223924,3.1793535
dance_011,D11_P003_T01,P003,45.3,83.2,87.2,195.0,poses/diffs\dance_011\D11_P003_T01_diff.npy,256,15,khop_dong_tac,-6.4736953,-8.533083,-1.9176325,-6.90939
dance_011,D11_P004_T01,P004,39.7,78.1,94.4,186.6,poses/diffs\dance_011\D11_P004_T01_diff.npy,256,15,khop_dong_tac,1.1468277,-5.5024285,2.238798,0.35757333
dance_011,D11_P005_T01,P005,29.3,76.2,84.0,162.9,poses/diffs\dance_011\D11_P005_T01_diff.npy,256,15,khop_dong_tac,13.675145,9.402862,23.069948,-4.3596125
dance_011,D11_P006_T01,P006,43.6,79.5,96.7,195.0,poses/diffs\dance_011\D11_P006_T01_diff.npy,256,15,khop_dong_tac,9.344475,-1.332094,13.043107,-0.6874379
dance_011,D11_P007_T01,P007,22.5,72.8,73.3,143.1,poses/diffs\dance_011\D11_P007_T01_diff.npy,256,15,khop_dong_tac,-5.8370724,-9.2142515,-4.111827,-10.643095
dance_011,D11_P008_T01,P008,27.9,72.4,93.0,162.9,poses/diffs\dance_011\D11_P008_T01_diff.npy,256,15,khop_dong_tac,2.524176,-4.9201903,3.4513047,-9.5485935
dance_011,D11_P009_T01,P009,37.1,81.2,91.9,183.9,poses/diffs\dance_011\D11_P009_T01_diff.npy,256,15,khop_dong_tac,12.348909,5.664331,17.876781,-1.7019707
dance_011,D11_P010_T01,P010,52.0,79.3,93.3,205.5,poses/diffs\dance_011\D11_P010_T01_diff.npy,256,15,khop_dong_tac,12.494502,8.865741,27.13244,-10.0339575
dance_011,D11_P011_T01,P011,52.3,81.7,85.9,203.7,poses/diffs\dance_011\D11_P011_T01_diff.npy,256,15,khop_dong_tac,3.1327913,-6.8746123,5.072419,-4.731322
dance_011,D11_P012_T01,P012,21.4,70.1,73.3,139.2,poses/diffs\dance_011\D11_P012_T01_diff.npy,256,15,khop_dong_tac,-7.4074655,-9.292112,-5.131889,-11.214911
dance_011,D11_P013_T01,P013,43.6,81.6,86.3,190.5,poses/diffs\dance_011\D11_P013_T01_diff.npy,256,15,khop_dong_tac,12.406948,3.593814,16.199553,-2.3639443
dance_011,D11_P014_T01,P014,49.9,83.4,94.4,206.7,poses/diffs\dance_011\D11_P014_T01_diff.npy,256,15,khop_dong_tac,8.757178,-0.75461555,12.988428,0.393114
dance_011,D11_P015_T01,P015,41.8,77.9,97.8,191.4,poses/diffs\dance_011\D11_P015_T01_diff.npy,256,15,khop_dong_tac,10.24518,0.48595014,13.3870535,-1.2749557
dance_011,D11_P016_T01,P016,30.3,75.2,82.3,162.3,poses/diffs\dance_011\D11_P016_T01_diff.npy,256,15,khop_dong_tac,10.764457,-0.76848644,13.854396,-5.0347805
dance_011,D11_P017_T01,P017,45.3,82.0,91.9,196.8,poses/diffs\dance_011\D11_P017_T01_diff.npy,256,15,khop_dong_tac,8.072852,0.25237808,14.542451,1.7808905
dance_011,D11_P018_T01,P018,43.4,79.5,93.6,192.9,poses/diffs\dance_011\D11_P018_T01_diff.npy,256,15,khop_dong_tac,11.174134,1.7966223,12.043149,-2.345034
dance_011,D11_P019_T01,P019,42.9,82.0,92.1,193.5,poses/diffs\dance_011\D11_P019_T01_diff.npy,256,15,khop_dong_tac,5.521585,-5.6947746,6.8732753,-6.8368545
dance_011,D11_P020_T01,P020,40.2,81.6,95.5,191.1,poses/diffs\dance_011\D11_P020_T01_diff.npy,256,15,khop_dong_tac,9.410405,0.23941731,14.423128,-0.78005046
dance_012,D12_P003_T01,P003,41.7,73.5,86.4,180.6,poses/diffs\dance_012\D12_P003_T01_diff.npy,256,15,khop_dong_tac,13.989539,7.0969796,24.308842,-9.166336
dance_012,D12_P004_T01,P004,40.3,74.2,96.2,184.8,poses/diffs\dance_012\D12_P004_T01_diff.npy,256,15,khop_dong_tac,1.5859323,-7.7359276,3.3193908,1.3693421
dance_012,D12_P005_T01,P005,40.4,80.3,98.7,192.0,poses/diffs\dance_012\D12_P005_T01_diff.npy,256,15,khop_dong_tac,13.9118185,4.8432913,22.64744,-8.895676
dance_012,D12_P006_T01,P006,39.5,75.7,98.7,186.6,poses/diffs\dance_012\D12_P006_T01_diff.npy,256,15,khop_dong_tac,12.244205,2.9743073,18.210484,-8.846996
dance_012,D12_P008_T01,P008,13.1,73.9,98.7,145.2,poses/diffs\dance_012\D12_P008_T01_diff.npy,256,15,khop_dong_tac,12.007184,7.7594876,25.720274,-11.512188
dance_012,D12_P009_T01,P009,44.0,80.1,90.1,192.0,poses/diffs\dance_012\D12_P009_T01_diff.npy,256,15,khop_dong_tac,11.784495,0.5902824,14.838604,-3.3319104
dance_012,D12_P010_T01,P010,45.7,73.7,81.9,183.9,poses/diffs\dance_012\D12_P010_T01_diff.npy,256,15,khop_dong_tac,12.912484,8.232016,26.456154,-9.660384
dance_012,D12_P011_T01,P011,46.3,76.8,77.7,185.4,poses/diffs\dance_012\D12_P011_T01_diff.npy,256,15,khop_dong_tac,11.030919,-1.1654246,15.773778,-8.34739
dance_012,D12_P012_T01,P012,29.7,73.4,71.6,153.6,poses/diffs\dance_012\D12_P012_T01_diff.npy,256,15,khop_dong_tac,-4.655835,-10.106147,-4.5849786,-10.129043
dance_012,D12_P013_T01,P013,38.1,77.7,88.1,180.0,poses/diffs\dance_012\D12_P013_T01_diff.npy,256,15,khop_dong_tac,11.070635,0.7323297,17.22972,-8.75008
dance_012,D12_P014_T01,P014,44.5,76.0,94.5,192.0,poses/diffs\dance_012\D12_P014_T01_diff.npy,256,15,khop_dong_tac,15.137707,8.057957,24.74835,-7.144189
dance_012,D12_P015_T01,P015,45.1,80.3,88.7,193.2,poses/diffs\dance_012\D12_P015_T01_diff.npy,256,15,khop_dong_tac,9.123299,-2.1189675,11.0007105,2.153768
dance_012,D12_P016_T01,P016,28.2,79.0,95.9,170.7,poses/diffs\dance_012\D12_P016_T01_diff.npy,256,15,khop_dong_tac,13.990575,5.7387376,20.430466,-5.72412
dance_012,D12_P017_T01,P017,39.6,75.1,93.9,183.3,poses/diffs\dance_012\D12_P017_T01_diff.npy,256,15,khop_dong_tac,6.96617,-1.8656088,11.851711,-0.20439908
dance_012,D12_P018_T01,P018,41.1,80.2,85.9,185.4,poses/diffs\dance_012\D12_P018_T01_diff.npy,256,15,khop_dong_tac,11.838051,1.6514817,13.483164,-2.2004273
dance_012,D12_P019_T01,P019,41.9,78.2,96.2,190.8,poses/diffs\dance_012\D12_P019_T01_diff.npy,256,15,khop_dong_tac,8.90881,-4.3585086,8.455195,-2.9975007
dance_012,D12_P020_T01,P020,50.9,82.1,97.1,208.5,poses/diffs\dance_012\D12_P020_T01_diff.npy,256,15,khop_dong_tac,8.285716,-2.916283,10.396254,-2.1363466
