dance_id,video_id,person_id,khop_dong_tac,khop_nhip,nang_luong,tong_diem,diff_path,embed_dim,ckpt_epoch,ckpt_target,use_tta,pca_1,pca_2,tsne_1,tsne_2
dance_001,D01_P001_T01,P001,26.0,75.9,69.8,149.1,poses/diffs\dance_001\D01_P001_T01_diff.npy,256,25,khop_dong_tac,False,9.19003,-2.4589589,-7.6453953,10.220215
dance_001,D01_P002_T01,P002,36.8,77.9,95.3,182.4,poses/diffs\dance_001\D01_P002_T01_diff.npy,256,25,khop_dong_tac,False,1.4200246,-5.984819,2.1151974,0.5604109
dance_001,D01_P003_T01,P003,100.0,100.0,100.0,300.0,poses/diffs\dance_001\D01_P003_T01_diff.npy,256,25,khop_dong_tac,False,11.608513,-4.660624,-2.185995,6.611329
dance_001,D01_P004_T01,P004,36.8,77.9,95.3,182.4,poses/diffs\dance_001\D01_P004_T01_diff.npy,256,25,khop_dong_tac,False,1.4200283,-5.9848204,2.1152034,0.56041455
dance_001,D01_P005_T01,P005,44.9,77.7,83.1,187.2,poses/diffs\dance_001\D01_P005_T01_diff.npy,256,25,khop_dong_tac,False,5.83286,13.043083,-6.094713,24.31397
dance_001,D01_P006_T01,P006,42.1,80.6,82.4,185.1,poses/diffs\dance_001\D01_P006_T01_diff.npy,256,25,khop_dong_tac,False,9.781012,1.4492778,-5.914566,12.674383
dance_001,D01_P007_T01,P007,24.3,74.1,75.7,148.5,poses/diffs\dance_001\D01_P007_T01_diff.npy,256,25,khop_dong_tac,False,-7.647809,-7.905811,-0.9718785,-14.914181
dance_001,D01_P008_T01,P008,43.6,79.6,78.5,184.2,poses/diffs\dance_001\D01_P008_T01_diff.npy,256,25,khop_dong_tac,False,7.3114734,2.6581478,1.1044135,12.345719
dance_001,D01_P009_T01,P009,29.5,70.6,87.4,160.2,poses/diffs\dance_001\D01_P009_T01_diff.npy,256,25,khop_dong_tac,False,1.7582313,3.55065,6.970348,-2.920798
dance_001,D01_P010_T01,P010,38.6,75.2,85.8,177.0,poses/diffs\dance_001\D01_P010_T01_diff.npy,256,25,khop_dong_tac,False,5.458883,11.844217,-2.7467563,23.555355
dance_001,D01_P011_T01,P011,37.3,75.4,85.3,174.9,poses/diffs\dance_001\D01_P011_T01_diff.npy,256,25,khop_dong_tac,False,7.4728827,3.705597,-6.7198834,14.310664
dance_001,D01_P013_T01,P013,43.1,78.7,84.2,186.0,poses/diffs\dance_001\D01_P013_T01_diff.npy,256,25,khop_dong_tac,False,6.368046,11.598124,-5.053681,24.158386
dance_001,D01_P014_T01,P014,46.4,80.7,76.0,187.8,poses/diffs\dance_001\D01_P014_T01_diff.npy,256,25,khop_dong_tac,False,5.414467,5.1544485,3.938305,14.8865185
dance_001,D01_P015_T01,P015,33.1,66.9,80.2,158.1,poses/diffs\dance_001\D01_P015_T01_diff.npy,256,25,khop_dong_tac,False,-3.0144322,2.7116225,7.572591,-3.6528034
dance_001,D01_P016_T01,P016,22.5,74.7,93.9,157.5,poses/diffs\dance_001\D01_P016_T01_diff.npy,256,25,khop_dong_tac,False,5.6033516,9.763134,0.8967636,17.508408
dance_001,D01_P017_T01,P017,34.0,76.1,94.8,176.4,poses/diffs\dance_001\D01_P017_T01_diff.npy,256,25,khop_dong_tac,False,1.3068457,-6.3494987,1.6743826,-1.4701498
dance_001,D01_P018_T01,P018,34.9,77.0,75.5,166.8,poses/diffs\dance_001\D01_P018_T01_diff.npy,256,25,khop_dong_tac,False,1.8180073,-6.9809012,1.7847275,-0.70256823
dance_001,D01_P019_T01,P019,39.2,72.9,69.7,166.2,poses/diffs\dance_001\D01_P019_T01_diff.npy,256,25,khop_dong_tac,False,1.2639047,1.04357,6.5903482,-3.4351065
dance_001,D01_P020_T01,P020,37.9,76.2,84.7,176.1,poses/diffs\dance_001\D01_P020_T01_diff.npy,256,25,khop_dong_tac,False,4.634885,-1.31866,5.120258,-2.010344
dance_002,D02_P002_T01,P002,21.8,75.9,77.3,147.3,poses/diffs\dance_002\D02_P002_T01_diff.npy,256,25,khop_dong_tac,False,-13.183176,6.851014,5.264076,-34.18736
dance_002,D02_P003_T01,P003,16.5,67.7,81.3,134.4,poses/diffs\dance_002\D02_P003_T01_diff.npy,256,25,khop_dong_tac,False,4.332149,5.5291314,4.3302107,17.75692
dance_002,D02_P004_T01,P004,18.7,76.3,87.4,149.1,poses/diffs\dance_002\D02_P004_T01_diff.npy,256,25,khop_dong_tac,False,-13.043759,8.866425,7.3219266,-35.672607
dance_002,D02_P005_T01,P005,31.0,76.8,95.6,173.1,poses/diffs\dance_002\D02_P005_T01_diff.npy,256,25,khop_dong_tac,False,3.542652,-3.4046023,0.030301696,-4.6837854
dance_002,D02_P006_T01,P006,29.1,75.8,77.2,158.1,poses/diffs\dance_002\D02_P006_T01_diff.npy,256,25,khop_dong_tac,False,4.2942386,0.65562737,5.2610626,15.880755
dance_002,D02_P007_T01,P007,19.0,76.4,72.3,140.7,poses/diffs\dance_002\D02_P007_T01_diff.npy,256,25,khop_dong_tac,False,-13.264365,7.625871,5.6815734,-34.34979
dance_002,D02_P008_T01,P008,23.4,78.4,90.6,159.9,poses/diffs\dance_002\D02_P008_T01_diff.npy,256,25,khop_dong_tac,False,-13.526401,7.2709727,6.992865,-34.539856
dance_002,D02_P009_T01,P009,25.7,76.8,92.5,163.2,poses/diffs\dance_002\D02_P009_T01_diff.npy,256,25,khop_dong_tac,False,-12.779488,9.182173,8.388285,-35.355774
dance_002,D02_P010_T01,P010,24.6,78.4,97.6,165.9,poses/diffs\dance_002\D02_P010_T01_diff.npy,256,25,khop_dong_tac,False,1.1386786,3.441226,8.17372,-6.2898207
dance_002,D02_P011_T01,P011,26.3,73.9,80.2,153.9,poses/diffs\dance_002\D02_P011_T01_diff.npy,256,25,khop_dong_tac,False,-14.088392,0.13293807,4.252543,-18.68477
dance_002,D02_P012_T01,P012,21.0,72.4,68.4,137.7,poses/diffs\dance_002\D02_P012_T01_diff.npy,256,25,khop_dong_tac,False,5.472489,2.2495403,4.7878747,16.894783
dance_002,D02_P013_T01,P013,17.4,74.7,92.8,148.8,poses/diffs\dance_002\D02_P013_T01_diff.npy,256,25,khop_dong_tac,False,-10.977054,-0.09347786,5.006434,-17.865694
dance_002,D02_P014_T01,P014,31.3,78.7,92.8,173.4,poses/diffs\dance_002\D02_P014_T01_diff.npy,256,25,khop_dong_tac,False,-7.292567,3.6072526,8.5647135,-4.898436
dance_002,D02_P015_T01,P015,22.5,74.1,93.4,156.6,poses/diffs\dance_002\D02_P015_T01_diff.npy,256,25,khop_dong_tac,False,-11.803315,9.74799,9.137883,-35.703518
dance_002,D02_P016_T01,P016,18.4,75.2,89.6,149.1,poses/diffs\dance_002\D02_P016_T01_diff.npy,256,25,khop_dong_tac,False,-12.628361,8.803198,9.39383,-34.468624
dance_002,D02_P017_T01,P017,23.3,75.9,72.9,147.0,poses/diffs\dance_002\D02_P017_T01_diff.npy,256,25,khop_dong_tac,False,-11.490776,9.702532,8.275473,-36.47133
dance_002,D02_P018_T01,P018,21.0,75.1,80.3,147.3,poses/diffs\dance_002\D02_P018_T01_diff.npy,256,25,khop_dong_tac,False,-14.0411,7.7936134,8.754313,-34.141975
dance_002,D02_P019_T01,P019,36.8,76.8,78.7,171.6,poses/diffs\dance_002\D02_P019_T01_diff.npy,256,25,khop_dong_tac,False,-14.641315,6.6991563,8.349948,-33.393215
dance_002,D02_P020_T01,P020,16.2,77.4,95.9,151.5,poses/diffs\dance_002\D02_P020_T01_diff.npy,256,25,khop_dong_tac,False,-13.616394,8.087034,8.077943,-34.538425
dance_003,D03_P002_T01,P002,17.2,73.2,69.1,132.9,poses/diffs\dance_003\D03_P002_T01_diff.npy,256,25,khop_dong_tac,False,0.74342066,-5.767051,-14.822733,2.0440028
dance_003,D03_P003_T01,P003,36.3,78.5,97.9,183.9,poses/diffs\dance_003\D03_P003_T01_diff.npy,256,25,khop_dong_tac,False,4.5325823,14.525615,-5.156116,26.007765
dance_003,D03_P004_T01,P004,43.0,78.8,86.4,187.5,poses/diffs\dance_003\D03_P004_T01_diff.npy,256,25,khop_dong_tac,False,7.2663803,-9.313065,-3.7422476,2.9894967
dance_003,D03_P005_T01,P005,30.6,76.9,97.1,173.4,poses/diffs\dance_003\D03_P005_T01_diff.npy,256,25,khop_dong_tac,False,5.9682565,12.210057,-3.9313164,23.638506
dance_003,D03_P006_T01,P006,42.5,80.8,94.5,193.2,poses/diffs\dance_003\D03_P006_T01_diff.npy,256,25,khop_dong_tac,False,10.458231,2.481148,-4.9717374,11.504641
dance_003,D03_P008_T01,P008,13.2,76.0,98.8,147.6,poses/diffs\dance_003\D03_P008_T01_diff.npy,256,25,khop_dong_tac,False,3.219704,12.760285,-5.4023485,29.621027
dance_003,D03_P009_T01,P009,29.4,75.5,84.0,162.6,poses/diffs\dance_003\D03_P009_T01_diff.npy,256,25,khop_dong_tac,False,8.867492,7.8746433,-1.1380391,15.357526
dance_003,D03_P010_T01,P010,34.4,73.2,83.9,167.7,poses/diffs\dance_003\D03_P010_T01_diff.npy,256,25,khop_dong_tac,False,4.7001863,14.436689,-7.2885594,28.082792
dance_003,D03_P011_T01,P011,42.5,78.5,74.8,179.4,poses/diffs\dance_003\D03_P011_T01_diff.npy,256,25,khop_dong_tac,False,8.903973,-6.9977856,-4.622738,4.3148828
dance_003,D03_P012_T01,P012,25.7,73.0,72.9,147.9,poses/diffs\dance_003\D03_P012_T01_diff.npy,256,25,khop_dong_tac,False,-1.3910184,-7.650427,-15.456852,1.194539
dance_003,D03_P013_T01,P013,43.5,78.8,98.4,195.3,poses/diffs\dance_003\D03_P013_T01_diff.npy,256,25,khop_dong_tac,False,9.686094,-2.1441379,1.1160171,7.3683124
dance_003,D03_P014_T01,P014,43.0,77.2,91.9,189.0,poses/diffs\dance_003\D03_P014_T01_diff.npy,256,25,khop_dong_tac,False,7.6625113,4.5358796,2.1607585,13.976554
dance_003,D03_P015_T01,P015,41.0,78.7,88.6,185.4,poses/diffs\dance_003\D03_P015_T01_diff.npy,256,25,khop_dong_tac,False,10.627156,3.2381377,-1.406661,11.967063
dance_003,D03_P016_T01,P016,38.4,75.2,93.1,181.2,poses/diffs\dance_003\D03_P016_T01_diff.npy,256,25,khop_dong_tac,False,6.534683,12.072325,-5.647332,22.99205
dance_003,D03_P017_T01,P017,42.1,76.7,98.4,191.1,poses/diffs\dance_003\D03_P017_T01_diff.npy,256,25,khop_dong_tac,False,9.421891,-6.694403,-5.1005487,4.5774803
dance_003,D03_P018_T01,P018,43.5,77.9,99.3,195.0,poses/diffs\dance_003\D03_P018_T01_diff.npy,256,25,khop_dong_tac,False,7.763663,7.6178627,1.5465705,15.828956
dance_003,D03_P019_T01,P019,48.9,78.6,77.3,190.5,poses/diffs\dance_003\D03_P019_T01_diff.npy,256,25,khop_dong_tac,False,6.979182,1.3325211,3.6913095,13.396833
dance_003,D03_P020_T01,P020,37.4,77.9,95.0,183.0,poses/diffs\dance_003\D03_P020_T01_diff.npy,256,25,khop_dong_tac,False,9.597677,4.011516,-2.833151,13.965688
dance_004,D04_P002_T01,P002,24.7,74.4,72.1,147.3,poses/diffs\dance_004\D04_P002_T01_diff.npy,256,25,khop_dong_tac,False,2.191067,-10.361157,-5.3015413,-5.5235753
dance_004,D04_P003_T01,P003,22.3,69.4,97.2,154.2,poses/diffs\dance_004\D04_P003_T01_diff.npy,256,25,khop_dong_tac,False,0.01617434,-5.673669,-15.154194,4.174464
dance_004,D04_P004_T01,P004,29.7,75.4,93.6,168.6,poses/diffs\dance_004\D04_P004_T01_diff.npy,256,25,khop_dong_tac,False,6.078761,-6.5905414,-2.4190106,-4.2999115
dance_004,D04_P005_T01,P005,35.3,77.4,96.9,180.6,poses/diffs\dance_004\D04_P005_T01_diff.npy,256,25,khop_dong_tac,False,5.40834,-9.509189,-5.1376925,-4.3429127
dance_004,D04_P006_T01,P006,24.7,77.1,96.3,164.1,poses/diffs\dance_004\D04_P006_T01_diff.npy,256,25,khop_dong_tac,False,4.1380105,-8.375448,-4.1463547,-4.516571
dance_004,D04_P008_T01,P008,21.1,69.5,97.8,153.0,poses/diffs\dance_004\D04_P008_T01_diff.npy,256,25,khop_dong_tac,False,2.546364,-5.9964247,-0.88513654,-5.9965158
dance_004,D04_P009_T01,P009,27.3,70.2,89.4,157.8,poses/diffs\dance_004\D04_P009_T01_diff.npy,256,25,khop_dong_tac,False,-6.836889,-8.987763,0.2741618,-12.719228
dance_004,D04_P010_T01,P010,33.6,73.3,88.6,169.5,poses/diffs\dance_004\D04_P010_T01_diff.npy,256,25,khop_dong_tac,False,2.3416278,-2.16261,6.9983597,-6.949826
dance_004,D04_P011_T01,P011,37.2,77.4,92.3,180.9,poses/diffs\dance_004\D04_P011_T01_diff.npy,256,25,khop_dong_tac,False,5.522344,-5.19047,-1.0685894,-3.5762994
dance_004,D04_P012_T01,P012,20.7,71.9,73.0,139.5,poses/diffs\dance_004\D04_P012_T01_diff.npy,256,25,khop_dong_tac,False,2.6204796,-9.748304,-4.9570847,-5.6505113
dance_004,D04_P013_T01,P013,27.9,70.6,91.4,160.2,poses/diffs\dance_004\D04_P013_T01_diff.npy,256,25,khop_dong_tac,False,3.9640026,-7.012099,-1.9119358,-4.4134636
dance_004,D04_P014_T01,P014,20.6,72.1,90.1,149.7,poses/diffs\dance_004\D04_P014_T01_diff.npy,256,25,khop_dong_tac,False,0.47529587,-3.3722951,6.7604733,-7.570971
dance_004,D04_P015_T01,P015,31.3,72.0,91.3,166.5,poses/diffs\dance_004\D04_P015_T01_diff.npy,256,25,khop_dong_tac,False,2.6352305,-6.563404,-1.1706904,-6.0991573
dance_004,D04_P016_T01,P016,30.1,74.0,95.8,169.2,poses/diffs\dance_004\D04_P016_T01_diff.npy,256,25,khop_dong_tac,False,-7.0422187,-2.9127762,4.1592793,-7.313784
dance_004,D04_P017_T01,P017,2.8,66.9,96.6,122.4,poses/diffs\dance_004\D04_P017_T01_diff.npy,256,25,khop_dong_tac,False,-14.687824,2.919515,9.315377,-30.844458
dance_004,D04_P018_T01,P018,25.7,70.9,93.4,158.4,poses/diffs\dance_004\D04_P018_T01_diff.npy,256,25,khop_dong_tac,False,2.507087,-3.1644855,6.261908,-7.837726
dance_004,D04_P019_T01,P019,17.7,71.5,92.7,146.4,poses/diffs\dance_004\D04_P019_T01_diff.npy,256,25,khop_dong_tac,False,-13.667022,2.7797263,9.487513,-30.643635
dance_004,D04_P020_T01,P020,27.2,75.7,85.8,160.2,poses/diffs\dance_004\D04_P020_T01_diff.npy,256,25,khop_dong_tac,False,-11.071819,-0.6656853,3.5207636,-21.490635
dance_005,D05_P002_T01,P002,34.0,77.6,75.1,165.9,poses/diffs\dance_005\D05_P002_T01_diff.npy,256,25,khop_dong_tac,False,0.03568402,-5.201405,-15.572004,2.9050872
dance_005,D05_P003_T01,P003,48.4,81.0,85.6,197.1,poses/diffs\dance_005\D05_P003_T01_diff.npy,256,25,khop_dong_tac,False,9.682507,-5.373363,-4.7716875,5.8858447
dance_005,D05_P004_T01,P004,47.8,77.1,94.0,197.4,poses/diffs\dance_005\D05_P004_T01_diff.npy,256,25,khop_dong_tac,False,4.2515416,-9.440529,-9.180542,3.0850089
dance_005,D05_P005_T01,P005,48.5,76.1,83.0,191.1,poses/diffs\dance_005\D05_P005_T01_diff.npy,256,25,khop_dong_tac,False,3.6347868,13.110849,-6.492429,29.8001
dance_005,D05_P006_T01,P006,51.0,81.6,98.2,208.8,poses/diffs\dance_005\D05_P006_T01_diff.npy,256,25,khop_dong_tac,False,6.3217406,8.522275,-6.0258512,20.207943
dance_005,D05_P007_T01,P007,34.2,77.5,71.2,163.8,poses/diffs\dance_005\D05_P007_T01_diff.npy,256,25,khop_dong_tac,False,0.77407193,-5.1705356,-14.917837,2.978386
dance_005,D05_P008_T01,P008,29.4,75.6,79.9,159.9,poses/diffs\dance_005\D05_P008_T01_diff.npy,256,25,khop_dong_tac,False,3.5824728,14.230883,-6.9400153,29.059711
dance_005,D05_P009_T01,P009,43.5,81.6,90.4,192.9,poses/diffs\dance_005\D05_P009_T01_diff.npy,256,25,khop_dong_tac,False,7.8228526,5.4469724,-3.7109807,15.016952
dance_005,D05_P010_T01,P010,30.1,77.3,80.5,162.9,poses/diffs\dance_005\D05_P010_T01_diff.npy,256,25,khop_dong_tac,False,6.0898438,12.496506,-3.0786307,22.39687
dance_005,D05_P011_T01,P011,43.8,81.4,89.7,192.6,poses/diffs\dance_005\D05_P011_T01_diff.npy,256,25,khop_dong_tac,False,4.6497583,13.164281,-5.1878347,27.64299
dance_005,D05_P012_T01,P012,29.0,72.8,73.1,153.0,poses/diffs\dance_005\D05_P012_T01_diff.npy,256,25,khop_dong_tac,False,-0.4800511,-3.1598055,-16.206743,2.4255803
dance_005,D05_P013_T01,P013,39.0,79.6,85.3,181.5,poses/diffs\dance_005\D05_P013_T01_diff.npy,256,25,khop_dong_tac,False,10.376175,0.6721363,-3.701307,10.190028
dance_005,D05_P014_T01,P014,39.0,80.2,97.0,188.7,poses/diffs\dance_005\D05_P014_T01_diff.npy,256,25,khop_dong_tac,False,5.1701703,13.414403,-5.837965,25.091251
dance_005,D05_P015_T01,P015,46.4,82.0,93.9,199.8,poses/diffs\dance_005\D05_P015_T01_diff.npy,256,25,khop_dong_tac,False,4.110993,-5.48604,-12.043071,5.416338
dance_005,D05_P016_T01,P016,36.8,78.9,92.2,181.5,poses/diffs\dance_005\D05_P016_T01_diff.npy,256,25,khop_dong_tac,False,4.630948,13.999472,-4.682743,25.43224
dance_005,D05_P017_T01,P017,31.2,79.2,98.3,177.0,poses/diffs\dance_005\D05_P017_T01_diff.npy,256,25,khop_dong_tac,False,3.3372388,12.810193,-4.617471,28.950941
dance_005,D05_P018_T01,P018,44.6,78.9,88.9,191.4,poses/diffs\dance_005\D05_P018_T01_diff.npy,256,25,khop_dong_tac,False,7.8398657,6.5075617,0.18947987,15.707558
dance_005,D05_P019_T01,P019,44.3,80.6,84.9,189.9,poses/diffs\dance_005\D05_P019_T01_diff.npy,256,25,khop_dong_tac,False,7.284264,4.0651917,0.71558785,15.184259
dance_005,D05_P020_T01,P020,38.3,79.4,93.8,185.1,poses/diffs\dance_005\D05_P020_T01_diff.npy,256,25,khop_dong_tac,False,6.8455453,0.13224813,-8.713906,12.974744
dance_006,D06_P003_T01,P003,35.5,77.2,92.1,177.9,poses/diffs\dance_006\D06_P003_T01_diff.npy,256,25,khop_dong_tac,False,-13.818704,3.2847261,1.9257077,-30.53213
dance_006,D06_P004_T01,P004,55.0,80.6,97.5,213.6,poses/diffs\dance_006\D06_P004_T01_diff.npy,256,25,khop_dong_tac,False,-14.770064,2.0074892,1.804744,-29.507168
dance_006,D06_P005_T01,P005,46.6,79.9,95.2,198.9,poses/diffs\dance_006\D06_P005_T01_diff.npy,256,25,khop_dong_tac,False,-12.941023,-0.882991,3.2572496,-24.870565
dance_006,D06_P006_T01,P006,48.7,81.3,86.0,197.7,poses/diffs\dance_006\D06_P006_T01_diff.npy,256,25,khop_dong_tac,False,-13.096048,0.83913434,3.6971316,-25.865118
dance_006,D06_P007_T01,P007,26.7,70.6,70.7,146.1,poses/diffs\dance_006\D06_P007_T01_diff.npy,256,25,khop_dong_tac,False,-13.784801,-0.7766148,8.639357,-23.836916
dance_006,D06_P008_T01,P008,24.4,78.0,88.8,159.9,poses/diffs\dance_006\D06_P008_T01_diff.npy,256,25,khop_dong_tac,False,-10.394288,-0.3579492,4.5928426,-23.32884
dance_006,D06_P009_T01,P009,36.3,80.5,92.5,182.4,poses/diffs\dance_006\D06_P009_T01_diff.npy,256,25,khop_dong_tac,False,-13.183428,0.41876233,3.2948184,-26.837875
dance_006,D06_P010_T01,P010,34.3,76.1,89.7,173.7,poses/diffs\dance_006\D06_P010_T01_diff.npy,256,25,khop_dong_tac,False,-14.738405,2.6384034,5.3437004,-28.92015
dance_006,D06_P011_T01,P011,37.3,78.0,83.9,176.4,poses/diffs\dance_006\D06_P011_T01_diff.npy,256,25,khop_dong_tac,False,-6.2432075,-7.1372867,0.5757542,-15.283932
dance_006,D06_P013_T01,P013,39.8,81.5,93.6,189.3,poses/diffs\dance_006\D06_P013_T01_diff.npy,256,25,khop_dong_tac,False,-11.437866,-0.29477578,2.9274888,-23.798895
dance_006,D06_P014_T01,P014,46.1,81.5,92.3,198.0,poses/diffs\dance_006\D06_P014_T01_diff.npy,256,25,khop_dong_tac,False,-11.4172945,3.2622404,5.2615747,-25.027245
dance_006,D06_P015_T01,P015,44.8,79.2,92.4,193.8,poses/diffs\dance_006\D06_P015_T01_diff.npy,256,25,khop_dong_tac,False,-14.429429,3.7893078,4.119175,-29.948729
dance_006,D06_P016_T01,P016,33.9,77.9,98.6,180.0,poses/diffs\dance_006\D06_P016_T01_diff.npy,256,25,khop_dong_tac,False,-13.681623,1.2177274,3.0484498,-27.533915
dance_006,D06_P017_T01,P017,49.9,79.3,92.0,201.6,poses/diffs\dance_006\D06_P017_T01_diff.npy,256,25,khop_dong_tac,False,-13.392246,3.336562,5.4289303,-26.668242
dance_006,D06_P018_T01,P018,44.2,80.5,96.9,197.1,poses/diffs\dance_006\D06_P018_T01_diff.npy,256,25,khop_dong_tac,False,-13.486187,1.1601304,4.7888837,-28.217182
dance_006,D06_P019_T01,P019,46.5,80.0,88.3,194.7,poses/diffs\dance_006\D06_P019_T01_diff.npy,256,25,khop_dong_tac,False,-13.789288,2.3671591,3.8279998,-28.349363
dance_006,D06_P020_T01,P020,51.7,79.8,96.6,207.3,poses/diffs\dance_006\D06_P020_T01_diff.npy,256,25,khop_dong_tac,False,-13.620878,1.0563639,4.255977,-27.084843
dance_007,D07_P002_T01,P002,46.8,76.4,71.6,181.8,poses/diffs\dance_007\D07_P002_T01_diff.npy,256,25,khop_dong_tac,False,5.194728,-10.172089,-10.536122,1.3190962
dance_007,D07_P003_T01,P003,52.6,81.2,84.3,202.5,poses/diffs\dance_007\D07_P003_T01_diff.npy,256,25,khop_dong_tac,False,10.740508,-5.1341777,-3.5455637,6.7074733
dance_007,D07_P004_T01,P004,41.1,72.6,94.8,183.9,poses/diffs\dance_007\D07_P004_T01_diff.npy,256,25,khop_dong_tac,False,-12.904461,0.73927206,-0.49317285,-28.069418
dance_007,D07_P005_T01,P005,37.6,70.5,85.5,171.0,poses/diffs\dance_007\D07_P005_T01_diff.npy,256,25,khop_dong_tac,False,7.9567204,-8.048151,-8.286267,-2.6697555
dance_007,D07_P006_T01,P006,50.9,77.9,89.4,200.1,poses/diffs\dance_007\D07_P006_T01_diff.npy,256,25,khop_dong_tac,False,9.872473,-6.3606052,-5.8775797,5.986843
dance_007,D07_P008_T01,P008,44.4,76.4,92.3,190.8,poses/diffs\dance_007\D07_P008_T01_diff.npy,256,25,khop_dong_tac,False,9.693156,-5.209776,-3.008188,5.332419
dance_007,D07_P009_T01,P009,49.6,76.3,88.5,196.2,poses/diffs\dance_007\D07_P009_T01_diff.npy,256,25,khop_dong_tac,False,5.117797,-6.5652394,-8.866186,3.645774
dance_007,D07_P010_T01,P010,46.6,63.0,93.2,182.4,poses/diffs\dance_007\D07_P010_T01_diff.npy,256,25,khop_dong_tac,False,6.2823024,-5.040403,-0.52134,-1.4365795
dance_007,D07_P011_T01,P011,26.8,69.6,80.5,151.2,poses/diffs\dance_007\D07_P011_T01_diff.npy,256,25,khop_dong_tac,False,5.1200933,-4.7795305,0.6619279,0.11498775
dance_007,D07_P012_T01,P012,40.4,77.5,71.0,172.8,poses/diffs\dance_007\D07_P012_T01_diff.npy,256,25,khop_dong_tac,False,4.105781,-9.762581,-11.255435,1.5115625
dance_007,D07_P013_T01,P013,26.5,71.5,91.6,159.0,poses/diffs\dance_007\D07_P013_T01_diff.npy,256,25,khop_dong_tac,False,9.00284,-6.7490516,0.30685455,5.7357802
dance_007,D07_P014_T01,P014,30.6,72.0,89.8,164.7,poses/diffs\dance_007\D07_P014_T01_diff.npy,256,25,khop_dong_tac,False,-5.026637,-8.132577,-0.44955593,-15.494352
dance_007,D07_P015_T01,P015,50.0,75.7,91.5,198.0,poses/diffs\dance_007\D07_P015_T01_diff.npy,256,25,khop_dong_tac,False,2.0440066,-10.309831,-5.84604,-1.6166536
dance_007,D07_P016_T01,P016,30.4,66.9,93.8,162.0,poses/diffs\dance_007\D07_P016_T01_diff.npy,256,25,khop_dong_tac,False,-14.321413,2.8376164,3.206023,-29.434134
dance_007,D07_P017_T01,P017,45.0,75.8,98.0,194.4,poses/diffs\dance_007\D07_P017_T01_diff.npy,256,25,khop_dong_tac,False,6.643622,-6.403197,-2.035306,-0.44447365
dance_007,D07_P018_T01,P018,44.0,75.0,78.9,180.9,poses/diffs\dance_007\D07_P018_T01_diff.npy,256,25,khop_dong_tac,False,11.12275,-4.811516,-5.1479764,7.6653
dance_007,D07_P019_T01,P019,46.1,75.9,93.1,193.2,poses/diffs\dance_007\D07_P019_T01_diff.npy,256,25,khop_dong_tac,False,-14.039064,0.5114896,0.87036395,-26.73372
dance_007,D07_P020_T01,P020,51.8,76.3,82.1,195.6,poses/diffs\dance_007\D07_P020_T01_diff.npy,256,25,khop_dong_tac,False,11.050325,-4.8699665,-5.8136573,6.9187846
dance_008,D08_P002_T01,P002,34.5,80.1,78.4,171.0,poses/diffs\dance_008\D08_P002_T01_diff.npy,256,25,khop_dong_tac,False,-11.96222,-2.9395566,8.409309,-22.2154
dance_008,D08_P003_T01,P003,33.0,78.4,81.8,169.2,poses/diffs\dance_008\D08_P003_T01_diff.npy,256,25,khop_dong_tac,False,-11.463541,-0.77880853,1.5686951,-22.544708
dance_008,D08_P004_T01,P004,41.6,81.7,92.8,191.7,poses/diffs\dance_008\D08_P004_T01_diff.npy,256,25,khop_dong_tac,False,-13.92838,1.1815953,1.5721307,-27.650242
dance_008,D08_P005_T01,P005,40.1,82.5,78.7,181.5,poses/diffs\dance_008\D08_P005_T01_diff.npy,256,25,khop_dong_tac,False,4.111256,-5.2449436,-12.472799,4.442326
dance_008,D08_P006_T01,P006,31.0,76.9,30.3,133.8,poses/diffs\dance_008\D08_P006_T01_diff.npy,256,25,khop_dong_tac,False,5.864121,-4.2176323,-8.530183,9.382504
dance_008,D08_P007_T01,P007,33.3,77.8,77.7,166.5,poses/diffs\dance_008\D08_P007_T01_diff.npy,256,25,khop_dong_tac,False,-11.910079,-3.1211455,8.009427,-22.771877
dance_008,D08_P008_T01,P008,30.9,78.1,88.1,169.5,poses/diffs\dance_008\D08_P008_T01_diff.npy,256,25,khop_dong_tac,False,-10.462426,-2.3571677,5.1650667,-22.443834
dance_008,D08_P009_T01,P009,36.1,78.7,92.6,180.6,poses/diffs\dance_008\D08_P009_T01_diff.npy,256,25,khop_dong_tac,False,-12.340319,-0.044743825,1.7121195,-23.899246
dance_008,D08_P010_T01,P010,47.4,82.3,97.7,203.7,poses/diffs\dance_008\D08_P010_T01_diff.npy,256,25,khop_dong_tac,False,6.856952,1.327001,-8.067272,13.52472
dance_008,D08_P011_T01,P011,45.1,83.8,94.0,199.5,poses/diffs\dance_008\D08_P011_T01_diff.npy,256,25,khop_dong_tac,False,9.112871,0.46753475,-7.1605697,12.193079
dance_008,D08_P012_T01,P012,36.2,78.1,80.3,172.8,poses/diffs\dance_008\D08_P012_T01_diff.npy,256,25,khop_dong_tac,False,-12.277461,-3.0843472,8.805696,-22.526548
dance_008,D08_P013_T01,P013,42.2,82.3,91.7,192.3,poses/diffs\dance_008\D08_P013_T01_diff.npy,256,25,khop_dong_tac,False,8.174953,0.35323313,-8.327266,11.769048
dance_008,D08_P014_T01,P014,33.1,78.4,75.7,165.6,poses/diffs\dance_008\D08_P014_T01_diff.npy,256,25,khop_dong_tac,False,-6.810982,-4.185707,4.5168257,-13.776528
dance_008,D08_P015_T01,P015,41.0,77.9,95.8,189.0,poses/diffs\dance_008\D08_P015_T01_diff.npy,256,25,khop_dong_tac,False,-14.157352,1.8251007,0.6391633,-28.188568
dance_008,D08_P016_T01,P016,33.3,78.0,67.0,160.5,poses/diffs\dance_008\D08_P016_T01_diff.npy,256,25,khop_dong_tac,False,-10.244511,-2.476056,1.1855459,-21.347145
dance_008,D08_P017_T01,P017,39.4,80.1,92.9,186.9,poses/diffs\dance_008\D08_P017_T01_diff.npy,256,25,khop_dong_tac,False,-12.796728,-0.9474069,2.2524972,-24.82637
dance_008,D08_P018_T01,P018,36.8,80.8,93.5,184.2,poses/diffs\dance_008\D08_P018_T01_diff.npy,256,25,khop_dong_tac,False,-12.650918,-0.31838062,0.8247379,-24.214952
dance_008,D08_P019_T01,P019,51.3,83.7,80.1,200.4,poses/diffs\dance_008\D08_P019_T01_diff.npy,256,25,khop_dong_tac,False,-13.105259,0.39569077,0.73443246,-25.177383
dance_008,D08_P020_T01,P020,40.2,80.9,95.3,190.2,poses/diffs\dance_008\D08_P020_T01_diff.npy,256,25,khop_dong_tac,False,-13.45373,-0.06563938,1.4865165,-25.385685
dance_009,D09_P002_T01,P002,9.2,65.4,65.1,111.6,poses/diffs\dance_009\D09_P002_T01_diff.npy,256,25,khop_dong_tac,False,-7.306388,-7.6823993,-15.2280035,-1.4438047
dance_009,D09_P003_T01,P003,7.4,70.6,77.5,121.2,poses/diffs\dance_009\D09_P003_T01_diff.npy,256,25,khop_dong_tac,False,-4.149774,-10.591454,-0.5333183,-12.379409
dance_009,D09_P004_T01,P004,20.3,76.7,83.2,149.4,poses/diffs\dance_009\D09_P004_T01_diff.npy,256,25,khop_dong_tac,False,-8.633176,-5.8602543,4.0820537,-13.333848
dance_009,D09_P005_T01,P005,20.0,74.0,79.9,144.6,poses/diffs\dance_009\D09_P005_T01_diff.npy,256,25,khop_dong_tac,False,2.7715428,-6.7461624,1.5700138,-4.795369
dance_009,D09_P006_T01,P006,15.2,71.5,85.8,138.6,poses/diffs\dance_009\D09_P006_T01_diff.npy,256,25,khop_dong_tac,False,-4.1656623,-9.858275,-1.1196171,-13.070988
dance_009,D09_P008_T01,P008,22.3,70.5,78.2,144.0,poses/diffs\dance_009\D09_P008_T01_diff.npy,256,25,khop_dong_tac,False,1.0983608,-3.7134964,3.4863095,-5.7326865
dance_009,D09_P009_T01,P009,21.6,73.2,80.3,146.4,poses/diffs\dance_009\D09_P009_T01_diff.npy,256,25,khop_dong_tac,False,-1.3560148,-4.1108227,5.0319257,-6.487967
dance_009,D09_P010_T01,P010,16.9,72.5,74.3,135.0,poses/diffs\dance_009\D09_P010_T01_diff.npy,256,25,khop_dong_tac,False,5.2520475,8.270513,-7.3075476,20.312422
dance_009,D09_P011_T01,P011,14.9,72.0,72.5,130.8,poses/diffs\dance_009\D09_P011_T01_diff.npy,256,25,khop_dong_tac,False,-3.7718751,-10.552026,0.9580363,-10.696396
dance_009,D09_P013_T01,P013,10.3,67.9,73.6,120.6,poses/diffs\dance_009\D09_P013_T01_diff.npy,256,25,khop_dong_tac,False,4.2254033,-7.7741756,-2.5417356,-2.1486714
dance_009,D09_P014_T01,P014,24.6,75.8,77.3,151.5,poses/diffs\dance_009\D09_P014_T01_diff.npy,256,25,khop_dong_tac,False,-2.0779488,-2.4045699,6.0426364,-5.2516522
dance_009,D09_P015_T01,P015,14.6,71.4,77.0,132.3,poses/diffs\dance_009\D09_P015_T01_diff.npy,256,25,khop_dong_tac,False,-9.32354,4.042863,10.7877445,-29.859728
dance_009,D09_P016_T01,P016,21.9,74.2,85.0,150.6,poses/diffs\dance_009\D09_P016_T01_diff.npy,256,25,khop_dong_tac,False,-8.640101,-5.5629463,1.4353948,-14.197049
dance_009,D09_P017_T01,P017,19.3,76.4,87.9,150.6,poses/diffs\dance_009\D09_P017_T01_diff.npy,256,25,khop_dong_tac,False,-4.883736,-5.651153,1.7132239,-13.056599
dance_009,D09_P018_T01,P018,17.1,69.6,72.6,131.7,poses/diffs\dance_009\D09_P018_T01_diff.npy,256,25,khop_dong_tac,False,-1.4434825,-5.991107,2.203477,-5.2783484
dance_009,D09_P019_T01,P019,22.7,75.8,73.7,146.4,poses/diffs\dance_009\D09_P019_T01_diff.npy,256,25,khop_dong_tac,False,-3.9223385,-7.5165453,2.3594732,-11.186293
dance_009,D09_P020_T01,P020,18.0,74.0,76.3,139.5,poses/diffs\dance_009\D09_P020_T01_diff.npy,256,25,khop_dong_tac,False,-3.4862664,-9.046405,1.8637298,-11.175191
dance_010,D10_P002_T01,P002,21.2,74.4,72.5,142.2,poses/diffs\dance_010\D10_P002_T01_diff.npy,256,25,khop_dong_tac,False,0.019979276,-6.2443957,-16.848793,1.2310331
dance_010,D10_P003_T01,P003,38.4,78.3,91.6,183.0,poses/diffs\dance_010\D10_P003_T01_diff.npy,256,25,khop_dong_tac,False,7.077931,-1.616009,-10.3154745,11.2261915
dance_010,D10_P004_T01,P004,29.8,79.2,95.5,173.4,poses/diffs\dance_010\D10_P004_T01_diff.npy,256,25,khop_dong_tac,False,-12.604253,-2.1164799,2.695975,-19.115286
dance_010,D10_P005_T01,P005,26.3,78.3,92.5,165.6,poses/diffs\dance_010\D10_P005_T01_diff.npy,256,25,khop_dong_tac,False,-9.516446,-5.5641804,0.97480154,-17.739548
dance_010,D10_P006_T01,P006,33.9,81.2,84.9,174.6,poses/diffs\dance_010\D10_P006_T01_diff.npy,256,25,khop_dong_tac,False,3.0141792,-8.702398,-7.269649,0.9829801
dance_010,D10_P008_T01,P008,35.9,78.2,91.4,179.1,poses/diffs\dance_010\D10_P008_T01_diff.npy,256,25,khop_dong_tac,False,6.5453906,5.524515,-9.514653,16.149502
dance_010,D10_P009_T01,P009,35.9,80.9,80.5,174.9,poses/diffs\dance_010\D10_P009_T01_diff.npy,256,25,khop_dong_tac,False,6.7763147,3.5614338,-7.659939,16.16416
dance_010,D10_P010_T01,P010,49.8,78.0,85.1,195.9,poses/diffs\dance_010\D10_P010_T01_diff.npy,256,25,khop_dong_tac,False,5.9909015,4.470516,-8.169569,19.36065
dance_010,D10_P011_T01,P011,42.6,80.6,77.8,183.0,poses/diffs\dance_010\D10_P011_T01_diff.npy,256,25,khop_dong_tac,False,8.187786,6.4811563,-7.335087,17.50251
dance_010,D10_P012_T01,P012,22.4,76.5,75.4,147.6,poses/diffs\dance_010\D10_P012_T01_diff.npy,256,25,khop_dong_tac,False,-11.780181,-2.6098006,7.20436,-21.91262
dance_010,D10_P013_T01,P013,29.1,80.3,88.5,168.9,poses/diffs\dance_010\D10_P013_T01_diff.npy,256,25,khop_dong_tac,False,-11.850321,-1.8863925,1.9934831,-19.86221
dance_010,D10_P014_T01,P014,26.9,74.7,95.4,164.7,poses/diffs\dance_010\D10_P014_T01_diff.npy,256,25,khop_dong_tac,False,-1.5135455,-8.8974905,-0.9680275,-10.914855
dance_010,D10_P015_T01,P015,29.4,77.1,96.4,171.3,poses/diffs\dance_010\D10_P015_T01_diff.npy,256,25,khop_dong_tac,False,-10.76583,-2.9435835,2.2718267,-18.622534
dance_010,D10_P016_T01,P016,38.2,78.9,96.3,186.0,poses/diffs\dance_010\D10_P016_T01_diff.npy,256,25,khop_dong_tac,False,7.416058,-1.2157423,2.596689,7.6317115
dance_010,D10_P017_T01,P017,28.2,79.0,95.1,170.4,poses/diffs\dance_010\D10_P017_T01_diff.npy,256,25,khop_dong_tac,False,4.641979,-8.942507,-3.0718763,0.6525036
dance_010,D10_P018_T01,P018,49.3,81.5,85.4,198.6,poses/diffs\dance_010\D10_P018_T01_diff.npy,256,25,khop_dong_tac,False,7.5314207,-6.383064,-5.431902,1.4098072
dance_010,D10_P019_T01,P019,41.2,80.9,87.3,186.9,poses/diffs\dance_010\D10_P019_T01_diff.npy,256,25,khop_dong_tac,False,-8.1016035,-5.947161,0.51095176,-16.998388
dance_010,D10_P020_T01,P020,28.7,80.2,90.0,169.2,poses/diffs\dance_010\D10_P020_T01_diff.npy,256,25,khop_dong_tac,False,-6.6474743,-6.3363147,-0.5737455,-16.985285
dance_011,D11_P003_T01,P003,45.3,83.2,87.2,195.0,poses/diffs\dance_011\D11_P003_T01_diff.npy,256,25,khop_dong_tac,False,0.03774446,-10.246694,-8.09085,0.4519453
dance_011,D11_P004_T01,P004,39.7,78.1,94.4,186.6,poses/diffs\dance_011\D11_P004_T01_diff.npy,256,25,khop_dong_tac,False,6.820935,-7.434268,-2.857906,2.3590534
dance_011,D11_P005_T01,P005,29.3,76.2,84.0,162.9,poses/diffs\dance_011\D11_P005_T01_diff.npy,256,25,khop_dong_tac,False,3.3565443,15.225701,-3.077515,25.947485
dance_011,D11_P006_T01,P006,43.6,79.5,96.7,195.0,poses/diffs\dance_011\D11_P006_T01_diff.npy,256,25,khop_dong_tac,False,9.985992,-1.3383825,-0.2721242,10.313555
dance_011,D11_P007_T01,P007,22.5,72.8,73.3,143.1,poses/diffs\dance_011\D11_P007_T01_diff.npy,256,25,khop_dong_tac,False,-0.92105204,-7.9719415,-15.977825,0.6480906
dance_011,D11_P008_T01,P008,27.9,72.4,93.0,162.9,poses/diffs\dance_011\D11_P008_T01_diff.npy,256,25,khop_dong_tac,False,5.5193753,-2.553729,-11.651344,6.215189
dance_011,D11_P009_T01,P009,37.1,81.2,91.9,183.9,poses/diffs\dance_011\D11_P009_T01_diff.npy,256,25,khop_dong_tac,False,8.621973,4.3158693,1.4010322,13.707699
dance_011,D11_P010_T01,P010,52.0,79.3,93.3,205.5,poses/diffs\dance_011\D11_P010_T01_diff.npy,256,25,khop_dong_tac,False,4.175731,13.363711,-5.949385,28.631275
dance_011,D11_P011_T01,P011,52.3,81.7,85.9,203.7,poses/diffs\dance_011\D11_P011_T01_diff.npy,256,25,khop_dong_tac,False,8.889474,-5.628009,-6.460335,4.7155194
dance_011,D11_P012_T01,P012,21.4,70.1,73.3,139.2,poses/diffs\dance_011\D11_P012_T01_diff.npy,256,25,khop_dong_tac,False,-2.969599,-8.699955,-15.553611,0.007130777
dance_011,D11_P013_T01,P013,43.6,81.6,86.3,190.5,poses/diffs\dance_011\D11_P013_T01_diff.npy,256,25,khop_dong_tac,False,9.896329,3.241361,-0.78436375,12.68111
dance_011,D11_P014_T01,P014,49.9,83.4,94.4,206.7,poses/diffs\dance_011\D11_P014_T01_diff.npy,256,25,khop_dong_tac,False,9.47172,-1.6389158,-0.60314465,9.372671
dance_011,D11_P015_T01,P015,41.8,77.9,97.8,191.4,poses/diffs\dance_011\D11_P015_T01_diff.npy,256,25,khop_dong_tac,False,9.833801,-0.53633875,-0.7255919,10.544829
dance_011,D11_P016_T01,P016,30.3,75.2,82.3,162.3,poses/diffs\dance_011\D11_P016_T01_diff.npy,256,25,khop_dong_tac,False,9.895532,2.269858,-4.294092,13.001994
dance_011,D11_P017_T01,P017,45.3,82.0,91.9,196.8,poses/diffs\dance_011\D11_P017_T01_diff.npy,256,25,khop_dong_tac,False,7.104712,-0.12116607,2.8388622,12.391806
dance_011,D11_P018_T01,P018,43.4,79.5,93.6,192.9,poses/diffs\dance_011\D11_P018_T01_diff.npy,256,25,khop_dong_tac,False,10.139728,0.78654444,-2.1059918,9.09024
dance_011,D11_P019_T01,P019,42.9,82.0,92.1,193.5,poses/diffs\dance_011\D11_P019_T01_diff.npy,256,25,khop_dong_tac,False,9.956593,-3.7591443,-7.081516,6.6961384
dance_011,D11_P020_T01,P020,40.2,81.6,95.5,191.1,poses/diffs\dance_011\D11_P020_T01_diff.npy,256,25,khop_dong_tac,False,8.505541,1.7744735,0.4430092,11.743816
dance_012,D12_P003_T01,P003,41.7,73.5,86.4,180.6,poses/diffs\dance_012\D12_P003_T01_diff.npy,256,25,khop_dong_tac,False,5.1310086,12.511291,-7.0948215,25.768202
dance_012,D12_P004_T01,P004,40.3,74.2,96.2,184.8,poses/diffs\dance_012\D12_P004_T01_diff.npy,256,25,khop_dong_tac,False,6.5132194,-7.310718,-2.9270403,0.028596714
dance_012,D12_P005_T01,P005,40.4,80.3,98.7,192.0,poses/diffs\dance_012\D12_P005_T01_diff.npy,256,25,khop_dong_tac,False,5.2439647,11.187879,-7.3659964,24.375074
dance_012,D12_P006_T01,P006,39.5,75.7,98.7,186.6,poses/diffs\dance_012\D12_P006_T01_diff.npy,256,25,khop_dong_tac,False,7.4347906,7.576384,-6.9050875,18.280926
dance_012,D12_P008_T01,P008,13.1,73.9,98.7,145.2,poses/diffs\dance_012\D12_P008_T01_diff.npy,256,25,khop_dong_tac,False,2.823356,13.119,-4.0832543,29.561062
dance_012,D12_P009_T01,P009,44.0,80.1,90.1,192.0,poses/diffs\dance_012\D12_P009_T01_diff.npy,256,25,khop_dong_tac,False,9.841721,2.9406536,-2.9202998,13.298473
dance_012,D12_P010_T01,P010,45.7,73.7,81.9,183.9,poses/diffs\dance_012\D12_P010_T01_diff.npy,256,25,khop_dong_tac,False,4.236745,13.106275,-6.269647,28.099184
dance_012,D12_P011_T01,P011,46.3,76.8,77.7,185.4,poses/diffs\dance_012\D12_P011_T01_diff.npy,256,25,khop_dong_tac,False,7.5473905,5.8947263,-6.8638825,16.680525
dance_012,D12_P012_T01,P012,29.7,73.4,71.6,153.6,poses/diffs\dance_012\D12_P012_T01_diff.npy,256,25,khop_dong_tac,False,0.041089933,-6.945572,-14.684769,0.69972014
dance_012,D12_P013_T01,P013,38.1,77.7,88.1,180.0,poses/diffs\dance_012\D12_P013_T01_diff.npy,256,25,khop_dong_tac,False,7.782451,5.8547344,-6.3087587,18.7989
dance_012,D12_P014_T01,P014,44.5,76.0,94.5,192.0,poses/diffs\dance_012\D12_P014_T01_diff.npy,256,25,khop_dong_tac,False,4.1153607,14.199758,-6.06934,26.497728
dance_012,D12_P015_T01,P015,45.1,80.3,88.7,193.2,poses/diffs\dance_012\D12_P015_T01_diff.npy,256,25,khop_dong_tac,False,9.563667,-1.2751164,1.5666411,7.5874395
dance_012,D12_P016_T01,P016,28.2,79.0,95.9,170.7,poses/diffs\dance_012\D12_P016_T01_diff.npy,256,25,khop_dong_tac,False,7.0566244,11.22872,-4.354132,22.488844
dance_012,D12_P017_T01,P017,39.6,75.1,93.9,183.3,poses/diffs\dance_012\D12_P017_T01_diff.npy,256,25,khop_dong_tac,False,7.40617,0.12028267,1.5933867,11.357452
dance_012,D12_P018_T01,P018,41.1,80.2,85.9,185.4,poses/diffs\dance_012\D12_P018_T01_diff.npy,256,25,khop_dong_tac,False,11.075408,0.5389963,-2.0600176,10.360201
dance_012,D12_P019_T01,P019,41.9,78.2,96.2,190.8,poses/diffs\dance_012\D12_P019_T01_diff.npy,256,25,khop_dong_tac,False,10.8209,-3.4846041,-4.400761,7.088508
dance_012,D12_P020_T01,P020,50.9,82.1,97.1,208.5,poses/diffs\dance_012\D12_P020_T01_diff.npy,256,25,khop_dong_tac,False,10.402277,-3.9414823,-3.4983673,7.80939
