dance_id,video_id,person_id,khop_dong_tac,khop_nhip,nang_luong,tong_diem,diff_path,embed_dim,ckpt_epoch,ckpt_target,use_tta
dance_001,D01_P001_T01,P001,26.0,75.9,69.8,149.1,poses/diffs\dance_001\D01_P001_T01_diff.npy,256,25,khop_dong_tac,False
dance_001,D01_P002_T01,P002,36.8,77.9,95.3,182.4,poses/diffs\dance_001\D01_P002_T01_diff.npy,256,25,khop_dong_tac,False
dance_001,D01_P003_T01,P003,100.0,100.0,100.0,300.0,poses/diffs\dance_001\D01_P003_T01_diff.npy,256,25,khop_dong_tac,False
dance_001,D01_P004_T01,P004,36.8,77.9,95.3,182.4,poses/diffs\dance_001\D01_P004_T01_diff.npy,256,25,khop_dong_tac,False
dance_001,D01_P005_T01,P005,44.9,77.7,83.1,187.2,poses/diffs\dance_001\D01_P005_T01_diff.npy,256,25,khop_dong_tac,False
dance_001,D01_P006_T01,P006,42.1,80.6,82.4,185.1,poses/diffs\dance_001\D01_P006_T01_diff.npy,256,25,khop_dong_tac,False
dance_001,D01_P007_T01,P007,24.3,74.1,75.7,148.5,poses/diffs\dance_001\D01_P007_T01_diff.npy,256,25,khop_dong_tac,False
dance_001,D01_P008_T01,P008,43.6,79.6,78.5,184.2,poses/diffs\dance_001\D01_P008_T01_diff.npy,256,25,khop_dong_tac,False
dance_001,D01_P009_T01,P009,29.5,70.6,87.4,160.2,poses/diffs\dance_001\D01_P009_T01_diff.npy,256,25,khop_dong_tac,False
dance_001,D01_P010_T01,P010,38.6,75.2,85.8,177.0,poses/diffs\dance_001\D01_P010_T01_diff.npy,256,25,khop_dong_tac,False
dance_001,D01_P011_T01,P011,37.3,75.4,85.3,174.9,poses/diffs\dance_001\D01_P011_T01_diff.npy,256,25,khop_dong_tac,False
dance_001,D01_P013_T01,P013,43.1,78.7,84.2,186.0,poses/diffs\dance_001\D01_P013_T01_diff.npy,256,25,khop_dong_tac,False
dance_001,D01_P014_T01,P014,46.4,80.7,76.0,187.8,poses/diffs\dance_001\D01_P014_T01_diff.npy,256,25,khop_dong_tac,False
dance_001,D01_P015_T01,P015,33.1,66.9,80.2,158.1,poses/diffs\dance_001\D01_P015_T01_diff.npy,256,25,khop_dong_tac,False
dance_001,D01_P016_T01,P016,22.5,74.7,93.9,157.5,poses/diffs\dance_001\D01_P016_T01_diff.npy,256,25,khop_dong_tac,False
dance_001,D01_P017_T01,P017,34.0,76.1,94.8,176.4,poses/diffs\dance_001\D01_P017_T01_diff.npy,256,25,khop_dong_tac,False
dance_001,D01_P018_T01,P018,34.9,77.0,75.5,166.8,poses/diffs\dance_001\D01_P018_T01_diff.npy,256,25,khop_dong_tac,False
dance_001,D01_P019_T01,P019,39.2,72.9,69.7,166.2,poses/diffs\dance_001\D01_P019_T01_diff.npy,256,25,khop_dong_tac,False
dance_001,D01_P020_T01,P020,37.9,76.2,84.7,176.1,poses/diffs\dance_001\D01_P020_T01_diff.npy,256,25,khop_dong_tac,False
dance_002,D02_P002_T01,P002,21.8,75.9,77.3,147.3,poses/diffs\dance_002\D02_P002_T01_diff.npy,256,25,khop_dong_tac,False
dance_002,D02_P003_T01,P003,16.5,67.7,81.3,134.4,poses/diffs\dance_002\D02_P003_T01_diff.npy,256,25,khop_dong_tac,False
dance_002,D02_P004_T01,P004,18.7,76.3,87.4,149.1,poses/diffs\dance_002\D02_P004_T01_diff.npy,256,25,khop_dong_tac,False
dance_002,D02_P005_T01,P005,31.0,76.8,95.6,173.1,poses/diffs\dance_002\D02_P005_T01_diff.npy,256,25,khop_dong_tac,False
dance_002,D02_P006_T01,P006,29.1,75.8,77.2,158.1,poses/diffs\dance_002\D02_P006_T01_diff.npy,256,25,khop_dong_tac,False
dance_002,D02_P007_T01,P007,19.0,76.4,72.3,140.7,poses/diffs\dance_002\D02_P007_T01_diff.npy,256,25,khop_dong_tac,False
dance_002,D02_P008_T01,P008,23.4,78.4,90.6,159.9,poses/diffs\dance_002\D02_P008_T01_diff.npy,256,25,khop_dong_tac,False
dance_002,D02_P009_T01,P009,25.7,76.8,92.5,163.2,poses/diffs\dance_002\D02_P009_T01_diff.npy,256,25,khop_dong_tac,False
dance_002,D02_P010_T01,P010,24.6,78.4,97.6,165.9,poses/diffs\dance_002\D02_P010_T01_diff.npy,256,25,khop_dong_tac,False
dance_002,D02_P011_T01,P011,26.3,73.9,80.2,153.9,poses/diffs\dance_002\D02_P011_T01_diff.npy,256,25,khop_dong_tac,False
dance_002,D02_P012_T01,P012,21.0,72.4,68.4,137.7,poses/diffs\dance_002\D02_P012_T01_diff.npy,256,25,khop_dong_tac,False
dance_002,D02_P013_T01,P013,17.4,74.7,92.8,148.8,poses/diffs\dance_002\D02_P013_T01_diff.npy,256,25,khop_dong_tac,False
dance_002,D02_P014_T01,P014,31.3,78.7,92.8,173.4,poses/diffs\dance_002\D02_P014_T01_diff.npy,256,25,khop_dong_tac,False
dance_002,D02_P015_T01,P015,22.5,74.1,93.4,156.6,poses/diffs\dance_002\D02_P015_T01_diff.npy,256,25,khop_dong_tac,False
dance_002,D02_P016_T01,P016,18.4,75.2,89.6,149.1,poses/diffs\dance_002\D02_P016_T01_diff.npy,256,25,khop_dong_tac,False
dance_002,D02_P017_T01,P017,23.3,75.9,72.9,147.0,poses/diffs\dance_002\D02_P017_T01_diff.npy,256,25,khop_dong_tac,False
dance_002,D02_P018_T01,P018,21.0,75.1,80.3,147.3,poses/diffs\dance_002\D02_P018_T01_diff.npy,256,25,khop_dong_tac,False
dance_002,D02_P019_T01,P019,36.8,76.8,78.7,171.6,poses/diffs\dance_002\D02_P019_T01_diff.npy,256,25,khop_dong_tac,False
dance_002,D02_P020_T01,P020,16.2,77.4,95.9,151.5,poses/diffs\dance_002\D02_P020_T01_diff.npy,256,25,khop_dong_tac,False
dance_003,D03_P002_T01,P002,17.2,73.2,69.1,132.9,poses/diffs\dance_003\D03_P002_T01_diff.npy,256,25,khop_dong_tac,False
dance_003,D03_P003_T01,P003,36.3,78.5,97.9,183.9,poses/diffs\dance_003\D03_P003_T01_diff.npy,256,25,khop_dong_tac,False
dance_003,D03_P004_T01,P004,43.0,78.8,86.4,187.5,poses/diffs\dance_003\D03_P004_T01_diff.npy,256,25,khop_dong_tac,False
dance_003,D03_P005_T01,P005,30.6,76.9,97.1,173.4,poses/diffs\dance_003\D03_P005_T01_diff.npy,256,25,khop_dong_tac,False
dance_003,D03_P006_T01,P006,42.5,80.8,94.5,193.2,poses/diffs\dance_003\D03_P006_T01_diff.npy,256,25,khop_dong_tac,False
dance_003,D03_P008_T01,P008,13.2,76.0,98.8,147.6,poses/diffs\dance_003\D03_P008_T01_diff.npy,256,25,khop_dong_tac,False
dance_003,D03_P009_T01,P009,29.4,75.5,84.0,162.6,poses/diffs\dance_003\D03_P009_T01_diff.npy,256,25,khop_dong_tac,False
dance_003,D03_P010_T01,P010,34.4,73.2,83.9,167.7,poses/diffs\dance_003\D03_P010_T01_diff.npy,256,25,khop_dong_tac,False
dance_003,D03_P011_T01,P011,42.5,78.5,74.8,179.4,poses/diffs\dance_003\D03_P011_T01_diff.npy,256,25,khop_dong_tac,False
dance_003,D03_P012_T01,P012,25.7,73.0,72.9,147.9,poses/diffs\dance_003\D03_P012_T01_diff.npy,256,25,khop_dong_tac,False
dance_003,D03_P013_T01,P013,43.5,78.8,98.4,195.3,poses/diffs\dance_003\D03_P013_T01_diff.npy,256,25,khop_dong_tac,False
dance_003,D03_P014_T01,P014,43.0,77.2,91.9,189.0,poses/diffs\dance_003\D03_P014_T01_diff.npy,256,25,khop_dong_tac,False
dance_003,D03_P015_T01,P015,41.0,78.7,88.6,185.4,poses/diffs\dance_003\D03_P015_T01_diff.npy,256,25,khop_dong_tac,False
dance_003,D03_P016_T01,P016,38.4,75.2,93.1,181.2,poses/diffs\dance_003\D03_P016_T01_diff.npy,256,25,khop_dong_tac,False
dance_003,D03_P017_T01,P017,42.1,76.7,98.4,191.1,poses/diffs\dance_003\D03_P017_T01_diff.npy,256,25,khop_dong_tac,False
dance_003,D03_P018_T01,P018,43.5,77.9,99.3,195.0,poses/diffs\dance_003\D03_P018_T01_diff.npy,256,25,khop_dong_tac,False
dance_003,D03_P019_T01,P019,48.9,78.6,77.3,190.5,poses/diffs\dance_003\D03_P019_T01_diff.npy,256,25,khop_dong_tac,False
dance_003,D03_P020_T01,P020,37.4,77.9,95.0,183.0,poses/diffs\dance_003\D03_P020_T01_diff.npy,256,25,khop_dong_tac,False
dance_004,D04_P002_T01,P002,24.7,74.4,72.1,147.3,poses/diffs\dance_004\D04_P002_T01_diff.npy,256,25,khop_dong_tac,False
dance_004,D04_P003_T01,P003,22.3,69.4,97.2,154.2,poses/diffs\dance_004\D04_P003_T01_diff.npy,256,25,khop_dong_tac,False
dance_004,D04_P004_T01,P004,29.7,75.4,93.6,168.6,poses/diffs\dance_004\D04_P004_T01_diff.npy,256,25,khop_dong_tac,False
dance_004,D04_P005_T01,P005,35.3,77.4,96.9,180.6,poses/diffs\dance_004\D04_P005_T01_diff.npy,256,25,khop_dong_tac,False
dance_004,D04_P006_T01,P006,24.7,77.1,96.3,164.1,poses/diffs\dance_004\D04_P006_T01_diff.npy,256,25,khop_dong_tac,False
dance_004,D04_P008_T01,P008,21.1,69.5,97.8,153.0,poses/diffs\dance_004\D04_P008_T01_diff.npy,256,25,khop_dong_tac,False
dance_004,D04_P009_T01,P009,27.3,70.2,89.4,157.8,poses/diffs\dance_004\D04_P009_T01_diff.npy,256,25,khop_dong_tac,False
dance_004,D04_P010_T01,P010,33.6,73.3,88.6,169.5,poses/diffs\dance_004\D04_P010_T01_diff.npy,256,25,khop_dong_tac,False
dance_004,D04_P011_T01,P011,37.2,77.4,92.3,180.9,poses/diffs\dance_004\D04_P011_T01_diff.npy,256,25,khop_dong_tac,False
dance_004,D04_P012_T01,P012,20.7,71.9,73.0,139.5,poses/diffs\dance_004\D04_P012_T01_diff.npy,256,25,khop_dong_tac,False
dance_004,D04_P013_T01,P013,27.9,70.6,91.4,160.2,poses/diffs\dance_004\D04_P013_T01_diff.npy,256,25,khop_dong_tac,False
dance_004,D04_P014_T01,P014,20.6,72.1,90.1,149.7,poses/diffs\dance_004\D04_P014_T01_diff.npy,256,25,khop_dong_tac,False
dance_004,D04_P015_T01,P015,31.3,72.0,91.3,166.5,poses/diffs\dance_004\D04_P015_T01_diff.npy,256,25,khop_dong_tac,False
dance_004,D04_P016_T01,P016,30.1,74.0,95.8,169.2,poses/diffs\dance_004\D04_P016_T01_diff.npy,256,25,khop_dong_tac,False
dance_004,D04_P017_T01,P017,2.8,66.9,96.6,122.4,poses/diffs\dance_004\D04_P017_T01_diff.npy,256,25,khop_dong_tac,False
dance_004,D04_P018_T01,P018,25.7,70.9,93.4,158.4,poses/diffs\dance_004\D04_P018_T01_diff.npy,256,25,khop_dong_tac,False
dance_004,D04_P019_T01,P019,17.7,71.5,92.7,146.4,poses/diffs\dance_004\D04_P019_T01_diff.npy,256,25,khop_dong_tac,False
dance_004,D04_P020_T01,P020,27.2,75.7,85.8,160.2,poses/diffs\dance_004\D04_P020_T01_diff.npy,256,25,khop_dong_tac,False
dance_005,D05_P002_T01,P002,34.0,77.6,75.1,165.9,poses/diffs\dance_005\D05_P002_T01_diff.npy,256,25,khop_dong_tac,False
dance_005,D05_P003_T01,P003,48.4,81.0,85.6,197.1,poses/diffs\dance_005\D05_P003_T01_diff.npy,256,25,khop_dong_tac,False
dance_005,D05_P004_T01,P004,47.8,77.1,94.0,197.4,poses/diffs\dance_005\D05_P004_T01_diff.npy,256,25,khop_dong_tac,False
dance_005,D05_P005_T01,P005,48.5,76.1,83.0,191.1,poses/diffs\dance_005\D05_P005_T01_diff.npy,256,25,khop_dong_tac,False
dance_005,D05_P006_T01,P006,51.0,81.6,98.2,208.8,poses/diffs\dance_005\D05_P006_T01_diff.npy,256,25,khop_dong_tac,False
dance_005,D05_P007_T01,P007,34.2,77.5,71.2,163.8,poses/diffs\dance_005\D05_P007_T01_diff.npy,256,25,khop_dong_tac,False
dance_005,D05_P008_T01,P008,29.4,75.6,79.9,159.9,poses/diffs\dance_005\D05_P008_T01_diff.npy,256,25,khop_dong_tac,False
dance_005,D05_P009_T01,P009,43.5,81.6,90.4,192.9,poses/diffs\dance_005\D05_P009_T01_diff.npy,256,25,khop_dong_tac,False
dance_005,D05_P010_T01,P010,30.1,77.3,80.5,162.9,poses/diffs\dance_005\D05_P010_T01_diff.npy,256,25,khop_dong_tac,False
dance_005,D05_P011_T01,P011,43.8,81.4,89.7,192.6,poses/diffs\dance_005\D05_P011_T01_diff.npy,256,25,khop_dong_tac,False
dance_005,D05_P012_T01,P012,29.0,72.8,73.1,153.0,poses/diffs\dance_005\D05_P012_T01_diff.npy,256,25,khop_dong_tac,False
dance_005,D05_P013_T01,P013,39.0,79.6,85.3,181.5,poses/diffs\dance_005\D05_P013_T01_diff.npy,256,25,khop_dong_tac,False
dance_005,D05_P014_T01,P014,39.0,80.2,97.0,188.7,poses/diffs\dance_005\D05_P014_T01_diff.npy,256,25,khop_dong_tac,False
dance_005,D05_P015_T01,P015,46.4,82.0,93.9,199.8,poses/diffs\dance_005\D05_P015_T01_diff.npy,256,25,khop_dong_tac,False
dance_005,D05_P016_T01,P016,36.8,78.9,92.2,181.5,poses/diffs\dance_005\D05_P016_T01_diff.npy,256,25,khop_dong_tac,False
dance_005,D05_P017_T01,P017,31.2,79.2,98.3,177.0,poses/diffs\dance_005\D05_P017_T01_diff.npy,256,25,khop_dong_tac,False
dance_005,D05_P018_T01,P018,44.6,78.9,88.9,191.4,poses/diffs\dance_005\D05_P018_T01_diff.npy,256,25,khop_dong_tac,False
dance_005,D05_P019_T01,P019,44.3,80.6,84.9,189.9,poses/diffs\dance_005\D05_P019_T01_diff.npy,256,25,khop_dong_tac,False
dance_005,D05_P020_T01,P020,38.3,79.4,93.8,185.1,poses/diffs\dance_005\D05_P020_T01_diff.npy,256,25,khop_dong_tac,False
dance_006,D06_P003_T01,P003,35.5,77.2,92.1,177.9,poses/diffs\dance_006\D06_P003_T01_diff.npy,256,25,khop_dong_tac,False
dance_006,D06_P004_T01,P004,55.0,80.6,97.5,213.6,poses/diffs\dance_006\D06_P004_T01_diff.npy,256,25,khop_dong_tac,False
dance_006,D06_P005_T01,P005,46.6,79.9,95.2,198.9,poses/diffs\dance_006\D06_P005_T01_diff.npy,256,25,khop_dong_tac,False
dance_006,D06_P006_T01,P006,48.7,81.3,86.0,197.7,poses/diffs\dance_006\D06_P006_T01_diff.npy,256,25,khop_dong_tac,False
dance_006,D06_P007_T01,P007,26.7,70.6,70.7,146.1,poses/diffs\dance_006\D06_P007_T01_diff.npy,256,25,khop_dong_tac,False
dance_006,D06_P008_T01,P008,24.4,78.0,88.8,159.9,poses/diffs\dance_006\D06_P008_T01_diff.npy,256,25,khop_dong_tac,False
dance_006,D06_P009_T01,P009,36.3,80.5,92.5,182.4,poses/diffs\dance_006\D06_P009_T01_diff.npy,256,25,khop_dong_tac,False
dance_006,D06_P010_T01,P010,34.3,76.1,89.7,173.7,poses/diffs\dance_006\D06_P010_T01_diff.npy,256,25,khop_dong_tac,False
dance_006,D06_P011_T01,P011,37.3,78.0,83.9,176.4,poses/diffs\dance_006\D06_P011_T01_diff.npy,256,25,khop_dong_tac,False
dance_006,D06_P013_T01,P013,39.8,81.5,93.6,189.3,poses/diffs\dance_006\D06_P013_T01_diff.npy,256,25,khop_dong_tac,False
dance_006,D06_P014_T01,P014,46.1,81.5,92.3,198.0,poses/diffs\dance_006\D06_P014_T01_diff.npy,256,25,khop_dong_tac,False
dance_006,D06_P015_T01,P015,44.8,79.2,92.4,193.8,poses/diffs\dance_006\D06_P015_T01_diff.npy,256,25,khop_dong_tac,False
dance_006,D06_P016_T01,P016,33.9,77.9,98.6,180.0,poses/diffs\dance_006\D06_P016_T01_diff.npy,256,25,khop_dong_tac,False
dance_006,D06_P017_T01,P017,49.9,79.3,92.0,201.6,poses/diffs\dance_006\D06_P017_T01_diff.npy,256,25,khop_dong_tac,False
dance_006,D06_P018_T01,P018,44.2,80.5,96.9,197.1,poses/diffs\dance_006\D06_P018_T01_diff.npy,256,25,khop_dong_tac,False
dance_006,D06_P019_T01,P019,46.5,80.0,88.3,194.7,poses/diffs\dance_006\D06_P019_T01_diff.npy,256,25,khop_dong_tac,False
dance_006,D06_P020_T01,P020,51.7,79.8,96.6,207.3,poses/diffs\dance_006\D06_P020_T01_diff.npy,256,25,khop_dong_tac,False
dance_007,D07_P002_T01,P002,46.8,76.4,71.6,181.8,poses/diffs\dance_007\D07_P002_T01_diff.npy,256,25,khop_dong_tac,False
dance_007,D07_P003_T01,P003,52.6,81.2,84.3,202.5,poses/diffs\dance_007\D07_P003_T01_diff.npy,256,25,khop_dong_tac,False
dance_007,D07_P004_T01,P004,41.1,72.6,94.8,183.9,poses/diffs\dance_007\D07_P004_T01_diff.npy,256,25,khop_dong_tac,False
dance_007,D07_P005_T01,P005,37.6,70.5,85.5,171.0,poses/diffs\dance_007\D07_P005_T01_diff.npy,256,25,khop_dong_tac,False
dance_007,D07_P006_T01,P006,50.9,77.9,89.4,200.1,poses/diffs\dance_007\D07_P006_T01_diff.npy,256,25,khop_dong_tac,False
dance_007,D07_P008_T01,P008,44.4,76.4,92.3,190.8,poses/diffs\dance_007\D07_P008_T01_diff.npy,256,25,khop_dong_tac,False
dance_007,D07_P009_T01,P009,49.6,76.3,88.5,196.2,poses/diffs\dance_007\D07_P009_T01_diff.npy,256,25,khop_dong_tac,False
dance_007,D07_P010_T01,P010,46.6,63.0,93.2,182.4,poses/diffs\dance_007\D07_P010_T01_diff.npy,256,25,khop_dong_tac,False
dance_007,D07_P011_T01,P011,26.8,69.6,80.5,151.2,poses/diffs\dance_007\D07_P011_T01_diff.npy,256,25,khop_dong_tac,False
dance_007,D07_P012_T01,P012,40.4,77.5,71.0,172.8,poses/diffs\dance_007\D07_P012_T01_diff.npy,256,25,khop_dong_tac,False
dance_007,D07_P013_T01,P013,26.5,71.5,91.6,159.0,poses/diffs\dance_007\D07_P013_T01_diff.npy,256,25,khop_dong_tac,False
dance_007,D07_P014_T01,P014,30.6,72.0,89.8,164.7,poses/diffs\dance_007\D07_P014_T01_diff.npy,256,25,khop_dong_tac,False
dance_007,D07_P015_T01,P015,50.0,75.7,91.5,198.0,poses/diffs\dance_007\D07_P015_T01_diff.npy,256,25,khop_dong_tac,False
dance_007,D07_P016_T01,P016,30.4,66.9,93.8,162.0,poses/diffs\dance_007\D07_P016_T01_diff.npy,256,25,khop_dong_tac,False
dance_007,D07_P017_T01,P017,45.0,75.8,98.0,194.4,poses/diffs\dance_007\D07_P017_T01_diff.npy,256,25,khop_dong_tac,False
dance_007,D07_P018_T01,P018,44.0,75.0,78.9,180.9,poses/diffs\dance_007\D07_P018_T01_diff.npy,256,25,khop_dong_tac,False
dance_007,D07_P019_T01,P019,46.1,75.9,93.1,193.2,poses/diffs\dance_007\D07_P019_T01_diff.npy,256,25,khop_dong_tac,False
dance_007,D07_P020_T01,P020,51.8,76.3,82.1,195.6,poses/diffs\dance_007\D07_P020_T01_diff.npy,256,25,khop_dong_tac,False
dance_008,D08_P002_T01,P002,34.5,80.1,78.4,171.0,poses/diffs\dance_008\D08_P002_T01_diff.npy,256,25,khop_dong_tac,False
dance_008,D08_P003_T01,P003,33.0,78.4,81.8,169.2,poses/diffs\dance_008\D08_P003_T01_diff.npy,256,25,khop_dong_tac,False
dance_008,D08_P004_T01,P004,41.6,81.7,92.8,191.7,poses/diffs\dance_008\D08_P004_T01_diff.npy,256,25,khop_dong_tac,False
dance_008,D08_P005_T01,P005,40.1,82.5,78.7,181.5,poses/diffs\dance_008\D08_P005_T01_diff.npy,256,25,khop_dong_tac,False
dance_008,D08_P006_T01,P006,31.0,76.9,30.3,133.8,poses/diffs\dance_008\D08_P006_T01_diff.npy,256,25,khop_dong_tac,False
dance_008,D08_P007_T01,P007,33.3,77.8,77.7,166.5,poses/diffs\dance_008\D08_P007_T01_diff.npy,256,25,khop_dong_tac,False
dance_008,D08_P008_T01,P008,30.9,78.1,88.1,169.5,poses/diffs\dance_008\D08_P008_T01_diff.npy,256,25,khop_dong_tac,False
dance_008,D08_P009_T01,P009,36.1,78.7,92.6,180.6,poses/diffs\dance_008\D08_P009_T01_diff.npy,256,25,khop_dong_tac,False
dance_008,D08_P010_T01,P010,47.4,82.3,97.7,203.7,poses/diffs\dance_008\D08_P010_T01_diff.npy,256,25,khop_dong_tac,False
dance_008,D08_P011_T01,P011,45.1,83.8,94.0,199.5,poses/diffs\dance_008\D08_P011_T01_diff.npy,256,25,khop_dong_tac,False
dance_008,D08_P012_T01,P012,36.2,78.1,80.3,172.8,poses/diffs\dance_008\D08_P012_T01_diff.npy,256,25,khop_dong_tac,False
dance_008,D08_P013_T01,P013,42.2,82.3,91.7,192.3,poses/diffs\dance_008\D08_P013_T01_diff.npy,256,25,khop_dong_tac,False
dance_008,D08_P014_T01,P014,33.1,78.4,75.7,165.6,poses/diffs\dance_008\D08_P014_T01_diff.npy,256,25,khop_dong_tac,False
dance_008,D08_P015_T01,P015,41.0,77.9,95.8,189.0,poses/diffs\dance_008\D08_P015_T01_diff.npy,256,25,khop_dong_tac,False
dance_008,D08_P016_T01,P016,33.3,78.0,67.0,160.5,poses/diffs\dance_008\D08_P016_T01_diff.npy,256,25,khop_dong_tac,False
dance_008,D08_P017_T01,P017,39.4,80.1,92.9,186.9,poses/diffs\dance_008\D08_P017_T01_diff.npy,256,25,khop_dong_tac,False
dance_008,D08_P018_T01,P018,36.8,80.8,93.5,184.2,poses/diffs\dance_008\D08_P018_T01_diff.npy,256,25,khop_dong_tac,False
dance_008,D08_P019_T01,P019,51.3,83.7,80.1,200.4,poses/diffs\dance_008\D08_P019_T01_diff.npy,256,25,khop_dong_tac,False
dance_008,D08_P020_T01,P020,40.2,80.9,95.3,190.2,poses/diffs\dance_008\D08_P020_T01_diff.npy,256,25,khop_dong_tac,False
dance_009,D09_P002_T01,P002,9.2,65.4,65.1,111.6,poses/diffs\dance_009\D09_P002_T01_diff.npy,256,25,khop_dong_tac,False
dance_009,D09_P003_T01,P003,7.4,70.6,77.5,121.2,poses/diffs\dance_009\D09_P003_T01_diff.npy,256,25,khop_dong_tac,False
dance_009,D09_P004_T01,P004,20.3,76.7,83.2,149.4,poses/diffs\dance_009\D09_P004_T01_diff.npy,256,25,khop_dong_tac,False
dance_009,D09_P005_T01,P005,20.0,74.0,79.9,144.6,poses/diffs\dance_009\D09_P005_T01_diff.npy,256,25,khop_dong_tac,False
dance_009,D09_P006_T01,P006,15.2,71.5,85.8,138.6,poses/diffs\dance_009\D09_P006_T01_diff.npy,256,25,khop_dong_tac,False
dance_009,D09_P008_T01,P008,22.3,70.5,78.2,144.0,poses/diffs\dance_009\D09_P008_T01_diff.npy,256,25,khop_dong_tac,False
dance_009,D09_P009_T01,P009,21.6,73.2,80.3,146.4,poses/diffs\dance_009\D09_P009_T01_diff.npy,256,25,khop_dong_tac,False
dance_009,D09_P010_T01,P010,16.9,72.5,74.3,135.0,poses/diffs\dance_009\D09_P010_T01_diff.npy,256,25,khop_dong_tac,False
dance_009,D09_P011_T01,P011,14.9,72.0,72.5,130.8,poses/diffs\dance_009\D09_P011_T01_diff.npy,256,25,khop_dong_tac,False
dance_009,D09_P013_T01,P013,10.3,67.9,73.6,120.6,poses/diffs\dance_009\D09_P013_T01_diff.npy,256,25,khop_dong_tac,False
dance_009,D09_P014_T01,P014,24.6,75.8,77.3,151.5,poses/diffs\dance_009\D09_P014_T01_diff.npy,256,25,khop_dong_tac,False
dance_009,D09_P015_T01,P015,14.6,71.4,77.0,132.3,poses/diffs\dance_009\D09_P015_T01_diff.npy,256,25,khop_dong_tac,False
dance_009,D09_P016_T01,P016,21.9,74.2,85.0,150.6,poses/diffs\dance_009\D09_P016_T01_diff.npy,256,25,khop_dong_tac,False
dance_009,D09_P017_T01,P017,19.3,76.4,87.9,150.6,poses/diffs\dance_009\D09_P017_T01_diff.npy,256,25,khop_dong_tac,False
dance_009,D09_P018_T01,P018,17.1,69.6,72.6,131.7,poses/diffs\dance_009\D09_P018_T01_diff.npy,256,25,khop_dong_tac,False
dance_009,D09_P019_T01,P019,22.7,75.8,73.7,146.4,poses/diffs\dance_009\D09_P019_T01_diff.npy,256,25,khop_dong_tac,False
dance_009,D09_P020_T01,P020,18.0,74.0,76.3,139.5,poses/diffs\dance_009\D09_P020_T01_diff.npy,256,25,khop_dong_tac,False
dance_010,D10_P002_T01,P002,21.2,74.4,72.5,142.2,poses/diffs\dance_010\D10_P002_T01_diff.npy,256,25,khop_dong_tac,False
dance_010,D10_P003_T01,P003,38.4,78.3,91.6,183.0,poses/diffs\dance_010\D10_P003_T01_diff.npy,256,25,khop_dong_tac,False
dance_010,D10_P004_T01,P004,29.8,79.2,95.5,173.4,poses/diffs\dance_010\D10_P004_T01_diff.npy,256,25,khop_dong_tac,False
dance_010,D10_P005_T01,P005,26.3,78.3,92.5,165.6,poses/diffs\dance_010\D10_P005_T01_diff.npy,256,25,khop_dong_tac,False
dance_010,D10_P006_T01,P006,33.9,81.2,84.9,174.6,poses/diffs\dance_010\D10_P006_T01_diff.npy,256,25,khop_dong_tac,False
dance_010,D10_P008_T01,P008,35.9,78.2,91.4,179.1,poses/diffs\dance_010\D10_P008_T01_diff.npy,256,25,khop_dong_tac,False
dance_010,D10_P009_T01,P009,35.9,80.9,80.5,174.9,poses/diffs\dance_010\D10_P009_T01_diff.npy,256,25,khop_dong_tac,False
dance_010,D10_P010_T01,P010,49.8,78.0,85.1,195.9,poses/diffs\dance_010\D10_P010_T01_diff.npy,256,25,khop_dong_tac,False
dance_010,D10_P011_T01,P011,42.6,80.6,77.8,183.0,poses/diffs\dance_010\D10_P011_T01_diff.npy,256,25,khop_dong_tac,False
dance_010,D10_P012_T01,P012,22.4,76.5,75.4,147.6,poses/diffs\dance_010\D10_P012_T01_diff.npy,256,25,khop_dong_tac,False
dance_010,D10_P013_T01,P013,29.1,80.3,88.5,168.9,poses/diffs\dance_010\D10_P013_T01_diff.npy,256,25,khop_dong_tac,False
dance_010,D10_P014_T01,P014,26.9,74.7,95.4,164.7,poses/diffs\dance_010\D10_P014_T01_diff.npy,256,25,khop_dong_tac,False
dance_010,D10_P015_T01,P015,29.4,77.1,96.4,171.3,poses/diffs\dance_010\D10_P015_T01_diff.npy,256,25,khop_dong_tac,False
dance_010,D10_P016_T01,P016,38.2,78.9,96.3,186.0,poses/diffs\dance_010\D10_P016_T01_diff.npy,256,25,khop_dong_tac,False
dance_010,D10_P017_T01,P017,28.2,79.0,95.1,170.4,poses/diffs\dance_010\D10_P017_T01_diff.npy,256,25,khop_dong_tac,False
dance_010,D10_P018_T01,P018,49.3,81.5,85.4,198.6,poses/diffs\dance_010\D10_P018_T01_diff.npy,256,25,khop_dong_tac,False
dance_010,D10_P019_T01,P019,41.2,80.9,87.3,186.9,poses/diffs\dance_010\D10_P019_T01_diff.npy,256,25,khop_dong_tac,False
dance_010,D10_P020_T01,P020,28.7,80.2,90.0,169.2,poses/diffs\dance_010\D10_P020_T01_diff.npy,256,25,khop_dong_tac,False
dance_011,D11_P003_T01,P003,45.3,83.2,87.2,195.0,poses/diffs\dance_011\D11_P003_T01_diff.npy,256,25,khop_dong_tac,False
dance_011,D11_P004_T01,P004,39.7,78.1,94.4,186.6,poses/diffs\dance_011\D11_P004_T01_diff.npy,256,25,khop_dong_tac,False
dance_011,D11_P005_T01,P005,29.3,76.2,84.0,162.9,poses/diffs\dance_011\D11_P005_T01_diff.npy,256,25,khop_dong_tac,False
dance_011,D11_P006_T01,P006,43.6,79.5,96.7,195.0,poses/diffs\dance_011\D11_P006_T01_diff.npy,256,25,khop_dong_tac,False
dance_011,D11_P007_T01,P007,22.5,72.8,73.3,143.1,poses/diffs\dance_011\D11_P007_T01_diff.npy,256,25,khop_dong_tac,False
dance_011,D11_P008_T01,P008,27.9,72.4,93.0,162.9,poses/diffs\dance_011\D11_P008_T01_diff.npy,256,25,khop_dong_tac,False
dance_011,D11_P009_T01,P009,37.1,81.2,91.9,183.9,poses/diffs\dance_011\D11_P009_T01_diff.npy,256,25,khop_dong_tac,False
dance_011,D11_P010_T01,P010,52.0,79.3,93.3,205.5,poses/diffs\dance_011\D11_P010_T01_diff.npy,256,25,khop_dong_tac,False
dance_011,D11_P011_T01,P011,52.3,81.7,85.9,203.7,poses/diffs\dance_011\D11_P011_T01_diff.npy,256,25,khop_dong_tac,False
dance_011,D11_P012_T01,P012,21.4,70.1,73.3,139.2,poses/diffs\dance_011\D11_P012_T01_diff.npy,256,25,khop_dong_tac,False
dance_011,D11_P013_T01,P013,43.6,81.6,86.3,190.5,poses/diffs\dance_011\D11_P013_T01_diff.npy,256,25,khop_dong_tac,False
dance_011,D11_P014_T01,P014,49.9,83.4,94.4,206.7,poses/diffs\dance_011\D11_P014_T01_diff.npy,256,25,khop_dong_tac,False
dance_011,D11_P015_T01,P015,41.8,77.9,97.8,191.4,poses/diffs\dance_011\D11_P015_T01_diff.npy,256,25,khop_dong_tac,False
dance_011,D11_P016_T01,P016,30.3,75.2,82.3,162.3,poses/diffs\dance_011\D11_P016_T01_diff.npy,256,25,khop_dong_tac,False
dance_011,D11_P017_T01,P017,45.3,82.0,91.9,196.8,poses/diffs\dance_011\D11_P017_T01_diff.npy,256,25,khop_dong_tac,False
dance_011,D11_P018_T01,P018,43.4,79.5,93.6,192.9,poses/diffs\dance_011\D11_P018_T01_diff.npy,256,25,khop_dong_tac,False
dance_011,D11_P019_T01,P019,42.9,82.0,92.1,193.5,poses/diffs\dance_011\D11_P019_T01_diff.npy,256,25,khop_dong_tac,False
dance_011,D11_P020_T01,P020,40.2,81.6,95.5,191.1,poses/diffs\dance_011\D11_P020_T01_diff.npy,256,25,khop_dong_tac,False
dance_012,D12_P003_T01,P003,41.7,73.5,86.4,180.6,poses/diffs\dance_012\D12_P003_T01_diff.npy,256,25,khop_dong_tac,False
dance_012,D12_P004_T01,P004,40.3,74.2,96.2,184.8,poses/diffs\dance_012\D12_P004_T01_diff.npy,256,25,khop_dong_tac,False
dance_012,D12_P005_T01,P005,40.4,80.3,98.7,192.0,poses/diffs\dance_012\D12_P005_T01_diff.npy,256,25,khop_dong_tac,False
dance_012,D12_P006_T01,P006,39.5,75.7,98.7,186.6,poses/diffs\dance_012\D12_P006_T01_diff.npy,256,25,khop_dong_tac,False
dance_012,D12_P008_T01,P008,13.1,73.9,98.7,145.2,poses/diffs\dance_012\D12_P008_T01_diff.npy,256,25,khop_dong_tac,False
dance_012,D12_P009_T01,P009,44.0,80.1,90.1,192.0,poses/diffs\dance_012\D12_P009_T01_diff.npy,256,25,khop_dong_tac,False
dance_012,D12_P010_T01,P010,45.7,73.7,81.9,183.9,poses/diffs\dance_012\D12_P010_T01_diff.npy,256,25,khop_dong_tac,False
dance_012,D12_P011_T01,P011,46.3,76.8,77.7,185.4,poses/diffs\dance_012\D12_P011_T01_diff.npy,256,25,khop_dong_tac,False
dance_012,D12_P012_T01,P012,29.7,73.4,71.6,153.6,poses/diffs\dance_012\D12_P012_T01_diff.npy,256,25,khop_dong_tac,False
dance_012,D12_P013_T01,P013,38.1,77.7,88.1,180.0,poses/diffs\dance_012\D12_P013_T01_diff.npy,256,25,khop_dong_tac,False
dance_012,D12_P014_T01,P014,44.5,76.0,94.5,192.0,poses/diffs\dance_012\D12_P014_T01_diff.npy,256,25,khop_dong_tac,False
dance_012,D12_P015_T01,P015,45.1,80.3,88.7,193.2,poses/diffs\dance_012\D12_P015_T01_diff.npy,256,25,khop_dong_tac,False
dance_012,D12_P016_T01,P016,28.2,79.0,95.9,170.7,poses/diffs\dance_012\D12_P016_T01_diff.npy,256,25,khop_dong_tac,False
dance_012,D12_P017_T01,P017,39.6,75.1,93.9,183.3,poses/diffs\dance_012\D12_P017_T01_diff.npy,256,25,khop_dong_tac,False
dance_012,D12_P018_T01,P018,41.1,80.2,85.9,185.4,poses/diffs\dance_012\D12_P018_T01_diff.npy,256,25,khop_dong_tac,False
dance_012,D12_P019_T01,P019,41.9,78.2,96.2,190.8,poses/diffs\dance_012\D12_P019_T01_diff.npy,256,25,khop_dong_tac,False
dance_012,D12_P020_T01,P020,50.9,82.1,97.1,208.5,poses/diffs\dance_012\D12_P020_T01_diff.npy,256,25,khop_dong_tac,False
