epoch,train_loss,train_mae,train_pearson,val_loss,val_mae,val_pearson,lr_head,phase
1,0.2869355334935944,26.726831894754714,-0.15602827934753177,0.12732030013028314,15.072875338442186,-0.10119204300485105,0.001,freeze
2,0.14140902146127055,13.492499153470732,-0.03556367892338537,0.11351491730002795,13.742490200435414,0.17499360936006475,0.001,freeze
3,0.13416814877361546,13.461138674470245,-0.05786166061561808,0.07066646174472921,9.304690974600176,0.20952038319296903,0.001,freeze
4,0.1091623483378379,10.941247340759944,0.07614097061233585,0.059324979343835044,8.232733344330507,0.3084051137317822,0.001,freeze
5,0.1098236664722526,11.198656089970322,0.05260811999306658,0.0674602003658519,9.021011345526752,0.45582848205950155,0.001,freeze
6,0.10570130957280352,10.9382466866019,0.08264156728412289,0.06465916006880648,8.647791778340059,0.5150078261594573,0.001,full
7,0.10707928346154469,10.98687433805622,0.11549280765946915,0.05722546270665001,7.977203411214492,0.4952152380074337,0.001,full
8,0.10396500188307684,10.709118387086795,0.2046091590177714,0.05168331754119957,7.395447702968822,0.5019659900327742,0.001,full
9,0.08825528874097625,9.385448368520684,0.35271090440856573,0.04631806077326045,6.875101082465228,0.6115999565058002,0.001,full
10,0.09686307120518606,10.144272202351054,0.19877963430513565,0.043758577941095125,6.583466775277081,0.6311253560402209,0.001,full
11,0.10458364427252545,10.922199455115313,0.1959599238033859,0.039403648937449735,6.076505078988917,0.6878103286287603,0.001,full
12,0.08730598636826531,9.41781658943885,0.3405002051972859,0.04051723046337857,6.0321033000946045,0.651395231890107,0.001,full
13,0.0894368696001058,9.546491975992755,0.33932394372384483,0.045685790917452646,6.803826724781709,0.6353014721940384,0.001,full
14,0.08136837302498479,8.774102760142968,0.3506677012079521,0.04732229735921411,6.8662090336575226,0.7142485060078495,0.001,full
15,0.0809107381300848,8.8399833994485,0.4580087360167718,0.04341127372839872,6.478048510411206,0.6486726096730773,0.0005,full
16,0.09023984928762978,9.596901513188262,0.39599855885368057,0.0389882296542911,5.784097752150367,0.6831401890868628,0.0005,full
17,0.0862363823206047,9.310285641195996,0.37794555971082394,0.03882443565217888,5.850890103508444,0.7056281767855448,0.0005,full
18,0.08035859787236146,8.811947589363557,0.41554601855770246,0.03689831615809132,5.7154500309158776,0.7122598710028484,0.0005,full
19,0.0692771987104025,7.65852022692154,0.5212989997744432,0.037445415413993245,5.80461314495872,0.7154021540376131,0.0005,full
20,0.07619732848363496,8.248383604763635,0.4588675323429852,0.037384762702619326,5.916375097106485,0.706588086027798,0.0005,full
21,0.07722352730120466,8.492574730857473,0.4690463667350716,0.03668217295232941,5.673183062497308,0.7310620297249341,0.0005,full
22,0.07935240066768041,8.806718747472502,0.43494601048873793,0.038253992357674765,5.832846988649929,0.6958165731766585,0.0005,full
23,0.07547018501927943,8.284538495736044,0.4752997592282018,0.04046159621108981,6.210377900039449,0.6670409932284785,0.0005,full
24,0.08586812357270653,9.38497970664436,0.36490490821643423,0.03576295264065266,5.604062536183526,0.7322131566524382,0.0005,full
25,0.07368358908618083,8.142781550766992,0.49345875117139704,0.0342989376581767,5.535785766208873,0.7364795152264921,0.0005,full
26,0.07493182060008492,8.165387898846403,0.453489793860325,0.03577113239204183,5.584164752679713,0.7364437293016329,0.0005,full
27,0.06583663898576153,7.294175729074113,0.6198240171234728,0.039859777426018435,6.132173362900229,0.704479596586391,0.0005,full
28,0.07679338675867664,8.325403407623208,0.4993201578155425,0.04235734593342332,6.303904862964854,0.6711350099062545,0.0005,full
29,0.07338878960231614,8.0028235912323,0.5228194719124256,0.039018829791423154,6.008036960573757,0.7057683682734913,0.00025,full
30,0.06774927626867763,7.407917253306655,0.5811280449186796,0.03764084551264258,5.939366186366362,0.7154697532470936,0.00025,full
31,0.07439323799694822,8.287850641162018,0.48976965378534787,0.035746182917672044,5.713823174729066,0.7290822311336376,0.00025,full
32,0.06800988676850914,7.67392182285017,0.517879453010135,0.034827877712600375,5.527075686875512,0.7395921666604756,0.00025,full
33,0.07123804177905692,7.891317729741497,0.5398332285039719,0.03990754726178506,6.139856927535114,0.6900066133131179,0.000125,full
34,0.06965401479618145,7.735010476711669,0.5040399968072058,0.039563192602466137,6.05773794300416,0.7210175459094743,0.000125,full
35,0.06832917637186624,7.718547901820616,0.5459740217909067,0.0369953818838386,5.893535824383006,0.7236706116816508,0.000125,full
