dance_id,video_id,diff_path,mean_abs_diff,used_dtw,skipped
dance_001,D01_P001_T01,poses/diffs\dance_001\D01_P001_T01_diff.npy,0.4413524568080902,True,True
dance_001,D01_P002_T01,poses/diffs\dance_001\D01_P002_T01_diff.npy,0.5772860646247864,True,True
dance_001,D01_P003_T01,poses/diffs\dance_001\D01_P003_T01_diff.npy,0.0,True,True
dance_001,D01_P004_T01,poses/diffs\dance_001\D01_P004_T01_diff.npy,0.5772860646247864,True,True
dance_001,D01_P005_T01,poses/diffs\dance_001\D01_P005_T01_diff.npy,0.6599147915840149,True,True
dance_001,D01_P006_T01,poses/diffs\dance_001\D01_P006_T01_diff.npy,0.5640162825584412,True,True
dance_001,D01_P007_T01,poses/diffs\dance_001\D01_P007_T01_diff.npy,0.652016282081604,True,True
dance_001,D01_P008_T01,poses/diffs\dance_001\D01_P008_T01_diff.npy,0.6711054444313049,True,True
dance_001,D01_P009_T01,poses/diffs\dance_001\D01_P009_T01_diff.npy,0.7112346887588501,True,True
dance_001,D01_P010_T01,poses/diffs\dance_001\D01_P010_T01_diff.npy,0.7546059489250183,True,True
dance_001,D01_P011_T01,poses/diffs\dance_001\D01_P011_T01_diff.npy,0.6905249953269958,True,True
dance_001,D01_P013_T01,poses/diffs\dance_001\D01_P013_T01_diff.npy,0.6934173107147217,True,True
dance_001,D01_P014_T01,poses/diffs\dance_001\D01_P014_T01_diff.npy,0.6016658544540405,True,True
dance_001,D01_P015_T01,poses/diffs\dance_001\D01_P015_T01_diff.npy,0.7462284564971924,True,True
dance_001,D01_P016_T01,poses/diffs\dance_001\D01_P016_T01_diff.npy,0.6020220518112183,True,True
dance_001,D01_P017_T01,poses/diffs\dance_001\D01_P017_T01_diff.npy,0.63941890001297,True,True
dance_001,D01_P018_T01,poses/diffs\dance_001\D01_P018_T01_diff.npy,0.6404358744621277,True,True
dance_001,D01_P019_T01,poses/diffs\dance_001\D01_P019_T01_diff.npy,0.6586055755615234,True,True
dance_001,D01_P020_T01,poses/diffs\dance_001\D01_P020_T01_diff.npy,0.660743236541748,True,True
dance_002,D02_P002_T01,poses/diffs\dance_002\D02_P002_T01_diff.npy,0.7857314944267273,True,True
dance_002,D02_P003_T01,poses/diffs\dance_002\D02_P003_T01_diff.npy,0.7513851523399353,True,True
dance_002,D02_P004_T01,poses/diffs\dance_002\D02_P004_T01_diff.npy,0.85810387134552,True,True
dance_002,D02_P005_T01,poses/diffs\dance_002\D02_P005_T01_diff.npy,0.5451673269271851,True,True
dance_002,D02_P006_T01,poses/diffs\dance_002\D02_P006_T01_diff.npy,0.5499690175056458,True,True
dance_002,D02_P007_T01,poses/diffs\dance_002\D02_P007_T01_diff.npy,0.8144553899765015,True,True
dance_002,D02_P008_T01,poses/diffs\dance_002\D02_P008_T01_diff.npy,0.7884090542793274,True,True
dance_002,D02_P009_T01,poses/diffs\dance_002\D02_P009_T01_diff.npy,0.821666955947876,True,True
dance_002,D02_P010_T01,poses/diffs\dance_002\D02_P010_T01_diff.npy,0.5900176167488098,True,True
dance_002,D02_P011_T01,poses/diffs\dance_002\D02_P011_T01_diff.npy,0.6491925716400146,True,True
dance_002,D02_P012_T01,poses/diffs\dance_002\D02_P012_T01_diff.npy,0.5623752474784851,True,True
dance_002,D02_P013_T01,poses/diffs\dance_002\D02_P013_T01_diff.npy,0.6742627620697021,True,True
dance_002,D02_P014_T01,poses/diffs\dance_002\D02_P014_T01_diff.npy,0.6704532504081726,True,True
dance_002,D02_P015_T01,poses/diffs\dance_002\D02_P015_T01_diff.npy,0.8988322019577026,True,True
dance_002,D02_P016_T01,poses/diffs\dance_002\D02_P016_T01_diff.npy,0.7782375812530518,True,True
dance_002,D02_P017_T01,poses/diffs\dance_002\D02_P017_T01_diff.npy,0.9848628044128418,True,True
dance_002,D02_P018_T01,poses/diffs\dance_002\D02_P018_T01_diff.npy,0.7604921460151672,True,True
dance_002,D02_P019_T01,poses/diffs\dance_002\D02_P019_T01_diff.npy,0.722743034362793,True,True
dance_002,D02_P020_T01,poses/diffs\dance_002\D02_P020_T01_diff.npy,0.8211016654968262,True,True
dance_003,D03_P002_T01,poses/diffs\dance_003\D03_P002_T01_diff.npy,0.44046178460121155,True,True
dance_003,D03_P003_T01,poses/diffs\dance_003\D03_P003_T01_diff.npy,0.5831077694892883,True,True
dance_003,D03_P004_T01,poses/diffs\dance_003\D03_P004_T01_diff.npy,0.33194872736930847,True,True
dance_003,D03_P005_T01,poses/diffs\dance_003\D03_P005_T01_diff.npy,0.5588675737380981,True,True
dance_003,D03_P006_T01,poses/diffs\dance_003\D03_P006_T01_diff.npy,0.3479509949684143,True,True
dance_003,D03_P008_T01,poses/diffs\dance_003\D03_P008_T01_diff.npy,0.734448254108429,True,True
dance_003,D03_P009_T01,poses/diffs\dance_003\D03_P009_T01_diff.npy,0.4598829448223114,True,True
dance_003,D03_P010_T01,poses/diffs\dance_003\D03_P010_T01_diff.npy,0.7818153500556946,True,True
dance_003,D03_P011_T01,poses/diffs\dance_003\D03_P011_T01_diff.npy,0.3042793273925781,True,True
dance_003,D03_P012_T01,poses/diffs\dance_003\D03_P012_T01_diff.npy,0.4181184470653534,True,True
dance_003,D03_P013_T01,poses/diffs\dance_003\D03_P013_T01_diff.npy,0.31983882188796997,True,True
dance_003,D03_P014_T01,poses/diffs\dance_003\D03_P014_T01_diff.npy,0.4058302044868469,True,True
dance_003,D03_P015_T01,poses/diffs\dance_003\D03_P015_T01_diff.npy,0.40906164050102234,True,True
dance_003,D03_P016_T01,poses/diffs\dance_003\D03_P016_T01_diff.npy,0.48249486088752747,True,True
dance_003,D03_P017_T01,poses/diffs\dance_003\D03_P017_T01_diff.npy,0.3052235543727875,True,True
dance_003,D03_P018_T01,poses/diffs\dance_003\D03_P018_T01_diff.npy,0.4395939111709595,True,True
dance_003,D03_P019_T01,poses/diffs\dance_003\D03_P019_T01_diff.npy,0.3256572186946869,True,True
dance_003,D03_P020_T01,poses/diffs\dance_003\D03_P020_T01_diff.npy,0.37299105525016785,True,True
dance_004,D04_P002_T01,poses/diffs\dance_004\D04_P002_T01_diff.npy,0.4411066472530365,True,True
dance_004,D04_P003_T01,poses/diffs\dance_004\D04_P003_T01_diff.npy,0.543323814868927,True,True
dance_004,D04_P004_T01,poses/diffs\dance_004\D04_P004_T01_diff.npy,0.35041236877441406,True,True
dance_004,D04_P005_T01,poses/diffs\dance_004\D04_P005_T01_diff.npy,0.46797946095466614,True,True
dance_004,D04_P006_T01,poses/diffs\dance_004\D04_P006_T01_diff.npy,0.46673384308815,True,True
dance_004,D04_P008_T01,poses/diffs\dance_004\D04_P008_T01_diff.npy,0.5867082476615906,True,True
dance_004,D04_P009_T01,poses/diffs\dance_004\D04_P009_T01_diff.npy,0.6475768089294434,True,True
dance_004,D04_P010_T01,poses/diffs\dance_004\D04_P010_T01_diff.npy,0.5142608284950256,True,True
dance_004,D04_P011_T01,poses/diffs\dance_004\D04_P011_T01_diff.npy,0.3329761028289795,True,True
dance_004,D04_P012_T01,poses/diffs\dance_004\D04_P012_T01_diff.npy,0.4508337378501892,True,True
dance_004,D04_P013_T01,poses/diffs\dance_004\D04_P013_T01_diff.npy,0.46045851707458496,True,True
dance_004,D04_P014_T01,poses/diffs\dance_004\D04_P014_T01_diff.npy,0.4689091742038727,True,True
dance_004,D04_P015_T01,poses/diffs\dance_004\D04_P015_T01_diff.npy,0.5809137225151062,True,True
dance_004,D04_P016_T01,poses/diffs\dance_004\D04_P016_T01_diff.npy,0.5927507877349854,True,True
dance_004,D04_P017_T01,poses/diffs\dance_004\D04_P017_T01_diff.npy,0.9243093132972717,True,True
dance_004,D04_P018_T01,poses/diffs\dance_004\D04_P018_T01_diff.npy,0.47778698801994324,True,True
dance_004,D04_P019_T01,poses/diffs\dance_004\D04_P019_T01_diff.npy,0.71767657995224,True,True
dance_004,D04_P020_T01,poses/diffs\dance_004\D04_P020_T01_diff.npy,0.5050269961357117,True,True
dance_005,D05_P002_T01,poses/diffs\dance_005\D05_P002_T01_diff.npy,0.46469566226005554,True,True
dance_005,D05_P003_T01,poses/diffs\dance_005\D05_P003_T01_diff.npy,0.3256025016307831,True,True
dance_005,D05_P004_T01,poses/diffs\dance_005\D05_P004_T01_diff.npy,0.4631699025630951,True,True
dance_005,D05_P005_T01,poses/diffs\dance_005\D05_P005_T01_diff.npy,0.7830278873443604,True,True
dance_005,D05_P006_T01,poses/diffs\dance_005\D05_P006_T01_diff.npy,0.42974233627319336,True,True
dance_005,D05_P007_T01,poses/diffs\dance_005\D05_P007_T01_diff.npy,0.4331188201904297,True,True
dance_005,D05_P008_T01,poses/diffs\dance_005\D05_P008_T01_diff.npy,0.7490360736846924,True,True
dance_005,D05_P009_T01,poses/diffs\dance_005\D05_P009_T01_diff.npy,0.4398716986179352,True,True
dance_005,D05_P010_T01,poses/diffs\dance_005\D05_P010_T01_diff.npy,0.514475405216217,True,True
dance_005,D05_P011_T01,poses/diffs\dance_005\D05_P011_T01_diff.npy,0.5840249061584473,True,True
dance_005,D05_P012_T01,poses/diffs\dance_005\D05_P012_T01_diff.npy,0.5399946570396423,True,True
dance_005,D05_P013_T01,poses/diffs\dance_005\D05_P013_T01_diff.npy,0.33018630743026733,True,True
dance_005,D05_P014_T01,poses/diffs\dance_005\D05_P014_T01_diff.npy,0.6052254438400269,True,True
dance_005,D05_P015_T01,poses/diffs\dance_005\D05_P015_T01_diff.npy,0.41654056310653687,True,True
dance_005,D05_P016_T01,poses/diffs\dance_005\D05_P016_T01_diff.npy,0.6049656271934509,True,True
dance_005,D05_P017_T01,poses/diffs\dance_005\D05_P017_T01_diff.npy,0.7318969368934631,True,True
dance_005,D05_P018_T01,poses/diffs\dance_005\D05_P018_T01_diff.npy,0.45715224742889404,True,True
dance_005,D05_P019_T01,poses/diffs\dance_005\D05_P019_T01_diff.npy,0.3849673271179199,True,True
dance_005,D05_P020_T01,poses/diffs\dance_005\D05_P020_T01_diff.npy,0.42306026816368103,True,True
dance_006,D06_P003_T01,poses/diffs\dance_006\D06_P003_T01_diff.npy,0.6323988437652588,True,True
dance_006,D06_P004_T01,poses/diffs\dance_006\D06_P004_T01_diff.npy,0.6336366534233093,True,True
dance_006,D06_P005_T01,poses/diffs\dance_006\D06_P005_T01_diff.npy,0.6064515113830566,True,True
dance_006,D06_P006_T01,poses/diffs\dance_006\D06_P006_T01_diff.npy,0.6281507611274719,True,True
dance_006,D06_P007_T01,poses/diffs\dance_006\D06_P007_T01_diff.npy,0.7418503761291504,True,True
dance_006,D06_P008_T01,poses/diffs\dance_006\D06_P008_T01_diff.npy,0.6925488114356995,True,True
dance_006,D06_P009_T01,poses/diffs\dance_006\D06_P009_T01_diff.npy,0.6473808288574219,True,True
dance_006,D06_P010_T01,poses/diffs\dance_006\D06_P010_T01_diff.npy,0.6735939383506775,True,True
dance_006,D06_P011_T01,poses/diffs\dance_006\D06_P011_T01_diff.npy,0.48038002848625183,True,True
dance_006,D06_P013_T01,poses/diffs\dance_006\D06_P013_T01_diff.npy,0.5369529724121094,True,True
dance_006,D06_P014_T01,poses/diffs\dance_006\D06_P014_T01_diff.npy,0.637275755405426,True,True
dance_006,D06_P015_T01,poses/diffs\dance_006\D06_P015_T01_diff.npy,0.6972900032997131,True,True
dance_006,D06_P016_T01,poses/diffs\dance_006\D06_P016_T01_diff.npy,0.6063583493232727,True,True
dance_006,D06_P017_T01,poses/diffs\dance_006\D06_P017_T01_diff.npy,0.6594569683074951,True,True
dance_006,D06_P018_T01,poses/diffs\dance_006\D06_P018_T01_diff.npy,0.589762806892395,True,True
dance_006,D06_P019_T01,poses/diffs\dance_006\D06_P019_T01_diff.npy,0.6031845808029175,True,True
dance_006,D06_P020_T01,poses/diffs\dance_006\D06_P020_T01_diff.npy,0.6639203429222107,True,True
dance_007,D07_P002_T01,poses/diffs\dance_007\D07_P002_T01_diff.npy,0.3952581286430359,True,True
dance_007,D07_P003_T01,poses/diffs\dance_007\D07_P003_T01_diff.npy,0.3307880461215973,True,True
dance_007,D07_P004_T01,poses/diffs\dance_007\D07_P004_T01_diff.npy,0.6404459476470947,True,True
dance_007,D07_P005_T01,poses/diffs\dance_007\D07_P005_T01_diff.npy,0.47463515400886536,True,True
dance_007,D07_P006_T01,poses/diffs\dance_007\D07_P006_T01_diff.npy,0.3435010313987732,True,True
dance_007,D07_P008_T01,poses/diffs\dance_007\D07_P008_T01_diff.npy,0.44840383529663086,True,True
dance_007,D07_P009_T01,poses/diffs\dance_007\D07_P009_T01_diff.npy,0.3896492123603821,True,True
dance_007,D07_P010_T01,poses/diffs\dance_007\D07_P010_T01_diff.npy,0.4432600140571594,True,True
dance_007,D07_P011_T01,poses/diffs\dance_007\D07_P011_T01_diff.npy,0.5599320530891418,True,True
dance_007,D07_P012_T01,poses/diffs\dance_007\D07_P012_T01_diff.npy,0.4250256419181824,True,True
dance_007,D07_P013_T01,poses/diffs\dance_007\D07_P013_T01_diff.npy,0.4537374675273895,True,True
dance_007,D07_P014_T01,poses/diffs\dance_007\D07_P014_T01_diff.npy,0.5272824764251709,True,True
dance_007,D07_P015_T01,poses/diffs\dance_007\D07_P015_T01_diff.npy,0.46697798371315,True,True
dance_007,D07_P016_T01,poses/diffs\dance_007\D07_P016_T01_diff.npy,0.6361161470413208,True,True
dance_007,D07_P017_T01,poses/diffs\dance_007\D07_P017_T01_diff.npy,0.4058005213737488,True,True
dance_007,D07_P018_T01,poses/diffs\dance_007\D07_P018_T01_diff.npy,0.4297715723514557,True,True
dance_007,D07_P019_T01,poses/diffs\dance_007\D07_P019_T01_diff.npy,0.565578281879425,True,True
dance_007,D07_P020_T01,poses/diffs\dance_007\D07_P020_T01_diff.npy,0.3810978829860687,True,True
dance_008,D08_P002_T01,poses/diffs\dance_008\D08_P002_T01_diff.npy,0.6352912187576294,True,True
dance_008,D08_P003_T01,poses/diffs\dance_008\D08_P003_T01_diff.npy,0.5937042236328125,True,True
dance_008,D08_P004_T01,poses/diffs\dance_008\D08_P004_T01_diff.npy,0.6022987961769104,True,True
dance_008,D08_P005_T01,poses/diffs\dance_008\D08_P005_T01_diff.npy,0.5914590954780579,True,True
dance_008,D08_P006_T01,poses/diffs\dance_008\D08_P006_T01_diff.npy,0.5253922939300537,True,True
dance_008,D08_P007_T01,poses/diffs\dance_008\D08_P007_T01_diff.npy,0.6750301718711853,True,True
dance_008,D08_P008_T01,poses/diffs\dance_008\D08_P008_T01_diff.npy,0.6670101881027222,True,True
dance_008,D08_P009_T01,poses/diffs\dance_008\D08_P009_T01_diff.npy,0.6318138837814331,True,True
dance_008,D08_P010_T01,poses/diffs\dance_008\D08_P010_T01_diff.npy,0.5094934105873108,True,True
dance_008,D08_P011_T01,poses/diffs\dance_008\D08_P011_T01_diff.npy,0.5053849816322327,True,True
dance_008,D08_P012_T01,poses/diffs\dance_008\D08_P012_T01_diff.npy,0.6454923152923584,True,True
dance_008,D08_P013_T01,poses/diffs\dance_008\D08_P013_T01_diff.npy,0.5361807346343994,True,True
dance_008,D08_P014_T01,poses/diffs\dance_008\D08_P014_T01_diff.npy,0.5919549465179443,True,True
dance_008,D08_P015_T01,poses/diffs\dance_008\D08_P015_T01_diff.npy,0.73997962474823,True,True
dance_008,D08_P016_T01,poses/diffs\dance_008\D08_P016_T01_diff.npy,0.5547924041748047,True,True
dance_008,D08_P017_T01,poses/diffs\dance_008\D08_P017_T01_diff.npy,0.6491636037826538,True,True
dance_008,D08_P018_T01,poses/diffs\dance_008\D08_P018_T01_diff.npy,0.6626908183097839,True,True
dance_008,D08_P019_T01,poses/diffs\dance_008\D08_P019_T01_diff.npy,0.5856887698173523,True,True
dance_008,D08_P020_T01,poses/diffs\dance_008\D08_P020_T01_diff.npy,0.6456013321876526,True,True
dance_009,D09_P002_T01,poses/diffs\dance_009\D09_P002_T01_diff.npy,0.6919283866882324,True,True
dance_009,D09_P003_T01,poses/diffs\dance_009\D09_P003_T01_diff.npy,0.6718010902404785,True,True
dance_009,D09_P004_T01,poses/diffs\dance_009\D09_P004_T01_diff.npy,0.6117168664932251,True,True
dance_009,D09_P005_T01,poses/diffs\dance_009\D09_P005_T01_diff.npy,0.5402562022209167,True,True
dance_009,D09_P006_T01,poses/diffs\dance_009\D09_P006_T01_diff.npy,0.5307139158248901,True,True
dance_009,D09_P008_T01,poses/diffs\dance_009\D09_P008_T01_diff.npy,0.6017195582389832,True,True
dance_009,D09_P009_T01,poses/diffs\dance_009\D09_P009_T01_diff.npy,0.4918542802333832,True,True
dance_009,D09_P010_T01,poses/diffs\dance_009\D09_P010_T01_diff.npy,0.6663481593132019,True,True
dance_009,D09_P011_T01,poses/diffs\dance_009\D09_P011_T01_diff.npy,0.5759556889533997,True,True
dance_009,D09_P013_T01,poses/diffs\dance_009\D09_P013_T01_diff.npy,0.5071697235107422,True,True
dance_009,D09_P014_T01,poses/diffs\dance_009\D09_P014_T01_diff.npy,0.5452011823654175,True,True
dance_009,D09_P015_T01,poses/diffs\dance_009\D09_P015_T01_diff.npy,0.8046875,True,True
dance_009,D09_P016_T01,poses/diffs\dance_009\D09_P016_T01_diff.npy,0.557640016078949,True,True
dance_009,D09_P017_T01,poses/diffs\dance_009\D09_P017_T01_diff.npy,0.5716906189918518,True,True
dance_009,D09_P018_T01,poses/diffs\dance_009\D09_P018_T01_diff.npy,0.5899477601051331,True,True
dance_009,D09_P019_T01,poses/diffs\dance_009\D09_P019_T01_diff.npy,0.5177618265151978,True,True
dance_009,D09_P020_T01,poses/diffs\dance_009\D09_P020_T01_diff.npy,0.5810374021530151,True,True
dance_010,D10_P002_T01,poses/diffs\dance_010\D10_P002_T01_diff.npy,0.49338188767433167,True,True
dance_010,D10_P003_T01,poses/diffs\dance_010\D10_P003_T01_diff.npy,0.5670863389968872,True,True
dance_010,D10_P004_T01,poses/diffs\dance_010\D10_P004_T01_diff.npy,0.6143438220024109,True,True
dance_010,D10_P005_T01,poses/diffs\dance_010\D10_P005_T01_diff.npy,0.6089441180229187,True,True
dance_010,D10_P006_T01,poses/diffs\dance_010\D10_P006_T01_diff.npy,0.5182245373725891,True,True
dance_010,D10_P008_T01,poses/diffs\dance_010\D10_P008_T01_diff.npy,0.536250650882721,True,True
dance_010,D10_P009_T01,poses/diffs\dance_010\D10_P009_T01_diff.npy,0.5357001423835754,True,True
dance_010,D10_P010_T01,poses/diffs\dance_010\D10_P010_T01_diff.npy,0.5478417873382568,True,True
dance_010,D10_P011_T01,poses/diffs\dance_010\D10_P011_T01_diff.npy,0.40794554352760315,True,True
dance_010,D10_P012_T01,poses/diffs\dance_010\D10_P012_T01_diff.npy,0.5959374904632568,True,True
dance_010,D10_P013_T01,poses/diffs\dance_010\D10_P013_T01_diff.npy,0.5519695281982422,True,True
dance_010,D10_P014_T01,poses/diffs\dance_010\D10_P014_T01_diff.npy,0.5561732649803162,True,True
dance_010,D10_P015_T01,poses/diffs\dance_010\D10_P015_T01_diff.npy,0.6743311882019043,True,True
dance_010,D10_P016_T01,poses/diffs\dance_010\D10_P016_T01_diff.npy,0.4766872525215149,True,True
dance_010,D10_P017_T01,poses/diffs\dance_010\D10_P017_T01_diff.npy,0.38503801822662354,True,True
dance_010,D10_P018_T01,poses/diffs\dance_010\D10_P018_T01_diff.npy,0.38882794976234436,True,True
dance_010,D10_P019_T01,poses/diffs\dance_010\D10_P019_T01_diff.npy,0.5757829546928406,True,True
dance_010,D10_P020_T01,poses/diffs\dance_010\D10_P020_T01_diff.npy,0.4994414448738098,True,True
dance_011,D11_P003_T01,poses/diffs\dance_011\D11_P003_T01_diff.npy,0.42932501435279846,True,True
dance_011,D11_P004_T01,poses/diffs\dance_011\D11_P004_T01_diff.npy,0.4575904607772827,True,True
dance_011,D11_P005_T01,poses/diffs\dance_011\D11_P005_T01_diff.npy,0.7055280804634094,True,True
dance_011,D11_P006_T01,poses/diffs\dance_011\D11_P006_T01_diff.npy,0.3827369511127472,True,True
dance_011,D11_P007_T01,poses/diffs\dance_011\D11_P007_T01_diff.npy,0.4577992260456085,True,True
dance_011,D11_P008_T01,poses/diffs\dance_011\D11_P008_T01_diff.npy,0.4623311161994934,True,True
dance_011,D11_P009_T01,poses/diffs\dance_011\D11_P009_T01_diff.npy,0.40720105171203613,True,True
dance_011,D11_P010_T01,poses/diffs\dance_011\D11_P010_T01_diff.npy,0.7296345233917236,True,True
dance_011,D11_P011_T01,poses/diffs\dance_011\D11_P011_T01_diff.npy,0.337647020816803,True,True
dance_011,D11_P012_T01,poses/diffs\dance_011\D11_P012_T01_diff.npy,0.44869205355644226,True,True
dance_011,D11_P013_T01,poses/diffs\dance_011\D11_P013_T01_diff.npy,0.3117305338382721,True,True
dance_011,D11_P014_T01,poses/diffs\dance_011\D11_P014_T01_diff.npy,0.3231123387813568,True,True
dance_011,D11_P015_T01,poses/diffs\dance_011\D11_P015_T01_diff.npy,0.4062650799751282,True,True
dance_011,D11_P016_T01,poses/diffs\dance_011\D11_P016_T01_diff.npy,0.37931710481643677,True,True
dance_011,D11_P017_T01,poses/diffs\dance_011\D11_P017_T01_diff.npy,0.4209037721157074,True,True
dance_011,D11_P018_T01,poses/diffs\dance_011\D11_P018_T01_diff.npy,0.34931480884552,True,True
dance_011,D11_P019_T01,poses/diffs\dance_011\D11_P019_T01_diff.npy,0.3495699167251587,True,True
dance_011,D11_P020_T01,poses/diffs\dance_011\D11_P020_T01_diff.npy,0.42349764704704285,True,True
dance_012,D12_P003_T01,poses/diffs\dance_012\D12_P003_T01_diff.npy,0.5148552060127258,True,True
dance_012,D12_P004_T01,poses/diffs\dance_012\D12_P004_T01_diff.npy,0.43294429779052734,True,True
dance_012,D12_P005_T01,poses/diffs\dance_012\D12_P005_T01_diff.npy,0.585103452205658,True,True
dance_012,D12_P006_T01,poses/diffs\dance_012\D12_P006_T01_diff.npy,0.4847833514213562,True,True
dance_012,D12_P008_T01,poses/diffs\dance_012\D12_P008_T01_diff.npy,0.666526734828949,True,True
dance_012,D12_P009_T01,poses/diffs\dance_012\D12_P009_T01_diff.npy,0.39544644951820374,True,True
dance_012,D12_P010_T01,poses/diffs\dance_012\D12_P010_T01_diff.npy,0.6843158006668091,True,True
dance_012,D12_P011_T01,poses/diffs\dance_012\D12_P011_T01_diff.npy,0.4103301763534546,True,True
dance_012,D12_P012_T01,poses/diffs\dance_012\D12_P012_T01_diff.npy,0.44432705640792847,True,True
dance_012,D12_P013_T01,poses/diffs\dance_012\D12_P013_T01_diff.npy,0.4593386948108673,True,True
dance_012,D12_P014_T01,poses/diffs\dance_012\D12_P014_T01_diff.npy,0.6036226153373718,True,True
dance_012,D12_P015_T01,poses/diffs\dance_012\D12_P015_T01_diff.npy,0.4303330183029175,True,True
dance_012,D12_P016_T01,poses/diffs\dance_012\D12_P016_T01_diff.npy,0.5039414763450623,True,True
dance_012,D12_P017_T01,poses/diffs\dance_012\D12_P017_T01_diff.npy,0.4214809834957123,True,True
dance_012,D12_P018_T01,poses/diffs\dance_012\D12_P018_T01_diff.npy,0.4021535813808441,True,True
dance_012,D12_P019_T01,poses/diffs\dance_012\D12_P019_T01_diff.npy,0.34367087483406067,True,True
dance_012,D12_P020_T01,poses/diffs\dance_012\D12_P020_T01_diff.npy,0.39345014095306396,True,True
